#include "home_assets.h"

/* Generated by tools/generate_home_assets.py from native Figma exports. */

static const LV_ATTRIBUTE_MEM_ALIGN LV_ATTRIBUTE_LARGE_CONST uint8_t home_icon_view_img_map[] = {
    0xff, 0x3c, 0xff, 0xff, 0x3c, 0xff, 0xff, 0x3c, 0xff, 0xff, 0x3c, 0xff, 0xff, 0x3c, 0xff, 0xff, 0x3c, 0xff, 0xff, 0x3c, 0xff, 0xff, 0x3c, 0xff,
    0xff, 0x3c, 0xff, 0xff, 0x3c, 0xff, 0xff, 0x3c, 0xff, 0xff, 0x3c, 0xff, 0xff, 0x3c, 0xff, 0xff, 0x3c, 0xff, 0xff, 0x3c, 0xff, 0xff, 0x3c, 0xff,
    0xff, 0x3c, 0xff, 0xff, 0x3c, 0xff, 0xff, 0x3c, 0xff, 0xff, 0x3c, 0xff, 0xff, 0x3c, 0xff, 0xff, 0x3c, 0xff, 0xff, 0x3c, 0xff, 0xff, 0x3c, 0xff,
    0xff, 0x3c, 0xff, 0xff, 0x3c, 0xff, 0xff, 0x3c, 0xff, 0xff, 0x3c, 0xff, 0xff, 0x3c, 0xff, 0xff, 0x3c, 0xff, 0xff, 0x3c, 0xff, 0xff, 0x3c, 0xff,
    0xff, 0x3c, 0xff, 0xff, 0x3c, 0xff, 0xff, 0x3c, 0xff, 0xff, 0x3c, 0xff, 0xff, 0x3c, 0xff, 0xff, 0x3c, 0xff, 0xff, 0x3c, 0xff, 0xff, 0x3c, 0xff,
    0xff, 0x3c, 0xff, 0xff, 0x3c, 0xff, 0xff, 0x3c, 0xff, 0xff, 0x3c, 0xff, 0xff, 0x3c, 0xff, 0xff, 0x3c, 0xff, 0xff, 0x3c, 0xff, 0xff, 0x3c, 0xff,
    0xff, 0x3c, 0xff, 0xff, 0x3c, 0xff, 0xff, 0x3c, 0xff, 0xff, 0x3c, 0xff, 0xff, 0x3c, 0xff, 0xff, 0x3c, 0xff, 0xff, 0x3c, 0xff, 0xff, 0x3c, 0xff,
    0xff, 0x3c, 0xff, 0xff, 0x3c, 0xff, 0xff, 0x3c, 0xff, 0xff, 0x3c, 0xff, 0xff, 0x3c, 0xff, 0xff, 0x3c, 0xff, 0xff, 0x3c, 0xff, 0xff, 0x3c, 0xff,
    0xff, 0x3c, 0xff, 0xff, 0x3c, 0xff, 0xff, 0x3c, 0xff, 0xff, 0x3c, 0xff, 0xff, 0x3c, 0xff, 0xff, 0x3c, 0xff, 0xff, 0x3c, 0xff, 0xff, 0x3c, 0xff,
    0xff, 0x3c, 0xff, 0xff, 0x3c, 0xff, 0xff, 0x3c, 0xff, 0xff, 0x3c, 0xff, 0xff, 0x3c, 0xff, 0xff, 0x3c, 0xff, 0xff, 0x3c, 0xff, 0xff, 0x3c, 0xff,
    0xff, 0x3c, 0xff, 0xff, 0x3c, 0xff, 0xff, 0x3c, 0xff, 0xff, 0x3c, 0xff, 0xff, 0x3c, 0xff, 0xff, 0x3c, 0xff, 0xff, 0x3c, 0xff, 0xff, 0x3c, 0xff,
    0xff, 0x3c, 0xff, 0xff, 0x3c, 0xff, 0xff, 0x3c, 0xff, 0xff, 0x3c, 0xff, 0xff, 0x3c, 0xff, 0xff, 0x3c, 0xff, 0xff, 0x3c, 0xff, 0xff, 0x3c, 0xff,
    0xff, 0x3c, 0xff, 0xff, 0x3c, 0xff, 0xff, 0x3c, 0xff, 0xff, 0x3c, 0xff, 0xff, 0x3c, 0xff, 0xff, 0x3c, 0xff, 0xff, 0x3c, 0xff, 0xff, 0x3c, 0xff,
    0xff, 0x3c, 0xff, 0xff, 0x3c, 0xff, 0xff, 0x3c, 0xff, 0xff, 0x3c, 0xff, 0xff, 0x3c, 0xff, 0xff, 0x3c, 0xff, 0xff, 0x3c, 0xff, 0xff, 0x3c, 0xff,
    0xff, 0x3c, 0xff, 0xff, 0x3c, 0xff, 0xff, 0x3c, 0xff, 0xff, 0x3c, 0xff, 0xff, 0x3c, 0xff, 0xff, 0x3c, 0xff, 0xff, 0x3c, 0xff, 0xff, 0x3c, 0xff,
    0xff, 0x3c, 0xff, 0xff, 0x3c, 0xff, 0xff, 0x3c, 0xff, 0xff, 0x3c, 0xff, 0xff, 0x3c, 0xff, 0xff, 0x3c, 0xff, 0xff, 0x3c, 0xff, 0xff, 0x3c, 0xff,
    0xff, 0x3c, 0xff, 0xff, 0x3c, 0xff, 0xff, 0x3c, 0xff, 0xff, 0x3c, 0xff, 0xff, 0x3c, 0xff, 0xff, 0x3c, 0xff, 0xff, 0x3c, 0xff, 0xff, 0x3c, 0xff,
    0xff, 0x3c, 0xff, 0xff, 0x3c, 0xff, 0xff, 0x3c, 0xff, 0xff, 0x3c, 0xff, 0xff, 0x3c, 0xff, 0xff, 0x3c, 0xff, 0xff, 0x3c, 0xff, 0xff, 0x3c, 0xff,
    0xff, 0x3c, 0xff, 0xff, 0x3c, 0xff, 0xff, 0x3c, 0xff, 0xff, 0x3c, 0xff, 0xff, 0x3c, 0xff, 0xff, 0x3c, 0xff, 0xff, 0x3c, 0xff, 0xff, 0x3c, 0xff,
    0xff, 0x3c, 0xff, 0xff, 0x3c, 0xff, 0xff, 0x3c, 0xff, 0xff, 0x3c, 0xff, 0xff, 0x3c, 0xff, 0xff, 0x3c, 0xff, 0xff, 0x3c, 0xff, 0xff, 0x3c, 0xff,
    0xff, 0x3c, 0xff, 0xff, 0x3c, 0xff, 0xff, 0x3c, 0xff, 0xff, 0x3c, 0xff, 0xff, 0x3c, 0xff, 0xff, 0x3c, 0xff, 0xff, 0x3c, 0xff, 0xff, 0x3c, 0xff,
    0xff, 0x3c, 0xff, 0xff, 0x3c, 0xff, 0xff, 0x3c, 0xff, 0xff, 0x3c, 0xff, 0xff, 0x3c, 0xff, 0xff, 0x3c, 0xff, 0xff, 0x3c, 0xff, 0xff, 0x3c, 0xff,
    0xff, 0x3c, 0xff, 0xff, 0x3c, 0xff, 0xff, 0x3c, 0xff, 0xff, 0x3c, 0xff, 0xff, 0x3c, 0xff, 0xff, 0x3c, 0xff, 0xff, 0x3c, 0xff, 0xff, 0x3c, 0xff,
    0xff, 0x3c, 0xff, 0xff, 0x3c, 0xff, 0xff, 0x3c, 0xff, 0xff, 0x3c, 0xff, 0xff, 0x3c, 0xff, 0xff, 0x3c, 0xff, 0xff, 0x3c, 0xff, 0xff, 0x3c, 0xff,
    0xff, 0x3c, 0xff, 0xff, 0x3c, 0xff, 0xff, 0x3c, 0xff, 0xff, 0x3c, 0xff, 0xff, 0x3c, 0xff, 0xff, 0x3c, 0xff, 0xff, 0x3c, 0xff, 0xff, 0x3c, 0xff,
    0xff, 0x3c, 0xff, 0xff, 0x3c, 0xff, 0xff, 0x3c, 0xff, 0xff, 0x3c, 0xff, 0xff, 0x3c, 0xff, 0xff, 0x3c, 0xff, 0xff, 0x3c, 0xff, 0xff, 0x3c, 0xff,
    0xff, 0x3c, 0xff, 0xff, 0x3c, 0xff, 0xff, 0x3c, 0xff, 0xff, 0x3c, 0xff, 0xff, 0x3c, 0xff, 0xff, 0x3c, 0xff, 0xff, 0x3c, 0xff, 0xff, 0x3c, 0xff,
    0xff, 0x3c, 0xff, 0xff, 0x3c, 0xff, 0xff, 0x3c, 0xff, 0xff, 0x3c, 0xff, 0xff, 0x3c, 0xff, 0xff, 0x3c, 0xff, 0xff, 0x3c, 0xff, 0xff, 0x3c, 0xff,
    0xff, 0x3c, 0xff, 0xff, 0x3c, 0xff, 0xff, 0x3c, 0xff, 0xff, 0x3c, 0xff, 0xff, 0x3c, 0xff, 0xff, 0x3c, 0xff, 0xff, 0x3c, 0xff, 0xff, 0x3c, 0xff,
    0xff, 0x3c, 0xff, 0xff, 0x3c, 0xff, 0xff, 0x3c, 0xff, 0xff, 0x3c, 0xff, 0xff, 0x3c, 0xff, 0xff, 0x3c, 0xff, 0xff, 0x3c, 0xff, 0xff, 0x3c, 0xff,
    0xff, 0x3c, 0xff, 0xff, 0x3c, 0xff, 0xff, 0x3c, 0xff, 0xff, 0x3c, 0xff, 0xff, 0x3c, 0xff, 0xff, 0x3c, 0xff, 0xff, 0x3c, 0xff, 0xff, 0x3c, 0xff,
    0xff, 0x3c, 0xff, 0xff, 0x3c, 0xff, 0xff, 0x3c, 0xff, 0xff, 0x3c, 0xff, 0xff, 0x3c, 0xff, 0xff, 0x3c, 0xff, 0xff, 0x3c, 0xff, 0xff, 0x3c, 0xff,
    0xff, 0x3c, 0xff, 0xff, 0x3c, 0xff, 0xff, 0x3c, 0xff, 0xff, 0x3c, 0xff, 0xff, 0x3c, 0xff, 0xff, 0x3c, 0xff, 0xff, 0x3c, 0xff, 0xff, 0x3c, 0xff,
    0xff, 0x3c, 0xff, 0xff, 0x3c, 0xff, 0xff, 0x3c, 0xff, 0xff, 0x3c, 0xff, 0xff, 0x3c, 0xff, 0xff, 0x3c, 0xff, 0xff, 0x3c, 0xff, 0xff, 0x3c, 0xff,
    0xff, 0x3c, 0xff, 0xff, 0x3c, 0xff, 0xff, 0x3c, 0xff, 0xff, 0x3c, 0xff, 0xff, 0x3c, 0xff, 0xff, 0x3c, 0xff, 0xff, 0x3c, 0xff, 0xff, 0x3c, 0xff,
    0xff, 0x3c, 0xff, 0xff, 0x3c, 0xff, 0xff, 0x3c, 0xff, 0xff, 0x3c, 0xff, 0xfe, 0x18, 0xff, 0xfc, 0xd3, 0xff, 0xfc, 0xd3, 0xff, 0xfc, 0xd3, 0xff,
    0xfc, 0xd3, 0xff, 0xfc, 0xd3, 0xff, 0xfc, 0xd3, 0xff, 0xfc, 0xd3, 0xff, 0xfc, 0xd3, 0xff, 0xfc, 0xd3, 0xff, 0xfc, 0xd3, 0xff, 0xfc, 0xd3, 0xff,
    0xfc, 0xd3, 0xff, 0xfc, 0xd3, 0xff, 0xfc, 0xd3, 0xff, 0xfc, 0xd3, 0xff, 0xfc, 0xd3, 0xff, 0xfc, 0xd3, 0xff, 0xfc, 0xd3, 0xff, 0xfc, 0xd3, 0xff,
    0xfd, 0xb6, 0xff, 0xff, 0x3c, 0xff, 0xff, 0x3c, 0xff, 0xff, 0x3c, 0xff, 0xff, 0x3c, 0xff, 0xff, 0x3c, 0xff, 0xff, 0x3c, 0xff, 0xff, 0x3c, 0xff,
    0xff, 0x3c, 0xff, 0xff, 0x3c, 0xff, 0xff, 0x3c, 0xff, 0xff, 0x3c, 0xff, 0xff, 0x3c, 0xff, 0xff, 0x3c, 0xff, 0xff, 0x3c, 0xff, 0xff, 0x3c, 0xff,
    0xff, 0x3c, 0xff, 0xff, 0x3c, 0xff, 0xfe, 0x9a, 0xff, 0xf3, 0x2d, 0xff, 0xf2, 0x49, 0xff, 0xf2, 0x49, 0xff, 0xf2, 0x49, 0xff, 0xf2, 0x49, 0xff,
    0xf2, 0x49, 0xff, 0xf2, 0x49, 0xff, 0xf2, 0x49, 0xff, 0xf2, 0x49, 0xff, 0xf2, 0x49, 0xff, 0xf2, 0x49, 0xff, 0xf2, 0x49, 0xff, 0xf2, 0x49, 0xff,
    0xf2, 0x49, 0xff, 0xf2, 0x49, 0xff, 0xf2, 0x49, 0xff, 0xf2, 0x49, 0xff, 0xf2, 0x49, 0xff, 0xf2, 0x49, 0xff, 0xf2, 0x49, 0xff, 0xf2, 0x49, 0xff,
    0xf2, 0x49, 0xff, 0xf2, 0xeb, 0xff, 0xfe, 0xba, 0xff, 0xff, 0x3c, 0xff, 0xff, 0x3c, 0xff, 0xff, 0x3c, 0xff, 0xff, 0x3c, 0xff, 0xff, 0x3c, 0xff,
    0xff, 0x3c, 0xff, 0xff, 0x3c, 0xff, 0xff, 0x3c, 0xff, 0xff, 0x3c, 0xff, 0xff, 0x3c, 0xff, 0xff, 0x3c, 0xff, 0xff, 0x3c, 0xff, 0xff, 0x3c, 0xff,
    0xff, 0x3c, 0xff, 0xff, 0x3c, 0xff, 0xfc, 0x30, 0xff, 0xf2, 0x49, 0xff, 0xf2, 0x49, 0xff, 0xf2, 0x49, 0xff, 0xf2, 0x49, 0xff, 0xf2, 0x49, 0xff,
    0xf2, 0x49, 0xff, 0xf2, 0x49, 0xff, 0xf2, 0x49, 0xff, 0xf2, 0x49, 0xff, 0xf2, 0x49, 0xff, 0xf2, 0x49, 0xff, 0xf2, 0x49, 0xff, 0xf2, 0x49, 0xff,
    0xf2, 0x49, 0xff, 0xf2, 0x49, 0xff, 0xf2, 0x49, 0xff, 0xf2, 0x49, 0xff, 0xf2, 0x49, 0xff, 0xf2, 0x49, 0xff, 0xf2, 0x49, 0xff, 0xf2, 0x49, 0xff,
    0xf2, 0x49, 0xff, 0xf2, 0x49, 0xff, 0xf3, 0x8e, 0xff, 0xff, 0x3c, 0xff, 0xff, 0x3c, 0xff, 0xff, 0x3c, 0xff, 0xff, 0x3c, 0xff, 0xff, 0x3c, 0xff,
    0xff, 0x3c, 0xff, 0xff, 0x3c, 0xff, 0xff, 0x3c, 0xff, 0xff, 0x3c, 0xff, 0xff, 0x3c, 0xff, 0xff, 0x3c, 0xff, 0xff, 0x3c, 0xff, 0xff, 0x3c, 0xff,
    0xff, 0x3c, 0xff, 0xfe, 0xfb, 0xff, 0xf2, 0x49, 0xff, 0xf2, 0x49, 0xff, 0xf2, 0x49, 0xff, 0xf2, 0x49, 0xff, 0xf2, 0x49, 0xff, 0xf2, 0x49, 0xff,
    0xf2, 0x49, 0xff, 0xf2, 0x49, 0xff, 0xf2, 0x49, 0xff, 0xf2, 0x49, 0xff, 0xf2, 0x49, 0xff, 0xf2, 0x49, 0xff, 0xf2, 0x49, 0xff, 0xf2, 0x49, 0xff,
    0xf2, 0x49, 0xff, 0xf2, 0x49, 0xff, 0xf2, 0x49, 0xff, 0xf2, 0x49, 0xff, 0xf2, 0x49, 0xff, 0xf2, 0x49, 0xff, 0xf2, 0x49, 0xff, 0xf2, 0x49, 0xff,
    0xf2, 0x49, 0xff, 0xf2, 0x49, 0xff, 0xf2, 0x49, 0xff, 0xfe, 0xba, 0xff, 0xff, 0x3c, 0xff, 0xff, 0x3c, 0xff, 0xff, 0x3c, 0xff, 0xff, 0x3c, 0xff,
    0xff, 0x3c, 0xff, 0xff, 0x3c, 0xff, 0xfe, 0xfb, 0xff, 0xfe, 0x18, 0xff, 0xff, 0x3c, 0xff, 0xff, 0x3c, 0xff, 0xff, 0x3c, 0xff, 0xff, 0x3c, 0xff,
    0xff, 0x3c, 0xff, 0xfe, 0x9a, 0xff, 0xf2, 0x49, 0xff, 0xf2, 0x49, 0xff, 0xf2, 0x49, 0xff, 0xf2, 0x49, 0xff, 0xf2, 0x49, 0xff, 0xf2, 0x49, 0xff,
    0xf2, 0x49, 0xff, 0xf2, 0x49, 0xff, 0xf2, 0x49, 0xff, 0xf2, 0x49, 0xff, 0xf2, 0x49, 0xff, 0xf2, 0x49, 0xff, 0xf2, 0x49, 0xff, 0xf2, 0x49, 0xff,
    0xf2, 0x49, 0xff, 0xf2, 0x49, 0xff, 0xf2, 0x49, 0xff, 0xf2, 0x49, 0xff, 0xf2, 0x49, 0xff, 0xf2, 0x49, 0xff, 0xf2, 0x49, 0xff, 0xf2, 0x49, 0xff,
    0xf2, 0x49, 0xff, 0xf2, 0x49, 0xff, 0xf2, 0x49, 0xff, 0xfd, 0xf8, 0xff, 0xff, 0x3c, 0xff, 0xff, 0x3c, 0xff, 0xff, 0x3c, 0xff, 0xff, 0x3c, 0xff,
    0xff, 0x3c, 0xff, 0xfd, 0x14, 0xff, 0xf2, 0x8a, 0xff, 0xf2, 0x49, 0xff, 0xf2, 0xeb, 0xff, 0xfe, 0xba, 0xff, 0xff, 0x3c, 0xff, 0xff, 0x3c, 0xff,
    0xff, 0x3c, 0xff, 0xfe, 0x9a, 0xff, 0xf2, 0x49, 0xff, 0xf2, 0x49, 0xff, 0xf2, 0x49, 0xff, 0xf2, 0x49, 0xff, 0xf2, 0x49, 0xff, 0xf2, 0x49, 0xff,
    0xf2, 0x49, 0xff, 0xf2, 0x49, 0xff, 0xf2, 0x49, 0xff, 0xf2, 0x49, 0xff, 0xf2, 0x49, 0xff, 0xf2, 0x49, 0xff, 0xf2, 0x49, 0xff, 0xf2, 0x49, 0xff,
    0xf2, 0x49, 0xff, 0xf2, 0x49, 0xff, 0xf2, 0x49, 0xff, 0xf2, 0x49, 0xff, 0xf2, 0x49, 0xff, 0xf2, 0x49, 0xff, 0xf2, 0x49, 0xff, 0xf2, 0x49, 0xff,
    0xf2, 0x49, 0xff, 0xf2, 0x49, 0xff, 0xf2, 0x49, 0xff, 0xfd, 0xf8, 0xff, 0xff, 0x3c, 0xff, 0xff, 0x3c, 0xff, 0xff, 0x3c, 0xff, 0xfe, 0x9a, 0xff,
    0xf3, 0x8e, 0xff, 0xf2, 0x49, 0xff, 0xf2, 0x49, 0xff, 0xf2, 0x49, 0xff, 0xf2, 0x49, 0xff, 0xf3, 0x8e, 0xff, 0xff, 0x3c, 0xff, 0xff, 0x3c, 0xff,
    0xff, 0x3c, 0xff, 0xfe, 0x9a, 0xff, 0xf2, 0x49, 0xff, 0xf2, 0x49, 0xff, 0xf2, 0x49, 0xff, 0xf2, 0x49, 0xff, 0xf2, 0x49, 0xff, 0xf2, 0x49, 0xff,
    0xf2, 0x49, 0xff, 0xf2, 0x49, 0xff, 0xf2, 0x49, 0xff, 0xf2, 0x49, 0xff, 0xf2, 0x49, 0xff, 0xf2, 0x49, 0xff, 0xf2, 0x49, 0xff, 0xf2, 0x49, 0xff,
    0xf2, 0x49, 0xff, 0xf2, 0x49, 0xff, 0xf2, 0x49, 0xff, 0xf2, 0x49, 0xff, 0xf2, 0x49, 0xff, 0xf2, 0x49, 0xff, 0xf2, 0x49, 0xff, 0xf2, 0x49, 0xff,
    0xf2, 0x49, 0xff, 0xf2, 0x49, 0xff, 0xf2, 0x49, 0xff, 0xfd, 0xf8, 0xff, 0xff, 0x3c, 0xff, 0xff, 0x3c, 0xff, 0xfd, 0xb6, 0xff, 0xf2, 0x8a, 0xff,
    0xf2, 0x49, 0xff, 0xf2, 0x49, 0xff, 0xf2, 0x49, 0xff, 0xf2, 0x49, 0xff, 0xf2, 0x49, 0xff, 0xf2, 0xeb, 0xff, 0xff, 0x3c, 0xff, 0xff, 0x3c, 0xff,
    0xff, 0x3c, 0xff, 0xfe, 0x9a, 0xff, 0xf2, 0x49, 0xff, 0xf2, 0x49, 0xff, 0xf2, 0x49, 0xff, 0xf2, 0x49, 0xff, 0xf2, 0x49, 0xff, 0xf2, 0x49, 0xff,
    0xf2, 0x49, 0xff, 0xf2, 0x49, 0xff, 0xf2, 0x49, 0xff, 0xf2, 0x49, 0xff, 0xf2, 0x49, 0xff, 0xf2, 0x49, 0xff, 0xf2, 0x49, 0xff, 0xf2, 0x49, 0xff,
    0xf2, 0x49, 0xff, 0xf2, 0x49, 0xff, 0xf2, 0x49, 0xff, 0xf2, 0x49, 0xff, 0xf2, 0x49, 0xff, 0xf2, 0x49, 0xff, 0xf2, 0x49, 0xff, 0xf2, 0x49, 0xff,
    0xf2, 0x49, 0xff, 0xf2, 0x49, 0xff, 0xf2, 0x49, 0xff, 0xfd, 0xf8, 0xff, 0xfe, 0xfb, 0xff, 0xfc, 0x72, 0xff, 0xf2, 0x49, 0xff, 0xf2, 0x49, 0xff,
    0xf2, 0x49, 0xff, 0xf2, 0x49, 0xff, 0xf2, 0x49, 0xff, 0xf2, 0x49, 0xff, 0xf2, 0x49, 0xff, 0xf2, 0xeb, 0xff, 0xff, 0x3c, 0xff, 0xff, 0x3c, 0xff,
    0xff, 0x3c, 0xff, 0xfe, 0x9a, 0xff, 0xf2, 0x49, 0xff, 0xf2, 0x49, 0xff, 0xf2, 0x49, 0xff, 0xf2, 0x49, 0xff, 0xf2, 0x49, 0xff, 0xf2, 0x49, 0xff,
    0xf2, 0x49, 0xff, 0xf2, 0x49, 0xff, 0xf2, 0x49, 0xff, 0xf2, 0x49, 0xff, 0xf2, 0x49, 0xff, 0xf2, 0x49, 0xff, 0xf2, 0x49, 0xff, 0xf2, 0x49, 0xff,
    0xf2, 0x49, 0xff, 0xf2, 0x49, 0xff, 0xf2, 0x49, 0xff, 0xf2, 0x49, 0xff, 0xf2, 0x49, 0xff, 0xf2, 0x49, 0xff, 0xf2, 0x49, 0xff, 0xf2, 0x49, 0xff,
    0xf2, 0x49, 0xff, 0xf2, 0x49, 0xff, 0xf2, 0x49, 0xff, 0xf4, 0xb3, 0xff, 0xf2, 0xcb, 0xff, 0xf2, 0x49, 0xff, 0xf2, 0x49, 0xff, 0xf2, 0x49, 0xff,
    0xf2, 0x49, 0xff, 0xf2, 0x49, 0xff, 0xf2, 0x49, 0xff, 0xf2, 0x49, 0xff, 0xf2, 0x49, 0xff, 0xf2, 0xeb, 0xff, 0xff, 0x3c, 0xff, 0xff, 0x3c, 0xff,
    0xff, 0x3c, 0xff, 0xfe, 0x9a, 0xff, 0xf2, 0x49, 0xff, 0xf2, 0x49, 0xff, 0xf2, 0x49, 0xff, 0xf2, 0x49, 0xff, 0xf2, 0x49, 0xff, 0xf2, 0x49, 0xff,
    0xf2, 0x49, 0xff, 0xf2, 0x49, 0xff, 0xf2, 0x49, 0xff, 0xf2, 0x49, 0xff, 0xf2, 0x49, 0xff, 0xf2, 0x49, 0xff, 0xf2, 0x49, 0xff, 0xf2, 0x49, 0xff,
    0xf2, 0x49, 0xff, 0xf2, 0x49, 0xff, 0xf2, 0x49, 0xff, 0xf2, 0x49, 0xff, 0xf2, 0x49, 0xff, 0xf2, 0x49, 0xff, 0xf2, 0x49, 0xff, 0xf2, 0x49, 0xff,
    0xf2, 0x49, 0xff, 0xf2, 0x49, 0xff, 0xf2, 0x49, 0xff, 0xf2, 0x49, 0xff, 0xf2, 0x49, 0xff, 0xf2, 0x49, 0xff, 0xf2, 0x49, 0xff, 0xf2, 0x49, 0xff,
    0xf2, 0x49, 0xff, 0xf2, 0x49, 0xff, 0xf2, 0x49, 0xff, 0xf2, 0x49, 0xff, 0xf2, 0x49, 0xff, 0xf2, 0xeb, 0xff, 0xff, 0x3c, 0xff, 0xff, 0x3c, 0xff,
    0xff, 0x3c, 0xff, 0xfe, 0x9a, 0xff, 0xf2, 0x49, 0xff, 0xf2, 0x49, 0xff, 0xf2, 0x49, 0xff, 0xf2, 0x49, 0xff, 0xf2, 0x49, 0xff, 0xf2, 0x49, 0xff,
    0xf2, 0x49, 0xff, 0xf2, 0x49, 0xff, 0xf2, 0x49, 0xff, 0xf2, 0x49, 0xff, 0xf2, 0x49, 0xff, 0xf2, 0x49, 0xff, 0xf2, 0x49, 0xff, 0xf2, 0x49, 0xff,
    0xf2, 0x49, 0xff, 0xf2, 0x49, 0xff, 0xf2, 0x49, 0xff, 0xf2, 0x49, 0xff, 0xf2, 0x49, 0xff, 0xf2, 0x49, 0xff, 0xf2, 0x49, 0xff, 0xf2, 0x49, 0xff,
    0xf2, 0x49, 0xff, 0xf2, 0x49, 0xff, 0xf2, 0x49, 0xff, 0xf2, 0x49, 0xff, 0xf2, 0x49, 0xff, 0xf2, 0x49, 0xff, 0xf2, 0x49, 0xff, 0xf2, 0x49, 0xff,
    0xf2, 0x49, 0xff, 0xf2, 0x49, 0xff, 0xf2, 0x49, 0xff, 0xf2, 0x49, 0xff, 0xf2, 0x49, 0xff, 0xf2, 0xeb, 0xff, 0xff, 0x3c, 0xff, 0xff, 0x3c, 0xff,
    0xff, 0x3c, 0xff, 0xfe, 0x9a, 0xff, 0xf2, 0x49, 0xff, 0xf2, 0x49, 0xff, 0xf2, 0x49, 0xff, 0xf2, 0x49, 0xff, 0xf2, 0x49, 0xff, 0xf2, 0x49, 0xff,
    0xf2, 0x49, 0xff, 0xf2, 0x49, 0xff, 0xf2, 0x49, 0xff, 0xf2, 0x49, 0xff, 0xf2, 0x49, 0xff, 0xf2, 0x49, 0xff, 0xf2, 0x49, 0xff, 0xf2, 0x49, 0xff,
    0xf2, 0x49, 0xff, 0xf2, 0x49, 0xff, 0xf2, 0x49, 0xff, 0xf2, 0x49, 0xff, 0xf2, 0x49, 0xff, 0xf2, 0x49, 0xff, 0xf2, 0x49, 0xff, 0xf2, 0x49, 0xff,
    0xf2, 0x49, 0xff, 0xf2, 0x49, 0xff, 0xf2, 0x49, 0xff, 0xf2, 0x49, 0xff, 0xf2, 0x49, 0xff, 0xf2, 0x49, 0xff, 0xf2, 0x49, 0xff, 0xf2, 0x49, 0xff,
    0xf2, 0x49, 0xff, 0xf2, 0x49, 0xff, 0xf2, 0x49, 0xff, 0xf2, 0x49, 0xff, 0xf2, 0x49, 0xff, 0xf2, 0xeb, 0xff, 0xff, 0x3c, 0xff, 0xff, 0x3c, 0xff,
    0xff, 0x3c, 0xff, 0xfe, 0x9a, 0xff, 0xf2, 0x49, 0xff, 0xf2, 0x49, 0xff, 0xf2, 0x49, 0xff, 0xf2, 0x49, 0xff, 0xf2, 0x49, 0xff, 0xf2, 0x49, 0xff,
    0xf2, 0x49, 0xff, 0xf2, 0x49, 0xff, 0xf2, 0x49, 0xff, 0xf2, 0x49, 0xff, 0xf2, 0x49, 0xff, 0xf2, 0x49, 0xff, 0xf2, 0x49, 0xff, 0xf2, 0x49, 0xff,
    0xf2, 0x49, 0xff, 0xf2, 0x49, 0xff, 0xf2, 0x49, 0xff, 0xf2, 0x49, 0xff, 0xf2, 0x49, 0xff, 0xf2, 0x49, 0xff, 0xf2, 0x49, 0xff, 0xf2, 0x49, 0xff,
    0xf2, 0x49, 0xff, 0xf2, 0x49, 0xff, 0xf2, 0x49, 0xff, 0xf2, 0x49, 0xff, 0xf2, 0x49, 0xff, 0xf2, 0x49, 0xff, 0xf2, 0x49, 0xff, 0xf2, 0x49, 0xff,
    0xf2, 0x49, 0xff, 0xf2, 0x49, 0xff, 0xf2, 0x49, 0xff, 0xf2, 0x49, 0xff, 0xf2, 0x49, 0xff, 0xf2, 0xeb, 0xff, 0xff, 0x3c, 0xff, 0xff, 0x3c, 0xff,
    0xff, 0x3c, 0xff, 0xfe, 0x9a, 0xff, 0xf2, 0x49, 0xff, 0xf2, 0x49, 0xff, 0xf2, 0x49, 0xff, 0xf2, 0x49, 0xff, 0xf2, 0x49, 0xff, 0xf2, 0x49, 0xff,
    0xf2, 0x49, 0xff, 0xf2, 0x49, 0xff, 0xf2, 0x49, 0xff, 0xf2, 0x49, 0xff, 0xf2, 0x49, 0xff, 0xf2, 0x49, 0xff, 0xf2, 0x49, 0xff, 0xf2, 0x49, 0xff,
    0xf2, 0x49, 0xff, 0xf2, 0x49, 0xff, 0xf2, 0x49, 0xff, 0xf2, 0x49, 0xff, 0xf2, 0x49, 0xff, 0xf2, 0x49, 0xff, 0xf2, 0x49, 0xff, 0xf2, 0x49, 0xff,
    0xf2, 0x49, 0xff, 0xf2, 0x49, 0xff, 0xf2, 0x49, 0xff, 0xf2, 0x49, 0xff, 0xf2, 0x49, 0xff, 0xf2, 0x49, 0xff, 0xf2, 0x49, 0xff, 0xf2, 0x49, 0xff,
    0xf2, 0x49, 0xff, 0xf2, 0x49, 0xff, 0xf2, 0x49, 0xff, 0xf2, 0x49, 0xff, 0xf2, 0x49, 0xff, 0xf2, 0xeb, 0xff, 0xff, 0x3c, 0xff, 0xff, 0x3c, 0xff,
    0xff, 0x3c, 0xff, 0xfe, 0x9a, 0xff, 0xf2, 0x49, 0xff, 0xf2, 0x49, 0xff, 0xf2, 0x49, 0xff, 0xf2, 0x49, 0xff, 0xf2, 0x49, 0xff, 0xf2, 0x49, 0xff,
    0xf2, 0x49, 0xff, 0xf2, 0x49, 0xff, 0xf2, 0x49, 0xff, 0xf2, 0x49, 0xff, 0xf2, 0x49, 0xff, 0xf2, 0x49, 0xff, 0xf2, 0x49, 0xff, 0xf2, 0x49, 0xff,
    0xf2, 0x49, 0xff, 0xf2, 0x49, 0xff, 0xf2, 0x49, 0xff, 0xf2, 0x49, 0xff, 0xf2, 0x49, 0xff, 0xf2, 0x49, 0xff, 0xf2, 0x49, 0xff, 0xf2, 0x49, 0xff,
    0xf2, 0x49, 0xff, 0xf2, 0x49, 0xff, 0xf2, 0x49, 0xff, 0xf2, 0x49, 0xff, 0xf2, 0x49, 0xff, 0xf2, 0x49, 0xff, 0xf2, 0x49, 0xff, 0xf2, 0x49, 0xff,
    0xf2, 0x49, 0xff, 0xf2, 0x49, 0xff, 0xf2, 0x49, 0xff, 0xf2, 0x49, 0xff, 0xf2, 0x49, 0xff, 0xf2, 0xeb, 0xff, 0xff, 0x3c, 0xff, 0xff, 0x3c, 0xff,
    0xff, 0x3c, 0xff, 0xfe, 0x9a, 0xff, 0xf2, 0x49, 0xff, 0xf2, 0x49, 0xff, 0xf2, 0x49, 0xff, 0xf2, 0x49, 0xff, 0xf2, 0x49, 0xff, 0xf2, 0x49, 0xff,
    0xf2, 0x49, 0xff, 0xf2, 0x49, 0xff, 0xf2, 0x49, 0xff, 0xf2, 0x49, 0xff, 0xf2, 0x49, 0xff, 0xf2, 0x49, 0xff, 0xf2, 0x49, 0xff, 0xf2, 0x49, 0xff,
    0xf2, 0x49, 0xff, 0xf2, 0x49, 0xff, 0xf2, 0x49, 0xff, 0xf2, 0x49, 0xff, 0xf2, 0x49, 0xff, 0xf2, 0x49, 0xff, 0xf2, 0x49, 0xff, 0xf2, 0x49, 0xff,
    0xf2, 0x49, 0xff, 0xf2, 0x49, 0xff, 0xf2, 0x49, 0xff, 0xfd, 0x75, 0xff, 0xf2, 0xeb, 0xff, 0xf2, 0x49, 0xff, 0xf2, 0x49, 0xff, 0xf2, 0x49, 0xff,
    0xf2, 0x49, 0xff, 0xf2, 0x49, 0xff, 0xf2, 0x49, 0xff, 0xf2, 0x49, 0xff, 0xf2, 0x49, 0xff, 0xf2, 0xeb, 0xff, 0xff, 0x3c, 0xff, 0xff, 0x3c, 0xff,
    0xff, 0x3c, 0xff, 0xfe, 0x9a, 0xff, 0xf2, 0x49, 0xff, 0xf2, 0x49, 0xff, 0xf2, 0x49, 0xff, 0xf2, 0x49, 0xff, 0xf2, 0x49, 0xff, 0xf2, 0x49, 0xff,
    0xf2, 0x49, 0xff, 0xf2, 0x49, 0xff, 0xf2, 0x49, 0xff, 0xf2, 0x49, 0xff, 0xf2, 0x49, 0xff, 0xf2, 0x49, 0xff, 0xf2, 0x49, 0xff, 0xf2, 0x49, 0xff,
    0xf2, 0x49, 0xff, 0xf2, 0x49, 0xff, 0xf2, 0x49, 0xff, 0xf2, 0x49, 0xff, 0xf2, 0x49, 0xff, 0xf2, 0x49, 0xff, 0xf2, 0x49, 0xff, 0xf2, 0x49, 0xff,
    0xf2, 0x49, 0xff, 0xf2, 0x49, 0xff, 0xf2, 0x49, 0xff, 0xfd, 0xf8, 0xff, 0xfe, 0x9a, 0xff, 0xfb, 0xcf, 0xff, 0xf2, 0x49, 0xff, 0xf2, 0x49, 0xff,
    0xf2, 0x49, 0xff, 0xf2, 0x49, 0xff, 0xf2, 0x49, 0xff, 0xf2, 0x49, 0xff, 0xf2, 0x49, 0xff, 0xf2, 0x49, 0xff, 0xff, 0x3c, 0xff, 0xff, 0x3c, 0xff,
    0xff, 0x3c, 0xff, 0xfe, 0x9a, 0xff, 0xf2, 0x49, 0xff, 0xf2, 0x49, 0xff, 0xf2, 0x49, 0xff, 0xf2, 0x49, 0xff, 0xf2, 0x49, 0xff, 0xf2, 0x49, 0xff,
    0xf2, 0x49, 0xff, 0xf2, 0x49, 0xff, 0xf2, 0x49, 0xff, 0xf2, 0x49, 0xff, 0xf2, 0x49, 0xff, 0xf2, 0x49, 0xff, 0xf2, 0x49, 0xff, 0xf2, 0x49, 0xff,
    0xf2, 0x49, 0xff, 0xf2, 0x49, 0xff, 0xf2, 0x49, 0xff, 0xf2, 0x49, 0xff, 0xf2, 0x49, 0xff, 0xf2, 0x49, 0xff, 0xf2, 0x49, 0xff, 0xf2, 0x49, 0xff,
    0xf2, 0x49, 0xff, 0xf2, 0x49, 0xff, 0xf2, 0x49, 0xff, 0xfd, 0xf8, 0xff, 0xff, 0x3c, 0xff, 0xff, 0x3c, 0xff, 0xfc, 0xd3, 0xff, 0xf2, 0x49, 0xff,
    0xf2, 0x49, 0xff, 0xf2, 0x49, 0xff, 0xf2, 0x49, 0xff, 0xf2, 0x49, 0xff, 0xf2, 0x49, 0xff, 0xf2, 0x49, 0xff, 0xff, 0x3c, 0xff, 0xff, 0x3c, 0xff,
    0xff, 0x3c, 0xff, 0xfe, 0x9a, 0xff, 0xf2, 0x49, 0xff, 0xf2, 0x49, 0xff, 0xf2, 0x49, 0xff, 0xf2, 0x49, 0xff, 0xf2, 0x49, 0xff, 0xf2, 0x49, 0xff,
    0xf2, 0x49, 0xff, 0xf2, 0x49, 0xff, 0xf2, 0x49, 0xff, 0xf2, 0x49, 0xff, 0xf2, 0x49, 0xff, 0xf2, 0x49, 0xff, 0xf2, 0x49, 0xff, 0xf2, 0x49, 0xff,
    0xf2, 0x49, 0xff, 0xf2, 0x49, 0xff, 0xf2, 0x49, 0xff, 0xf2, 0x49, 0xff, 0xf2, 0x49, 0xff, 0xf2, 0x49, 0xff, 0xf2, 0x49, 0xff, 0xf2, 0x49, 0xff,
    0xf2, 0x49, 0xff, 0xf2, 0x49, 0xff, 0xf2, 0x49, 0xff, 0xfd, 0xf8, 0xff, 0xff, 0x3c, 0xff, 0xff, 0x3c, 0xff, 0xff, 0x3c, 0xff, 0xfe, 0x59, 0xff,
    0xf2, 0xeb, 0xff, 0xf2, 0x49, 0xff, 0xf2, 0x49, 0xff, 0xf2, 0x49, 0xff, 0xf2, 0x49, 0xff, 0xf2, 0x8a, 0xff, 0xff, 0x3c, 0xff, 0xff, 0x3c, 0xff,
    0xff, 0x3c, 0xff, 0xfe, 0x9a, 0xff, 0xf2, 0x49, 0xff, 0xf2, 0x49, 0xff, 0xf2, 0x49, 0xff, 0xf2, 0x49, 0xff, 0xf2, 0x49, 0xff, 0xf2, 0x49, 0xff,
    0xf2, 0x49, 0xff, 0xf2, 0x49, 0xff, 0xf2, 0x49, 0xff, 0xf2, 0x49, 0xff, 0xf2, 0x49, 0xff, 0xf2, 0x49, 0xff, 0xf2, 0x49, 0xff, 0xf2, 0x49, 0xff,
    0xf2, 0x49, 0xff, 0xf2, 0x49, 0xff, 0xf2, 0x49, 0xff, 0xf2, 0x49, 0xff, 0xf2, 0x49, 0xff, 0xf2, 0x49, 0xff, 0xf2, 0x49, 0xff, 0xf2, 0x49, 0xff,
    0xf2, 0x49, 0xff, 0xf2, 0x49, 0xff, 0xf2, 0x49, 0xff, 0xfd, 0xf8, 0xff, 0xff, 0x3c, 0xff, 0xff, 0x3c, 0xff, 0xff, 0x3c, 0xff, 0xff, 0x3c, 0xff,
    0xfe, 0x9a, 0xff, 0xfb, 0x8e, 0xff, 0xf2, 0x49, 0xff, 0xf2, 0x49, 0xff, 0xf2, 0x49, 0xff, 0xf4, 0xb3, 0xff, 0xff, 0x3c, 0xff, 0xff, 0x3c, 0xff,
    0xff, 0x3c, 0xff, 0xfe, 0x9a, 0xff, 0xf2, 0x49, 0xff, 0xf2, 0x49, 0xff, 0xf2, 0x49, 0xff, 0xf2, 0x49, 0xff, 0xf2, 0x49, 0xff, 0xf2, 0x49, 0xff,
    0xf2, 0x49, 0xff, 0xf2, 0x49, 0xff, 0xf2, 0x49, 0xff, 0xf2, 0x49, 0xff, 0xf2, 0x49, 0xff, 0xf2, 0x49, 0xff, 0xf2, 0x49, 0xff, 0xf2, 0x49, 0xff,
    0xf2, 0x49, 0xff, 0xf2, 0x49, 0xff, 0xf2, 0x49, 0xff, 0xf2, 0x49, 0xff, 0xf2, 0x49, 0xff, 0xf2, 0x49, 0xff, 0xf2, 0x49, 0xff, 0xf2, 0x49, 0xff,
    0xf2, 0x49, 0xff, 0xf2, 0x49, 0xff, 0xf2, 0x49, 0xff, 0xfd, 0xf8, 0xff, 0xff, 0x3c, 0xff, 0xff, 0x3c, 0xff, 0xff, 0x3c, 0xff, 0xff, 0x3c, 0xff,
    0xff, 0x3c, 0xff, 0xff, 0x3c, 0xff, 0xfd, 0x55, 0xff, 0xfc, 0x30, 0xff, 0xfd, 0x75, 0xff, 0xff, 0x3c, 0xff, 0xff, 0x3c, 0xff, 0xff, 0x3c, 0xff,
    0xff, 0x3c, 0xff, 0xfe, 0xfb, 0xff, 0xf2, 0x8a, 0xff, 0xf2, 0x49, 0xff, 0xf2, 0x49, 0xff, 0xf2, 0x49, 0xff, 0xf2, 0x49, 0xff, 0xf2, 0x49, 0xff,
    0xf2, 0x49, 0xff, 0xf2, 0x49, 0xff, 0xf2, 0x49, 0xff, 0xf2, 0x49, 0xff, 0xf2, 0x49, 0xff, 0xf2, 0x49, 0xff, 0xf2, 0x49, 0xff, 0xf2, 0x49, 0xff,
    0xf2, 0x49, 0xff, 0xf2, 0x49, 0xff, 0xf2, 0x49, 0xff, 0xf2, 0x49, 0xff, 0xf2, 0x49, 0xff, 0xf2, 0x49, 0xff, 0xf2, 0x49, 0xff, 0xf2, 0x49, 0xff,
    0xf2, 0x49, 0xff, 0xf2, 0x49, 0xff, 0xf2, 0x49, 0xff, 0xfe, 0xfb, 0xff, 0xff, 0x3c, 0xff, 0xff, 0x3c, 0xff, 0xff, 0x3c, 0xff, 0xff, 0x3c, 0xff,
    0xff, 0x3c, 0xff, 0xff, 0x3c, 0xff, 0xff, 0x3c, 0xff, 0xff, 0x3c, 0xff, 0xff, 0x3c, 0xff, 0xff, 0x3c, 0xff, 0xff, 0x3c, 0xff, 0xff, 0x3c, 0xff,
    0xff, 0x3c, 0xff, 0xff, 0x3c, 0xff, 0xfc, 0xd3, 0xff, 0xf2, 0x49, 0xff, 0xf2, 0x49, 0xff, 0xf2, 0x49, 0xff, 0xf2, 0x49, 0xff, 0xf2, 0x49, 0xff,
    0xf2, 0x49, 0xff, 0xf2, 0x49, 0xff, 0xf2, 0x49, 0xff, 0xf2, 0x49, 0xff, 0xf2, 0x49, 0xff, 0xf2, 0x49, 0xff, 0xf2, 0x49, 0xff, 0xf2, 0x49, 0xff,
    0xf2, 0x49, 0xff, 0xf2, 0x49, 0xff, 0xf2, 0x49, 0xff, 0xf2, 0x49, 0xff, 0xf2, 0x49, 0xff, 0xf2, 0x49, 0xff, 0xf2, 0x49, 0xff, 0xf2, 0x49, 0xff,
    0xf2, 0x49, 0xff, 0xf2, 0x49, 0xff, 0xf4, 0x30, 0xff, 0xff, 0x3c, 0xff, 0xff, 0x3c, 0xff, 0xff, 0x3c, 0xff, 0xff, 0x3c, 0xff, 0xff, 0x3c, 0xff,
    0xff, 0x3c, 0xff, 0xff, 0x3c, 0xff, 0xff, 0x3c, 0xff, 0xff, 0x3c, 0xff, 0xff, 0x3c, 0xff, 0xff, 0x3c, 0xff, 0xff, 0x3c, 0xff, 0xff, 0x3c, 0xff,
    0xff, 0x3c, 0xff, 0xff, 0x3c, 0xff, 0xff, 0x3c, 0xff, 0xfc, 0x72, 0xff, 0xf2, 0x49, 0xff, 0xf2, 0x49, 0xff, 0xf2, 0x49, 0xff, 0xf2, 0x49, 0xff,
    0xf2, 0x49, 0xff, 0xf2, 0x49, 0xff, 0xf2, 0x49, 0xff, 0xf2, 0x49, 0xff, 0xf2, 0x49, 0xff, 0xf2, 0x49, 0xff, 0xf2, 0x49, 0xff, 0xf2, 0x49, 0xff,
    0xf2, 0x49, 0xff, 0xf2, 0x49, 0xff, 0xf2, 0x49, 0xff, 0xf2, 0x49, 0xff, 0xf2, 0x49, 0xff, 0xf2, 0x49, 0xff, 0xf2, 0x49, 0xff, 0xf2, 0x49, 0xff,
    0xf2, 0x49, 0xff, 0xf3, 0x8e, 0xff, 0xfe, 0xfb, 0xff, 0xff, 0x3c, 0xff, 0xff, 0x3c, 0xff, 0xff, 0x3c, 0xff, 0xff, 0x3c, 0xff, 0xff, 0x3c, 0xff,
    0xff, 0x3c, 0xff, 0xff, 0x3c, 0xff, 0xff, 0x3c, 0xff, 0xff, 0x3c, 0xff, 0xff, 0x3c, 0xff, 0xff, 0x3c, 0xff, 0xff, 0x3c, 0xff, 0xff, 0x3c, 0xff,
    0xff, 0x3c, 0xff, 0xff, 0x3c, 0xff, 0xff, 0x3c, 0xff, 0xff, 0x3c, 0xff, 0xfe, 0x9a, 0xff, 0xfd, 0xf8, 0xff, 0xfd, 0xf8, 0xff, 0xfd, 0xf8, 0xff,
    0xfd, 0xf8, 0xff, 0xfd, 0xf8, 0xff, 0xfd, 0xf8, 0xff, 0xfd, 0xf8, 0xff, 0xfd, 0xf8, 0xff, 0xfd, 0xf8, 0xff, 0xfd, 0xf8, 0xff, 0xfd, 0xf8, 0xff,
    0xfd, 0xf8, 0xff, 0xfd, 0xf8, 0xff, 0xfd, 0xf8, 0xff, 0xfd, 0xf8, 0xff, 0xfd, 0xf8, 0xff, 0xfd, 0xf8, 0xff, 0xfd, 0xf8, 0xff, 0xfd, 0xf8, 0xff,
    0xfe, 0x9a, 0xff, 0xff, 0x3c, 0xff, 0xff, 0x3c, 0xff, 0xff, 0x3c, 0xff, 0xff, 0x3c, 0xff, 0xff, 0x3c, 0xff, 0xff, 0x3c, 0xff, 0xff, 0x3c, 0xff,
    0xff, 0x3c, 0xff, 0xff, 0x3c, 0xff, 0xff, 0x3c, 0xff, 0xff, 0x3c, 0xff, 0xff, 0x3c, 0xff, 0xff, 0x3c, 0xff, 0xff, 0x3c, 0xff, 0xff, 0x3c, 0xff,
    0xff, 0x3c, 0xff, 0xff, 0x3c, 0xff, 0xff, 0x3c, 0xff, 0xff, 0x3c, 0xff, 0xff, 0x3c, 0xff, 0xff, 0x3c, 0xff, 0xff, 0x3c, 0xff, 0xff, 0x3c, 0xff,
    0xff, 0x3c, 0xff, 0xff, 0x3c, 0xff, 0xff, 0x3c, 0xff, 0xff, 0x3c, 0xff, 0xff, 0x3c, 0xff, 0xff, 0x3c, 0xff, 0xff, 0x3c, 0xff, 0xff, 0x3c, 0xff,
    0xff, 0x3c, 0xff, 0xff, 0x3c, 0xff, 0xff, 0x3c, 0xff, 0xff, 0x3c, 0xff, 0xff, 0x3c, 0xff, 0xff, 0x3c, 0xff, 0xff, 0x3c, 0xff, 0xff, 0x3c, 0xff,
    0xff, 0x3c, 0xff, 0xff, 0x3c, 0xff, 0xff, 0x3c, 0xff, 0xff, 0x3c, 0xff, 0xff, 0x3c, 0xff, 0xff, 0x3c, 0xff, 0xff, 0x3c, 0xff, 0xff, 0x3c, 0xff,
    0xff, 0x3c, 0xff, 0xff, 0x3c, 0xff, 0xff, 0x3c, 0xff, 0xff, 0x3c, 0xff, 0xff, 0x3c, 0xff, 0xff, 0x3c, 0xff, 0xff, 0x3c, 0xff, 0xff, 0x3c, 0xff,
    0xff, 0x3c, 0xff, 0xff, 0x3c, 0xff, 0xff, 0x3c, 0xff, 0xff, 0x3c, 0xff, 0xff, 0x3c, 0xff, 0xff, 0x3c, 0xff, 0xff, 0x3c, 0xff, 0xff, 0x3c, 0xff,
    0xff, 0x3c, 0xff, 0xff, 0x3c, 0xff, 0xff, 0x3c, 0xff, 0xff, 0x3c, 0xff, 0xff, 0x3c, 0xff, 0xff, 0x3c, 0xff, 0xff, 0x3c, 0xff, 0xff, 0x3c, 0xff,
    0xff, 0x3c, 0xff, 0xff, 0x3c, 0xff, 0xff, 0x3c, 0xff, 0xff, 0x3c, 0xff, 0xff, 0x3c, 0xff, 0xff, 0x3c, 0xff, 0xff, 0x3c, 0xff, 0xff, 0x3c, 0xff,
    0xff, 0x3c, 0xff, 0xff, 0x3c, 0xff, 0xff, 0x3c, 0xff, 0xff, 0x3c, 0xff, 0xff, 0x3c, 0xff, 0xff, 0x3c, 0xff, 0xff, 0x3c, 0xff, 0xff, 0x3c, 0xff,
    0xff, 0x3c, 0xff, 0xff, 0x3c, 0xff, 0xff, 0x3c, 0xff, 0xff, 0x3c, 0xff, 0xff, 0x3c, 0xff, 0xff, 0x3c, 0xff, 0xff, 0x3c, 0xff, 0xff, 0x3c, 0xff,
    0xff, 0x3c, 0xff, 0xff, 0x3c, 0xff, 0xff, 0x3c, 0xff, 0xff, 0x3c, 0xff, 0xff, 0x3c, 0xff, 0xff, 0x3c, 0xff, 0xff, 0x3c, 0xff, 0xff, 0x3c, 0xff,
    0xff, 0x3c, 0xff, 0xff, 0x3c, 0xff, 0xff, 0x3c, 0xff, 0xff, 0x3c, 0xff, 0xff, 0x3c, 0xff, 0xff, 0x3c, 0xff, 0xff, 0x3c, 0xff, 0xff, 0x3c, 0xff,
    0xff, 0x3c, 0xff, 0xff, 0x3c, 0xff, 0xff, 0x3c, 0xff, 0xff, 0x3c, 0xff, 0xff, 0x3c, 0xff, 0xff, 0x3c, 0xff, 0xff, 0x3c, 0xff, 0xff, 0x3c, 0xff,
    0xff, 0x3c, 0xff, 0xff, 0x3c, 0xff, 0xff, 0x3c, 0xff, 0xff, 0x3c, 0xff, 0xff, 0x3c, 0xff, 0xff, 0x3c, 0xff, 0xff, 0x3c, 0xff, 0xff, 0x3c, 0xff,
    0xff, 0x3c, 0xff, 0xff, 0x3c, 0xff, 0xff, 0x3c, 0xff, 0xff, 0x3c, 0xff, 0xff, 0x3c, 0xff, 0xff, 0x3c, 0xff, 0xff, 0x3c, 0xff, 0xff, 0x3c, 0xff,
    0xff, 0x3c, 0xff, 0xff, 0x3c, 0xff, 0xff, 0x3c, 0xff, 0xff, 0x3c, 0xff, 0xff, 0x3c, 0xff, 0xff, 0x3c, 0xff, 0xff, 0x3c, 0xff, 0xff, 0x3c, 0xff,
    0xff, 0x3c, 0xff, 0xff, 0x3c, 0xff, 0xff, 0x3c, 0xff, 0xff, 0x3c, 0xff, 0xff, 0x3c, 0xff, 0xff, 0x3c, 0xff, 0xff, 0x3c, 0xff, 0xff, 0x3c, 0xff,
    0xff, 0x3c, 0xff, 0xff, 0x3c, 0xff, 0xff, 0x3c, 0xff, 0xff, 0x3c, 0xff, 0xff, 0x3c, 0xff, 0xff, 0x3c, 0xff, 0xff, 0x3c, 0xff, 0xff, 0x3c, 0xff,
    0xff, 0x3c, 0xff, 0xff, 0x3c, 0xff, 0xff, 0x3c, 0xff, 0xff, 0x3c, 0xff, 0xff, 0x3c, 0xff, 0xff, 0x3c, 0xff, 0xff, 0x3c, 0xff, 0xff, 0x3c, 0xff,
    0xff, 0x3c, 0xff, 0xff, 0x3c, 0xff, 0xff, 0x3c, 0xff, 0xff, 0x3c, 0xff, 0xff, 0x3c, 0xff, 0xff, 0x3c, 0xff, 0xff, 0x3c, 0xff, 0xff, 0x3c, 0xff,
    0xff, 0x3c, 0xff, 0xff, 0x3c, 0xff, 0xff, 0x3c, 0xff, 0xff, 0x3c, 0xff, 0xff, 0x3c, 0xff, 0xff, 0x3c, 0xff, 0xff, 0x3c, 0xff, 0xff, 0x3c, 0xff,
    0xff, 0x3c, 0xff, 0xff, 0x3c, 0xff, 0xff, 0x3c, 0xff, 0xff, 0x3c, 0xff, 0xff, 0x3c, 0xff, 0xff, 0x3c, 0xff, 0xff, 0x3c, 0xff, 0xff, 0x3c, 0xff,
    0xff, 0x3c, 0xff, 0xff, 0x3c, 0xff, 0xff, 0x3c, 0xff, 0xff, 0x3c, 0xff, 0xff, 0x3c, 0xff, 0xff, 0x3c, 0xff, 0xff, 0x3c, 0xff, 0xff, 0x3c, 0xff,
    0xff, 0x3c, 0xff, 0xff, 0x3c, 0xff, 0xff, 0x3c, 0xff, 0xff, 0x3c, 0xff, 0xff, 0x3c, 0xff, 0xff, 0x3c, 0xff, 0xff, 0x3c, 0xff, 0xff, 0x3c, 0xff,
    0xff, 0x3c, 0xff, 0xff, 0x3c, 0xff, 0xff, 0x3c, 0xff, 0xff, 0x3c, 0xff, 0xff, 0x3c, 0xff, 0xff, 0x3c, 0xff, 0xff, 0x3c, 0xff, 0xff, 0x3c, 0xff,
    0xff, 0x3c, 0xff, 0xff, 0x3c, 0xff, 0xff, 0x3c, 0xff, 0xff, 0x3c, 0xff, 0xff, 0x3c, 0xff, 0xff, 0x3c, 0xff, 0xff, 0x3c, 0xff, 0xff, 0x3c, 0xff,
    0xff, 0x3c, 0xff, 0xff, 0x3c, 0xff, 0xff, 0x3c, 0xff, 0xff, 0x3c, 0xff, 0xff, 0x3c, 0xff, 0xff, 0x3c, 0xff, 0xff, 0x3c, 0xff, 0xff, 0x3c, 0xff,
    0xff, 0x3c, 0xff, 0xff, 0x3c, 0xff, 0xff, 0x3c, 0xff, 0xff, 0x3c, 0xff, 0xff, 0x3c, 0xff, 0xff, 0x3c, 0xff, 0xff, 0x3c, 0xff, 0xff, 0x3c, 0xff,
    0xff, 0x3c, 0xff, 0xff, 0x3c, 0xff, 0xff, 0x3c, 0xff, 0xff, 0x3c, 0xff, 0xff, 0x3c, 0xff, 0xff, 0x3c, 0xff, 0xff, 0x3c, 0xff, 0xff, 0x3c, 0xff,
    0xff, 0x3c, 0xff, 0xff, 0x3c, 0xff, 0xff, 0x3c, 0xff, 0xff, 0x3c, 0xff, 0xff, 0x3c, 0xff, 0xff, 0x3c, 0xff, 0xff, 0x3c, 0xff, 0xff, 0x3c, 0xff,
    0xff, 0x3c, 0xff, 0xff, 0x3c, 0xff, 0xff, 0x3c, 0xff, 0xff, 0x3c, 0xff, 0xff, 0x3c, 0xff, 0xff, 0x3c, 0xff, 0xff, 0x3c, 0xff, 0xff, 0x3c, 0xff,
    0xff, 0x3c, 0xff, 0xff, 0x3c, 0xff, 0xff, 0x3c, 0xff, 0xff, 0x3c, 0xff, 0xff, 0x3c, 0xff, 0xff, 0x3c, 0xff, 0xff, 0x3c, 0xff, 0xff, 0x3c, 0xff,
    0xff, 0x3c, 0xff, 0xff, 0x3c, 0xff, 0xff, 0x3c, 0xff, 0xff, 0x3c, 0xff, 0xff, 0x3c, 0xff, 0xff, 0x3c, 0xff, 0xff, 0x3c, 0xff, 0xff, 0x3c, 0xff,
    0xff, 0x3c, 0xff, 0xff, 0x3c, 0xff, 0xff, 0x3c, 0xff, 0xff, 0x3c, 0xff, 0xff, 0x3c, 0xff, 0xff, 0x3c, 0xff, 0xff, 0x3c, 0xff, 0xff, 0x3c, 0xff,
    0xff, 0x3c, 0xff, 0xff, 0x3c, 0xff, 0xff, 0x3c, 0xff, 0xff, 0x3c, 0xff, 0xff, 0x3c, 0xff, 0xff, 0x3c, 0xff, 0xff, 0x3c, 0xff, 0xff, 0x3c, 0xff,
    0xff, 0x3c, 0xff, 0xff, 0x3c, 0xff, 0xff, 0x3c, 0xff, 0xff, 0x3c, 0xff, 0xff, 0x3c, 0xff, 0xff, 0x3c, 0xff, 0xff, 0x3c, 0xff, 0xff, 0x3c, 0xff,
    0xff, 0x3c, 0xff, 0xff, 0x3c, 0xff, 0xff, 0x3c, 0xff, 0xff, 0x3c, 0xff, 0xff, 0x3c, 0xff, 0xff, 0x3c, 0xff, 0xff, 0x3c, 0xff, 0xff, 0x3c, 0xff,
    0xff, 0x3c, 0xff, 0xff, 0x3c, 0xff, 0xff, 0x3c, 0xff, 0xff, 0x3c, 0xff, 0xff, 0x3c, 0xff, 0xff, 0x3c, 0xff, 0xff, 0x3c, 0xff, 0xff, 0x3c, 0xff,
    0xff, 0x3c, 0xff, 0xff, 0x3c, 0xff, 0xff, 0x3c, 0xff, 0xff, 0x3c, 0xff, 0xff, 0x3c, 0xff, 0xff, 0x3c, 0xff, 0xff, 0x3c, 0xff, 0xff, 0x3c, 0xff,
    0xff, 0x3c, 0xff, 0xff, 0x3c, 0xff, 0xff, 0x3c, 0xff, 0xff, 0x3c, 0xff, 0xff, 0x3c, 0xff, 0xff, 0x3c, 0xff, 0xff, 0x3c, 0xff, 0xff, 0x3c, 0xff,
};

const lv_img_dsc_t home_icon_view_img = {
    .header.cf = LV_IMG_CF_TRUE_COLOR_ALPHA,
    .header.always_zero = 0,
    .header.reserved = 0,
    .header.w = 40,
    .header.h = 40,
    .data_size = 40 * 40 * LV_IMG_PX_SIZE_ALPHA_BYTE,
    .data = home_icon_view_img_map,
};

static const LV_ATTRIBUTE_MEM_ALIGN LV_ATTRIBUTE_LARGE_CONST uint8_t home_icon_call_img_map[] = {
    0xe7, 0x9f, 0xff, 0xe7, 0x9f, 0xff, 0xe7, 0x9f, 0xff, 0xe7, 0x9f, 0xff, 0xe7, 0x9f, 0xff, 0xe7, 0x9f, 0xff, 0xe7, 0x9f, 0xff, 0xe7, 0x9f, 0xff,
    0xe7, 0x9f, 0xff, 0xe7, 0x9f, 0xff, 0xe7, 0x9f, 0xff, 0xe7, 0x9f, 0xff, 0xe7, 0x9f, 0xff, 0xe7, 0x9f, 0xff, 0xe7, 0x9f, 0xff, 0xe7, 0x9f, 0xff,
    0xe7, 0x9f, 0xff, 0xe7, 0x9f, 0xff, 0xe7, 0x9f, 0xff, 0xe7, 0x9f, 0xff, 0xe7, 0x9f, 0xff, 0xe7, 0x9f, 0xff, 0xe7, 0x9f, 0xff, 0xe7, 0x9f, 0xff,
    0xe7, 0x9f, 0xff, 0xe7, 0x9f, 0xff, 0xe7, 0x9f, 0xff, 0xe7, 0x9f, 0xff, 0xe7, 0x9f, 0xff, 0xe7, 0x9f, 0xff, 0xe7, 0x9f, 0xff, 0xe7, 0x9f, 0xff,
    0xe7, 0x9f, 0xff, 0xe7, 0x9f, 0xff, 0xe7, 0x9f, 0xff, 0xe7, 0x9f, 0xff, 0xe7, 0x9f, 0xff, 0xe7, 0x9f, 0xff, 0xe7, 0x9f, 0xff, 0xe7, 0x9f, 0xff,
    0xe7, 0x9f, 0xff, 0xe7, 0x9f, 0xff, 0xe7, 0x9f, 0xff, 0xe7, 0x9f, 0xff, 0xe7, 0x9f, 0xff, 0xe7, 0x9f, 0xff, 0xe7, 0x9f, 0xff, 0xe7, 0x9f, 0xff,
    0xe7, 0x9f, 0xff, 0xe7, 0x9f, 0xff, 0xe7, 0x9f, 0xff, 0xe7, 0x9f, 0xff, 0xe7, 0x9f, 0xff, 0xe7, 0x9f, 0xff, 0xe7, 0x9f, 0xff, 0xe7, 0x9f, 0xff,
    0xe7, 0x9f, 0xff, 0xe7, 0x9f, 0xff, 0xe7, 0x9f, 0xff, 0xe7, 0x9f, 0xff, 0xe7, 0x9f, 0xff, 0xe7, 0x9f, 0xff, 0xe7, 0x9f, 0xff, 0xe7, 0x9f, 0xff,
    0xe7, 0x9f, 0xff, 0xe7, 0x9f, 0xff, 0xe7, 0x9f, 0xff, 0xe7, 0x9f, 0xff, 0xe7, 0x9f, 0xff, 0xe7, 0x9f, 0xff, 0xe7, 0x9f, 0xff, 0xe7, 0x9f, 0xff,
    0xe7, 0x9f, 0xff, 0xe7, 0x9f, 0xff, 0xe7, 0x9f, 0xff, 0xe7, 0x9f, 0xff, 0xe7, 0x9f, 0xff, 0xe7, 0x9f, 0xff, 0xe7, 0x9f, 0xff, 0xe7, 0x9f, 0xff,
    0xe7, 0x9f, 0xff, 0xe7, 0x9f, 0xff, 0xe7, 0x9f, 0xff, 0xe7, 0x9f, 0xff, 0xe7, 0x9f, 0xff, 0xe7, 0x9f, 0xff, 0xe7, 0x9f, 0xff, 0xe7, 0x9f, 0xff,
    0xe7, 0x9f, 0xff, 0xe7, 0x9f, 0xff, 0xe7, 0x9f, 0xff, 0xe7, 0x9f, 0xff, 0xe7, 0x9f, 0xff, 0xe7, 0x9f, 0xff, 0xe7, 0x9f, 0xff, 0xe7, 0x9f, 0xff,
    0xe7, 0x9f, 0xff, 0xe7, 0x9f, 0xff, 0xe7, 0x9f, 0xff, 0xe7, 0x9f, 0xff, 0xe7, 0x9f, 0xff, 0xe7, 0x9f, 0xff, 0xe7, 0x9f, 0xff, 0xe7, 0x9f, 0xff,
    0xe7, 0x9f, 0xff, 0xe7, 0x9f, 0xff, 0xe7, 0x9f, 0xff, 0xe7, 0x9f, 0xff, 0xe7, 0x9f, 0xff, 0xe7, 0x9f, 0xff, 0xe7, 0x9f, 0xff, 0xe7, 0x9f, 0xff,
    0xe7, 0x9f, 0xff, 0xe7, 0x9f, 0xff, 0xe7, 0x9f, 0xff, 0xe7, 0x9f, 0xff, 0xe7, 0x9f, 0xff, 0xe7, 0x9f, 0xff, 0xe7, 0x9f, 0xff, 0xe7, 0x9f, 0xff,
    0xe7, 0x9f, 0xff, 0xe7, 0x9f, 0xff, 0xe7, 0x9f, 0xff, 0xe7, 0x9f, 0xff, 0xe7, 0x9f, 0xff, 0xe7, 0x9f, 0xff, 0xe7, 0x9f, 0xff, 0xe7, 0x9f, 0xff,
    0xe7, 0x9f, 0xff, 0xe7, 0x9f, 0xff, 0xe7, 0x9f, 0xff, 0xe7, 0x9f, 0xff, 0xe7, 0x9f, 0xff, 0xe7, 0x9f, 0xff, 0xe7, 0x9f, 0xff, 0xe7, 0x9f, 0xff,
    0xe7, 0x9f, 0xff, 0xe7, 0x9f, 0xff, 0xe7, 0x9f, 0xff, 0xe7, 0x9f, 0xff, 0xe7, 0x9f, 0xff, 0xe7, 0x9f, 0xff, 0xe7, 0x9f, 0xff, 0xe7, 0x9f, 0xff,
    0xe7, 0x9f, 0xff, 0xe7, 0x9f, 0xff, 0xe7, 0x9f, 0xff, 0xe7, 0x9f, 0xff, 0xe7, 0x9f, 0xff, 0xe7, 0x9f, 0xff, 0xe7, 0x9f, 0xff, 0xe7, 0x9f, 0xff,
    0xe7, 0x9f, 0xff, 0xe7, 0x9f, 0xff, 0xe7, 0x9f, 0xff, 0xe7, 0x9f, 0xff, 0xe7, 0x9f, 0xff, 0xe7, 0x9f, 0xff, 0xe7, 0x9f, 0xff, 0xe7, 0x9f, 0xff,
    0xe7, 0x9f, 0xff, 0xe7, 0x9f, 0xff, 0xe7, 0x9f, 0xff, 0xe7, 0x9f, 0xff, 0xe7, 0x9f, 0xff, 0xe7, 0x9f, 0xff, 0xe7, 0x9f, 0xff, 0xe7, 0x9f, 0xff,
    0xe7, 0x9f, 0xff, 0xe7, 0x9f, 0xff, 0xe7, 0x9f, 0xff, 0xe7, 0x9f, 0xff, 0xe7, 0x9f, 0xff, 0xe7, 0x9f, 0xff, 0xe7, 0x9f, 0xff, 0xe7, 0x9f, 0xff,
    0xe7, 0x9f, 0xff, 0xe7, 0x9f, 0xff, 0xe7, 0x9f, 0xff, 0xe7, 0x9f, 0xff, 0xe7, 0x9f, 0xff, 0xe7, 0x9f, 0xff, 0xe7, 0x9f, 0xff, 0xe7, 0x9f, 0xff,
    0xe7, 0x9f, 0xff, 0xe7, 0x9f, 0xff, 0xe7, 0x9f, 0xff, 0xe7, 0x9f, 0xff, 0xe7, 0x9f, 0xff, 0xe7, 0x9f, 0xff, 0xe7, 0x9f, 0xff, 0xe7, 0x9f, 0xff,
    0xe7, 0x9f, 0xff, 0xe7, 0x9f, 0xff, 0xe7, 0x9f, 0xff, 0xe7, 0x9f, 0xff, 0xe7, 0x9f, 0xff, 0xe7, 0x9f, 0xff, 0xe7, 0x9f, 0xff, 0xe7, 0x9f, 0xff,
    0xe7, 0x9f, 0xff, 0xe7, 0x9f, 0xff, 0xe7, 0x9f, 0xff, 0xe7, 0x9f, 0xff, 0xe7, 0x9f, 0xff, 0xe7, 0x9f, 0xff, 0xe7, 0x9f, 0xff, 0xe7, 0x9f, 0xff,
    0xe7, 0x9f, 0xff, 0xe7, 0x9f, 0xff, 0xe7, 0x9f, 0xff, 0xe7, 0x9f, 0xff, 0xe7, 0x9f, 0xff, 0xe7, 0x9f, 0xff, 0xe7, 0x9f, 0xff, 0xe7, 0x9f, 0xff,
    0xe7, 0x9f, 0xff, 0xe7, 0x9f, 0xff, 0xe7, 0x9f, 0xff, 0xe7, 0x9f, 0xff, 0xe7, 0x9f, 0xff, 0xe7, 0x9f, 0xff, 0xe7, 0x9f, 0xff, 0xe7, 0x9f, 0xff,
    0xe7, 0x9f, 0xff, 0xe7, 0x9f, 0xff, 0xe7, 0x9f, 0xff, 0xe7, 0x9f, 0xff, 0xe7, 0x9f, 0xff, 0xe7, 0x9f, 0xff, 0xe7, 0x9f, 0xff, 0xe7, 0x9f, 0xff,
    0xe7, 0x9f, 0xff, 0xe7, 0x9f, 0xff, 0xe7, 0x9f, 0xff, 0xe7, 0x9f, 0xff, 0xe7, 0x9f, 0xff, 0xe7, 0x9f, 0xff, 0xe7, 0x9f, 0xff, 0xe7, 0x9f, 0xff,
    0xe7, 0x9f, 0xff, 0xe7, 0x9f, 0xff, 0xe7, 0x9f, 0xff, 0xe7, 0x9f, 0xff, 0xe7, 0x9f, 0xff, 0xe7, 0x9f, 0xff, 0xe7, 0x9f, 0xff, 0xe7, 0x9f, 0xff,
    0xe7, 0x9f, 0xff, 0xe7, 0x9f, 0xff, 0xe7, 0x9f, 0xff, 0xe7, 0x9f, 0xff, 0xe7, 0x9f, 0xff, 0xe7, 0x9f, 0xff, 0xe7, 0x9f, 0xff, 0xe7, 0x9f, 0xff,
    0xe7, 0x9f, 0xff, 0xe7, 0x9f, 0xff, 0xe7, 0x9f, 0xff, 0xe7, 0x9f, 0xff, 0xe7, 0x9f, 0xff, 0xe7, 0x9f, 0xff, 0xe7, 0x9f, 0xff, 0xe7, 0x9f, 0xff,
    0xe7, 0x9f, 0xff, 0xe7, 0x9f, 0xff, 0xe7, 0x9f, 0xff, 0xe7, 0x9f, 0xff, 0xe7, 0x9f, 0xff, 0xe7, 0x9f, 0xff, 0xe7, 0x9f, 0xff, 0xe7, 0x9f, 0xff,
    0xe7, 0x9f, 0xff, 0xe7, 0x9f, 0xff, 0xe7, 0x9f, 0xff, 0xe7, 0x9f, 0xff, 0xe7, 0x9f, 0xff, 0xe7, 0x9f, 0xff, 0xe7, 0x9f, 0xff, 0xe7, 0x9f, 0xff,
    0xe7, 0x9f, 0xff, 0xe7, 0x9f, 0xff, 0xe7, 0x9f, 0xff, 0xe7, 0x9f, 0xff, 0xe7, 0x9f, 0xff, 0xe7, 0x9f, 0xff, 0xe7, 0x9f, 0xff, 0xe7, 0x9f, 0xff,
    0xe7, 0x9f, 0xff, 0xe7, 0x9f, 0xff, 0xe7, 0x9f, 0xff, 0xe7, 0x9f, 0xff, 0xe7, 0x9f, 0xff, 0xe7, 0x9f, 0xff, 0xe7, 0x9f, 0xff, 0xe7, 0x9f, 0xff,
    0xe7, 0x9f, 0xff, 0xe7, 0x9f, 0xff, 0xe7, 0x9f, 0xff, 0xe7, 0x9f, 0xff, 0xe7, 0x9f, 0xff, 0xe7, 0x9f, 0xff, 0xe7, 0x9f, 0xff, 0xe7, 0x9f, 0xff,
    0xe7, 0x9f, 0xff, 0xe7, 0x9f, 0xff, 0xe7, 0x9f, 0xff, 0xe7, 0x9f, 0xff, 0xe7, 0x9f, 0xff, 0xe7, 0x9f, 0xff, 0xe7, 0x9f, 0xff, 0xe7, 0x9f, 0xff,
    0xe7, 0x9f, 0xff, 0xe7, 0x9f, 0xff, 0xe7, 0x9f, 0xff, 0xe7, 0x9f, 0xff, 0xe7, 0x9f, 0xff, 0xe7, 0x9f, 0xff, 0xe7, 0x9f, 0xff, 0xe7, 0x9f, 0xff,
    0xe7, 0x9f, 0xff, 0xe7, 0x9f, 0xff, 0xe7, 0x9f, 0xff, 0xe7, 0x9f, 0xff, 0xe7, 0x9f, 0xff, 0xe7, 0x9f, 0xff, 0xe7, 0x9f, 0xff, 0xe7, 0x9f, 0xff,
    0xe7, 0x9f, 0xff, 0xe7, 0x9f, 0xff, 0xe7, 0x9f, 0xff, 0xe7, 0x9f, 0xff, 0xe7, 0x9f, 0xff, 0xb6, 0xde, 0xff, 0x7e, 0x1d, 0xff, 0xb6, 0xde, 0xff,
    0xe7, 0x9f, 0xff, 0xe7, 0x9f, 0xff, 0xe7, 0x9f, 0xff, 0xe7, 0x9f, 0xff, 0xe7, 0x9f, 0xff, 0xe7, 0x9f, 0xff, 0xe7, 0x9f, 0xff, 0xe7, 0x9f, 0xff,
    0xe7, 0x9f, 0xff, 0xe7, 0x9f, 0xff, 0xe7, 0x9f, 0xff, 0xe7, 0x9f, 0xff, 0xe7, 0x9f, 0xff, 0xe7, 0x9f, 0xff, 0xe7, 0x9f, 0xff, 0xe7, 0x9f, 0xff,
    0xe7, 0x9f, 0xff, 0xe7, 0x9f, 0xff, 0xe7, 0x9f, 0xff, 0xe7, 0x9f, 0xff, 0xe7, 0x9f, 0xff, 0xe7, 0x9f, 0xff, 0xe7, 0x9f, 0xff, 0xe7, 0x9f, 0xff,
    0xe7, 0x9f, 0xff, 0xe7, 0x9f, 0xff, 0xe7, 0x9f, 0xff, 0xe7, 0x9f, 0xff, 0xe7, 0x9f, 0xff, 0xe7, 0x9f, 0xff, 0xe7, 0x9f, 0xff, 0xe7, 0x9f, 0xff,
    0xe7, 0x9f, 0xff, 0xe7, 0x9f, 0xff, 0xe7, 0x9f, 0xff, 0xb6, 0xde, 0xff, 0x2d, 0x1c, 0xff, 0x14, 0xbb, 0xff, 0x14, 0xbb, 0xff, 0x1c, 0xdb, 0xff,
    0xdf, 0x5f, 0xff, 0xe7, 0x9f, 0xff, 0xe7, 0x9f, 0xff, 0xe7, 0x9f, 0xff, 0xe7, 0x9f, 0xff, 0xe7, 0x9f, 0xff, 0xe7, 0x9f, 0xff, 0xe7, 0x9f, 0xff,
    0xe7, 0x9f, 0xff, 0xe7, 0x9f, 0xff, 0xe7, 0x9f, 0xff, 0xe7, 0x9f, 0xff, 0xe7, 0x9f, 0xff, 0xe7, 0x9f, 0xff, 0xe7, 0x9f, 0xff, 0xe7, 0x9f, 0xff,
    0xe7, 0x9f, 0xff, 0xe7, 0x9f, 0xff, 0xe7, 0x9f, 0xff, 0xe7, 0x9f, 0xff, 0xe7, 0x9f, 0xff, 0xe7, 0x9f, 0xff, 0xe7, 0x9f, 0xff, 0xe7, 0x9f, 0xff,
    0xe7, 0x9f, 0xff, 0xe7, 0x9f, 0xff, 0xe7, 0x9f, 0xff, 0xe7, 0x9f, 0xff, 0xe7, 0x9f, 0xff, 0xe7, 0x9f, 0xff, 0xe7, 0x9f, 0xff, 0xe7, 0x9f, 0xff,
    0xe7, 0x9f, 0xff, 0xe7, 0x9f, 0xff, 0xbf, 0x1e, 0xff, 0x14, 0xbb, 0xff, 0x14, 0xbb, 0xff, 0x14, 0xbb, 0xff, 0x14, 0xbb, 0xff, 0x14, 0xbb, 0xff,
    0x7e, 0x1d, 0xff, 0xe7, 0x9f, 0xff, 0xe7, 0x9f, 0xff, 0xe7, 0x9f, 0xff, 0xe7, 0x9f, 0xff, 0xe7, 0x9f, 0xff, 0xe7, 0x9f, 0xff, 0xe7, 0x9f, 0xff,
    0xe7, 0x9f, 0xff, 0xe7, 0x9f, 0xff, 0xe7, 0x9f, 0xff, 0xe7, 0x9f, 0xff, 0xe7, 0x9f, 0xff, 0xe7, 0x9f, 0xff, 0xe7, 0x9f, 0xff, 0xe7, 0x9f, 0xff,
    0xe7, 0x9f, 0xff, 0xe7, 0x9f, 0xff, 0xe7, 0x9f, 0xff, 0xe7, 0x9f, 0xff, 0xe7, 0x9f, 0xff, 0xe7, 0x9f, 0xff, 0xe7, 0x9f, 0xff, 0xe7, 0x9f, 0xff,
    0xe7, 0x9f, 0xff, 0xe7, 0x9f, 0xff, 0xe7, 0x9f, 0xff, 0xe7, 0x9f, 0xff, 0xe7, 0x9f, 0xff, 0xe7, 0x9f, 0xff, 0xe7, 0x9f, 0xff, 0xe7, 0x9f, 0xff,
    0xe7, 0x9f, 0xff, 0xe7, 0x9f, 0xff, 0x3d, 0x3c, 0xff, 0x14, 0xbb, 0xff, 0x14, 0xbb, 0xff, 0x14, 0xbb, 0xff, 0x14, 0xbb, 0xff, 0x14, 0xbb, 0xff,
    0x3d, 0x3c, 0xff, 0xe7, 0x9f, 0xff, 0xe7, 0x9f, 0xff, 0xe7, 0x9f, 0xff, 0xe7, 0x9f, 0xff, 0xe7, 0x9f, 0xff, 0xe7, 0x9f, 0xff, 0xe7, 0x9f, 0xff,
    0xe7, 0x9f, 0xff, 0xe7, 0x9f, 0xff, 0xe7, 0x9f, 0xff, 0xe7, 0x9f, 0xff, 0xe7, 0x9f, 0xff, 0xe7, 0x9f, 0xff, 0xe7, 0x9f, 0xff, 0xe7, 0x9f, 0xff,
    0xe7, 0x9f, 0xff, 0xe7, 0x9f, 0xff, 0xe7, 0x9f, 0xff, 0xe7, 0x9f, 0xff, 0xe7, 0x9f, 0xff, 0xe7, 0x9f, 0xff, 0xe7, 0x9f, 0xff, 0xe7, 0x9f, 0xff,
    0xe7, 0x9f, 0xff, 0xe7, 0x9f, 0xff, 0xe7, 0x9f, 0xff, 0xe7, 0x9f, 0xff, 0xe7, 0x9f, 0xff, 0xe7, 0x9f, 0xff, 0xe7, 0x9f, 0xff, 0xe7, 0x9f, 0xff,
    0xe7, 0x9f, 0xff, 0xe7, 0x9f, 0xff, 0x14, 0xbb, 0xff, 0x14, 0xbb, 0xff, 0x14, 0xbb, 0xff, 0x14, 0xbb, 0xff, 0x14, 0xbb, 0xff, 0x14, 0xbb, 0xff,
    0x14, 0xbb, 0xff, 0xb6, 0xde, 0xff, 0xe7, 0x9f, 0xff, 0xe7, 0x9f, 0xff, 0xe7, 0x9f, 0xff, 0xe7, 0x9f, 0xff, 0xe7, 0x9f, 0xff, 0xe7, 0x9f, 0xff,
    0xe7, 0x9f, 0xff, 0xe7, 0x9f, 0xff, 0xe7, 0x9f, 0xff, 0xe7, 0x9f, 0xff, 0xe7, 0x9f, 0xff, 0xe7, 0x9f, 0xff, 0xe7, 0x9f, 0xff, 0xe7, 0x9f, 0xff,
    0xe7, 0x9f, 0xff, 0xe7, 0x9f, 0xff, 0xe7, 0x9f, 0xff, 0xe7, 0x9f, 0xff, 0xe7, 0x9f, 0xff, 0xe7, 0x9f, 0xff, 0xe7, 0x9f, 0xff, 0xe7, 0x9f, 0xff,
    0xe7, 0x9f, 0xff, 0xe7, 0x9f, 0xff, 0xe7, 0x9f, 0xff, 0xe7, 0x9f, 0xff, 0xe7, 0x9f, 0xff, 0xe7, 0x9f, 0xff, 0xe7, 0x9f, 0xff, 0xe7, 0x9f, 0xff,
    0xe7, 0x9f, 0xff, 0xe7, 0x9f, 0xff, 0x24, 0xfb, 0xff, 0x14, 0xbb, 0xff, 0x14, 0xbb, 0xff, 0x14, 0xbb, 0xff, 0x14, 0xbb, 0xff, 0x14, 0xbb, 0xff,
    0x14, 0xbb, 0xff, 0x6d, 0xfd, 0xff, 0xe7, 0x9f, 0xff, 0xe7, 0x9f, 0xff, 0xe7, 0x9f, 0xff, 0xe7, 0x9f, 0xff, 0xe7, 0x9f, 0xff, 0xe7, 0x9f, 0xff,
    0xe7, 0x9f, 0xff, 0xe7, 0x9f, 0xff, 0xe7, 0x9f, 0xff, 0xe7, 0x9f, 0xff, 0xe7, 0x9f, 0xff, 0xe7, 0x9f, 0xff, 0xe7, 0x9f, 0xff, 0xe7, 0x9f, 0xff,
    0xe7, 0x9f, 0xff, 0xe7, 0x9f, 0xff, 0xe7, 0x9f, 0xff, 0xe7, 0x9f, 0xff, 0xe7, 0x9f, 0xff, 0xe7, 0x9f, 0xff, 0xe7, 0x9f, 0xff, 0xe7, 0x9f, 0xff,
    0xe7, 0x9f, 0xff, 0xe7, 0x9f, 0xff, 0xe7, 0x9f, 0xff, 0xe7, 0x9f, 0xff, 0xe7, 0x9f, 0xff, 0xe7, 0x9f, 0xff, 0xe7, 0x9f, 0xff, 0xe7, 0x9f, 0xff,
    0xe7, 0x9f, 0xff, 0xe7, 0x9f, 0xff, 0x3d, 0x3c, 0xff, 0x14, 0xbb, 0xff, 0x14, 0xbb, 0xff, 0x14, 0xbb, 0xff, 0x14, 0xbb, 0xff, 0x14, 0xbb, 0xff,
    0x14, 0xbb, 0xff, 0x55, 0x9c, 0xff, 0xe7, 0x9f, 0xff, 0xe7, 0x9f, 0xff, 0xe7, 0x9f, 0xff, 0xe7, 0x9f, 0xff, 0xe7, 0x9f, 0xff, 0xe7, 0x9f, 0xff,
    0xe7, 0x9f, 0xff, 0xe7, 0x9f, 0xff, 0xe7, 0x9f, 0xff, 0xe7, 0x9f, 0xff, 0xe7, 0x9f, 0xff, 0xe7, 0x9f, 0xff, 0xe7, 0x9f, 0xff, 0xe7, 0x9f, 0xff,
    0xe7, 0x9f, 0xff, 0xe7, 0x9f, 0xff, 0xe7, 0x9f, 0xff, 0xe7, 0x9f, 0xff, 0xe7, 0x9f, 0xff, 0xe7, 0x9f, 0xff, 0xe7, 0x9f, 0xff, 0xe7, 0x9f, 0xff,
    0xe7, 0x9f, 0xff, 0xe7, 0x9f, 0xff, 0xe7, 0x9f, 0xff, 0xe7, 0x9f, 0xff, 0xe7, 0x9f, 0xff, 0xe7, 0x9f, 0xff, 0xe7, 0x9f, 0xff, 0xe7, 0x9f, 0xff,
    0xe7, 0x9f, 0xff, 0xe7, 0x9f, 0xff, 0x7e, 0x1d, 0xff, 0x14, 0xbb, 0xff, 0x14, 0xbb, 0xff, 0x14, 0xbb, 0xff, 0x14, 0xbb, 0xff, 0x14, 0xbb, 0xff,
    0x45, 0x7c, 0xff, 0xcf, 0x3e, 0xff, 0xe7, 0x9f, 0xff, 0xe7, 0x9f, 0xff, 0xe7, 0x9f, 0xff, 0xe7, 0x9f, 0xff, 0xe7, 0x9f, 0xff, 0xe7, 0x9f, 0xff,
    0xe7, 0x9f, 0xff, 0xe7, 0x9f, 0xff, 0xe7, 0x9f, 0xff, 0xe7, 0x9f, 0xff, 0xe7, 0x9f, 0xff, 0xe7, 0x9f, 0xff, 0xe7, 0x9f, 0xff, 0xe7, 0x9f, 0xff,
    0xe7, 0x9f, 0xff, 0xe7, 0x9f, 0xff, 0xe7, 0x9f, 0xff, 0xe7, 0x9f, 0xff, 0xe7, 0x9f, 0xff, 0xe7, 0x9f, 0xff, 0xe7, 0x9f, 0xff, 0xe7, 0x9f, 0xff,
    0xe7, 0x9f, 0xff, 0xe7, 0x9f, 0xff, 0xe7, 0x9f, 0xff, 0xe7, 0x9f, 0xff, 0xe7, 0x9f, 0xff, 0xe7, 0x9f, 0xff, 0xe7, 0x9f, 0xff, 0xe7, 0x9f, 0xff,
    0xe7, 0x9f, 0xff, 0xe7, 0x9f, 0xff, 0xb6, 0xde, 0xff, 0x14, 0xbb, 0xff, 0x14, 0xbb, 0xff, 0x14, 0xbb, 0xff, 0x14, 0xbb, 0xff, 0x1c, 0xdb, 0xff,
    0xe7, 0x9f, 0xff, 0xe7, 0x9f, 0xff, 0xe7, 0x9f, 0xff, 0xe7, 0x9f, 0xff, 0xe7, 0x9f, 0xff, 0xe7, 0x9f, 0xff, 0xe7, 0x9f, 0xff, 0xe7, 0x9f, 0xff,
    0xe7, 0x9f, 0xff, 0xe7, 0x9f, 0xff, 0xe7, 0x9f, 0xff, 0xe7, 0x9f, 0xff, 0xe7, 0x9f, 0xff, 0xe7, 0x9f, 0xff, 0xe7, 0x9f, 0xff, 0xe7, 0x9f, 0xff,
    0xe7, 0x9f, 0xff, 0xe7, 0x9f, 0xff, 0xe7, 0x9f, 0xff, 0xe7, 0x9f, 0xff, 0xe7, 0x9f, 0xff, 0xe7, 0x9f, 0xff, 0xe7, 0x9f, 0xff, 0xe7, 0x9f, 0xff,
    0xe7, 0x9f, 0xff, 0xe7, 0x9f, 0xff, 0xe7, 0x9f, 0xff, 0xe7, 0x9f, 0xff, 0xe7, 0x9f, 0xff, 0xe7, 0x9f, 0xff, 0xe7, 0x9f, 0xff, 0xe7, 0x9f, 0xff,
    0xe7, 0x9f, 0xff, 0xe7, 0x9f, 0xff, 0xe7, 0x9f, 0xff, 0x45, 0x7c, 0xff, 0x14, 0xbb, 0xff, 0x14, 0xbb, 0xff, 0x14, 0xbb, 0xff, 0x14, 0xbb, 0xff,
    0xcf, 0x3e, 0xff, 0xe7, 0x9f, 0xff, 0xe7, 0x9f, 0xff, 0xe7, 0x9f, 0xff, 0xe7, 0x9f, 0xff, 0xe7, 0x9f, 0xff, 0xe7, 0x9f, 0xff, 0xe7, 0x9f, 0xff,
    0xe7, 0x9f, 0xff, 0xe7, 0x9f, 0xff, 0xe7, 0x9f, 0xff, 0xe7, 0x9f, 0xff, 0xe7, 0x9f, 0xff, 0xe7, 0x9f, 0xff, 0xe7, 0x9f, 0xff, 0xe7, 0x9f, 0xff,
    0xe7, 0x9f, 0xff, 0xe7, 0x9f, 0xff, 0xe7, 0x9f, 0xff, 0xe7, 0x9f, 0xff, 0xe7, 0x9f, 0xff, 0xe7, 0x9f, 0xff, 0xe7, 0x9f, 0xff, 0xe7, 0x9f, 0xff,
    0xe7, 0x9f, 0xff, 0xe7, 0x9f, 0xff, 0xe7, 0x9f, 0xff, 0xe7, 0x9f, 0xff, 0xe7, 0x9f, 0xff, 0xe7, 0x9f, 0xff, 0xe7, 0x9f, 0xff, 0xe7, 0x9f, 0xff,
    0xe7, 0x9f, 0xff, 0xe7, 0x9f, 0xff, 0xe7, 0x9f, 0xff, 0xb6, 0xde, 0xff, 0x14, 0xbb, 0xff, 0x14, 0xbb, 0xff, 0x14, 0xbb, 0xff, 0x14, 0xbb, 0xff,
    0x45, 0x7c, 0xff, 0xe7, 0x9f, 0xff, 0xe7, 0x9f, 0xff, 0xe7, 0x9f, 0xff, 0xe7, 0x9f, 0xff, 0xe7, 0x9f, 0xff, 0xe7, 0x9f, 0xff, 0xe7, 0x9f, 0xff,
    0xe7, 0x9f, 0xff, 0xe7, 0x9f, 0xff, 0xe7, 0x9f, 0xff, 0xe7, 0x9f, 0xff, 0xe7, 0x9f, 0xff, 0xe7, 0x9f, 0xff, 0xe7, 0x9f, 0xff, 0xe7, 0x9f, 0xff,
    0xe7, 0x9f, 0xff, 0xe7, 0x9f, 0xff, 0xe7, 0x9f, 0xff, 0xe7, 0x9f, 0xff, 0xe7, 0x9f, 0xff, 0xe7, 0x9f, 0xff, 0xe7, 0x9f, 0xff, 0xe7, 0x9f, 0xff,
    0xe7, 0x9f, 0xff, 0xe7, 0x9f, 0xff, 0xe7, 0x9f, 0xff, 0xe7, 0x9f, 0xff, 0xe7, 0x9f, 0xff, 0xe7, 0x9f, 0xff, 0xe7, 0x9f, 0xff, 0xe7, 0x9f, 0xff,
    0xe7, 0x9f, 0xff, 0xe7, 0x9f, 0xff, 0xe7, 0x9f, 0xff, 0xe7, 0x9f, 0xff, 0x55, 0x9c, 0xff, 0x14, 0xbb, 0xff, 0x14, 0xbb, 0xff, 0x14, 0xbb, 0xff,
    0x14, 0xbb, 0xff, 0x8e, 0x5d, 0xff, 0xe7, 0x9f, 0xff, 0xe7, 0x9f, 0xff, 0xe7, 0x9f, 0xff, 0xe7, 0x9f, 0xff, 0xe7, 0x9f, 0xff, 0xe7, 0x9f, 0xff,
    0xe7, 0x9f, 0xff, 0xe7, 0x9f, 0xff, 0xe7, 0x9f, 0xff, 0xe7, 0x9f, 0xff, 0xe7, 0x9f, 0xff, 0xe7, 0x9f, 0xff, 0xe7, 0x9f, 0xff, 0xe7, 0x9f, 0xff,
    0xe7, 0x9f, 0xff, 0xe7, 0x9f, 0xff, 0xe7, 0x9f, 0xff, 0xe7, 0x9f, 0xff, 0xe7, 0x9f, 0xff, 0xe7, 0x9f, 0xff, 0xe7, 0x9f, 0xff, 0xe7, 0x9f, 0xff,
    0xe7, 0x9f, 0xff, 0xe7, 0x9f, 0xff, 0xe7, 0x9f, 0xff, 0xe7, 0x9f, 0xff, 0xe7, 0x9f, 0xff, 0xe7, 0x9f, 0xff, 0xe7, 0x9f, 0xff, 0xe7, 0x9f, 0xff,
    0xe7, 0x9f, 0xff, 0xe7, 0x9f, 0xff, 0xe7, 0x9f, 0xff, 0xe7, 0x9f, 0xff, 0xcf, 0x3f, 0xff, 0x24, 0xfb, 0xff, 0x14, 0xbb, 0xff, 0x14, 0xbb, 0xff,
    0x14, 0xbb, 0xff, 0x14, 0xbb, 0xff, 0xbe, 0xfe, 0xff, 0xe7, 0x9f, 0xff, 0xe7, 0x9f, 0xff, 0xe7, 0x9f, 0xff, 0xe7, 0x9f, 0xff, 0xe7, 0x9f, 0xff,
    0xe7, 0x9f, 0xff, 0xe7, 0x9f, 0xff, 0xe7, 0x9f, 0xff, 0xe7, 0x9f, 0xff, 0xe7, 0x9f, 0xff, 0xe7, 0x9f, 0xff, 0xe7, 0x9f, 0xff, 0xe7, 0x9f, 0xff,
    0xe7, 0x9f, 0xff, 0xe7, 0x9f, 0xff, 0xe7, 0x9f, 0xff, 0xe7, 0x9f, 0xff, 0xe7, 0x9f, 0xff, 0xe7, 0x9f, 0xff, 0xe7, 0x9f, 0xff, 0xe7, 0x9f, 0xff,
    0xe7, 0x9f, 0xff, 0xe7, 0x9f, 0xff, 0xe7, 0x9f, 0xff, 0xe7, 0x9f, 0xff, 0xe7, 0x9f, 0xff, 0xe7, 0x9f, 0xff, 0xe7, 0x9f, 0xff, 0xe7, 0x9f, 0xff,
    0xe7, 0x9f, 0xff, 0xe7, 0x9f, 0xff, 0xe7, 0x9f, 0xff, 0xe7, 0x9f, 0xff, 0xe7, 0x9f, 0xff, 0x96, 0x7d, 0xff, 0x14, 0xbb, 0xff, 0x14, 0xbb, 0xff,
    0x14, 0xbb, 0xff, 0x14, 0xbb, 0xff, 0x2d, 0x1b, 0xff, 0xcf, 0x3e, 0xff, 0xe7, 0x9f, 0xff, 0xe7, 0x9f, 0xff, 0xe7, 0x9f, 0xff, 0xe7, 0x9f, 0xff,
    0xe7, 0x9f, 0xff, 0xe7, 0x9f, 0xff, 0xe7, 0x9f, 0xff, 0xe7, 0x9f, 0xff, 0xe7, 0x9f, 0xff, 0xe7, 0x9f, 0xff, 0xe7, 0x9f, 0xff, 0xe7, 0x9f, 0xff,
    0xe7, 0x9f, 0xff, 0xe7, 0x9f, 0xff, 0xe7, 0x9f, 0xff, 0xe7, 0x9f, 0xff, 0xe7, 0x9f, 0xff, 0xe7, 0x9f, 0xff, 0xe7, 0x9f, 0xff, 0xe7, 0x9f, 0xff,
    0xe7, 0x9f, 0xff, 0xe7, 0x9f, 0xff, 0xe7, 0x9f, 0xff, 0xe7, 0x9f, 0xff, 0xe7, 0x9f, 0xff, 0xe7, 0x9f, 0xff, 0xe7, 0x9f, 0xff, 0xe7, 0x9f, 0xff,
    0xe7, 0x9f, 0xff, 0xe7, 0x9f, 0xff, 0xe7, 0x9f, 0xff, 0xe7, 0x9f, 0xff, 0xe7, 0x9f, 0xff, 0xe7, 0x9f, 0xff, 0x6d, 0xfd, 0xff, 0x14, 0xbb, 0xff,
    0x14, 0xbb, 0xff, 0x14, 0xbb, 0xff, 0x14, 0xbb, 0xff, 0x3d, 0x3c, 0xff, 0xdf, 0x5f, 0xff, 0xe7, 0x9f, 0xff, 0xe7, 0x9f, 0xff, 0xe7, 0x9f, 0xff,
    0xe7, 0x9f, 0xff, 0xe7, 0x9f, 0xff, 0xe7, 0x9f, 0xff, 0xe7, 0x9f, 0xff, 0xe7, 0x9f, 0xff, 0xe7, 0x9f, 0xff, 0xe7, 0x9f, 0xff, 0xe7, 0x9f, 0xff,
    0xe7, 0x9f, 0xff, 0xe7, 0x9f, 0xff, 0xe7, 0x9f, 0xff, 0xe7, 0x9f, 0xff, 0xe7, 0x9f, 0xff, 0xe7, 0x9f, 0xff, 0xe7, 0x9f, 0xff, 0xe7, 0x9f, 0xff,
    0xe7, 0x9f, 0xff, 0xe7, 0x9f, 0xff, 0xe7, 0x9f, 0xff, 0xe7, 0x9f, 0xff, 0xe7, 0x9f, 0xff, 0xe7, 0x9f, 0xff, 0xe7, 0x9f, 0xff, 0xe7, 0x9f, 0xff,
    0xe7, 0x9f, 0xff, 0xe7, 0x9f, 0xff, 0xe7, 0x9f, 0xff, 0xe7, 0x9f, 0xff, 0xe7, 0x9f, 0xff, 0xe7, 0x9f, 0xff, 0xdf, 0x7f, 0xff, 0x3d, 0x3c, 0xff,
    0x14, 0xbb, 0xff, 0x14, 0xbb, 0xff, 0x14, 0xbb, 0xff, 0x14, 0xbb, 0xff, 0x65, 0xdc, 0xff, 0xe7, 0x9f, 0xff, 0xe7, 0x9f, 0xff, 0xcf, 0x3f, 0xff,
    0x6d, 0xfd, 0xff, 0x96, 0x7d, 0xff, 0xe7, 0x9f, 0xff, 0xe7, 0x9f, 0xff, 0xe7, 0x9f, 0xff, 0xe7, 0x9f, 0xff, 0xe7, 0x9f, 0xff, 0xe7, 0x9f, 0xff,
    0xe7, 0x9f, 0xff, 0xe7, 0x9f, 0xff, 0xe7, 0x9f, 0xff, 0xe7, 0x9f, 0xff, 0xe7, 0x9f, 0xff, 0xe7, 0x9f, 0xff, 0xe7, 0x9f, 0xff, 0xe7, 0x9f, 0xff,
    0xe7, 0x9f, 0xff, 0xe7, 0x9f, 0xff, 0xe7, 0x9f, 0xff, 0xe7, 0x9f, 0xff, 0xe7, 0x9f, 0xff, 0xe7, 0x9f, 0xff, 0xe7, 0x9f, 0xff, 0xe7, 0x9f, 0xff,
    0xe7, 0x9f, 0xff, 0xe7, 0x9f, 0xff, 0xe7, 0x9f, 0xff, 0xe7, 0x9f, 0xff, 0xe7, 0x9f, 0xff, 0xe7, 0x9f, 0xff, 0xe7, 0x9f, 0xff, 0xcf, 0x3f, 0xff,
    0x2d, 0x1c, 0xff, 0x14, 0xbb, 0xff, 0x14, 0xbb, 0xff, 0x14, 0xbb, 0xff, 0x14, 0xbb, 0xff, 0x55, 0x9c, 0xff, 0xa6, 0xbe, 0xff, 0x2d, 0x1c, 0xff,
    0x14, 0xbb, 0xff, 0x14, 0xbb, 0xff, 0x2d, 0x1b, 0xff, 0xcf, 0x3e, 0xff, 0xe7, 0x9f, 0xff, 0xe7, 0x9f, 0xff, 0xe7, 0x9f, 0xff, 0xe7, 0x9f, 0xff,
    0xe7, 0x9f, 0xff, 0xe7, 0x9f, 0xff, 0xe7, 0x9f, 0xff, 0xe7, 0x9f, 0xff, 0xe7, 0x9f, 0xff, 0xe7, 0x9f, 0xff, 0xe7, 0x9f, 0xff, 0xe7, 0x9f, 0xff,
    0xe7, 0x9f, 0xff, 0xe7, 0x9f, 0xff, 0xe7, 0x9f, 0xff, 0xe7, 0x9f, 0xff, 0xe7, 0x9f, 0xff, 0xe7, 0x9f, 0xff, 0xe7, 0x9f, 0xff, 0xe7, 0x9f, 0xff,
    0xe7, 0x9f, 0xff, 0xe7, 0x9f, 0xff, 0xe7, 0x9f, 0xff, 0xe7, 0x9f, 0xff, 0xe7, 0x9f, 0xff, 0xe7, 0x9f, 0xff, 0xe7, 0x9f, 0xff, 0xe7, 0x9f, 0xff,
    0xbf, 0x1e, 0xff, 0x24, 0xfb, 0xff, 0x14, 0xbb, 0xff, 0x14, 0xbb, 0xff, 0x14, 0xbb, 0xff, 0x14, 0xbb, 0xff, 0x14, 0xbb, 0xff, 0x14, 0xbb, 0xff,
    0x14, 0xbb, 0xff, 0x14, 0xbb, 0xff, 0x14, 0xbb, 0xff, 0x14, 0xbb, 0xff, 0x7e, 0x1d, 0xff, 0xe7, 0x9f, 0xff, 0xe7, 0x9f, 0xff, 0xe7, 0x9f, 0xff,
    0xe7, 0x9f, 0xff, 0xe7, 0x9f, 0xff, 0xe7, 0x9f, 0xff, 0xe7, 0x9f, 0xff, 0xe7, 0x9f, 0xff, 0xe7, 0x9f, 0xff, 0xe7, 0x9f, 0xff, 0xe7, 0x9f, 0xff,
    0xe7, 0x9f, 0xff, 0xe7, 0x9f, 0xff, 0xe7, 0x9f, 0xff, 0xe7, 0x9f, 0xff, 0xe7, 0x9f, 0xff, 0xe7, 0x9f, 0xff, 0xe7, 0x9f, 0xff, 0xe7, 0x9f, 0xff,
    0xe7, 0x9f, 0xff, 0xe7, 0x9f, 0xff, 0xe7, 0x9f, 0xff, 0xe7, 0x9f, 0xff, 0xe7, 0x9f, 0xff, 0xe7, 0x9f, 0xff, 0xe7, 0x9f, 0xff, 0xe7, 0x9f, 0xff,
    0xe7, 0x9f, 0xff, 0x96, 0x7d, 0xff, 0x14, 0xbb, 0xff, 0x14, 0xbb, 0xff, 0x14, 0xbb, 0xff, 0x14, 0xbb, 0xff, 0x14, 0xbb, 0xff, 0x14, 0xbb, 0xff,
    0x14, 0xbb, 0xff, 0x14, 0xbb, 0xff, 0x14, 0xbb, 0xff, 0x14, 0xbb, 0xff, 0x14, 0xbb, 0xff, 0x6d, 0xfd, 0xff, 0xe7, 0x9f, 0xff, 0xe7, 0x9f, 0xff,
    0xe7, 0x9f, 0xff, 0xe7, 0x9f, 0xff, 0xe7, 0x9f, 0xff, 0xe7, 0x9f, 0xff, 0xe7, 0x9f, 0xff, 0xe7, 0x9f, 0xff, 0xe7, 0x9f, 0xff, 0xe7, 0x9f, 0xff,
    0xe7, 0x9f, 0xff, 0xe7, 0x9f, 0xff, 0xe7, 0x9f, 0xff, 0xe7, 0x9f, 0xff, 0xe7, 0x9f, 0xff, 0xe7, 0x9f, 0xff, 0xe7, 0x9f, 0xff, 0xe7, 0x9f, 0xff,
    0xe7, 0x9f, 0xff, 0xe7, 0x9f, 0xff, 0xe7, 0x9f, 0xff, 0xe7, 0x9f, 0xff, 0xe7, 0x9f, 0xff, 0xe7, 0x9f, 0xff, 0xe7, 0x9f, 0xff, 0xe7, 0x9f, 0xff,
    0xe7, 0x9f, 0xff, 0xe7, 0x9f, 0xff, 0x96, 0x7d, 0xff, 0x14, 0xbb, 0xff, 0x14, 0xbb, 0xff, 0x14, 0xbb, 0xff, 0x14, 0xbb, 0xff, 0x14, 0xbb, 0xff,
    0x14, 0xbb, 0xff, 0x14, 0xbb, 0xff, 0x14, 0xbb, 0xff, 0x14, 0xbb, 0xff, 0x14, 0xbb, 0xff, 0x14, 0xbb, 0xff, 0xe7, 0x9f, 0xff, 0xe7, 0x9f, 0xff,
    0xe7, 0x9f, 0xff, 0xe7, 0x9f, 0xff, 0xe7, 0x9f, 0xff, 0xe7, 0x9f, 0xff, 0xe7, 0x9f, 0xff, 0xe7, 0x9f, 0xff, 0xe7, 0x9f, 0xff, 0xe7, 0x9f, 0xff,
    0xe7, 0x9f, 0xff, 0xe7, 0x9f, 0xff, 0xe7, 0x9f, 0xff, 0xe7, 0x9f, 0xff, 0xe7, 0x9f, 0xff, 0xe7, 0x9f, 0xff, 0xe7, 0x9f, 0xff, 0xe7, 0x9f, 0xff,
    0xe7, 0x9f, 0xff, 0xe7, 0x9f, 0xff, 0xe7, 0x9f, 0xff, 0xe7, 0x9f, 0xff, 0xe7, 0x9f, 0xff, 0xe7, 0x9f, 0xff, 0xe7, 0x9f, 0xff, 0xe7, 0x9f, 0xff,
    0xe7, 0x9f, 0xff, 0xe7, 0x9f, 0xff, 0xe7, 0x9f, 0xff, 0xa6, 0xbe, 0xff, 0x24, 0xfb, 0xff, 0x14, 0xbb, 0xff, 0x14, 0xbb, 0xff, 0x14, 0xbb, 0xff,
    0x14, 0xbb, 0xff, 0x14, 0xbb, 0xff, 0x14, 0xbb, 0xff, 0x14, 0xbb, 0xff, 0x14, 0xbb, 0xff, 0x65, 0xbc, 0xff, 0xe7, 0x9f, 0xff, 0xe7, 0x9f, 0xff,
    0xe7, 0x9f, 0xff, 0xe7, 0x9f, 0xff, 0xe7, 0x9f, 0xff, 0xe7, 0x9f, 0xff, 0xe7, 0x9f, 0xff, 0xe7, 0x9f, 0xff, 0xe7, 0x9f, 0xff, 0xe7, 0x9f, 0xff,
    0xe7, 0x9f, 0xff, 0xe7, 0x9f, 0xff, 0xe7, 0x9f, 0xff, 0xe7, 0x9f, 0xff, 0xe7, 0x9f, 0xff, 0xe7, 0x9f, 0xff, 0xe7, 0x9f, 0xff, 0xe7, 0x9f, 0xff,
    0xe7, 0x9f, 0xff, 0xe7, 0x9f, 0xff, 0xe7, 0x9f, 0xff, 0xe7, 0x9f, 0xff, 0xe7, 0x9f, 0xff, 0xe7, 0x9f, 0xff, 0xe7, 0x9f, 0xff, 0xe7, 0x9f, 0xff,
    0xe7, 0x9f, 0xff, 0xe7, 0x9f, 0xff, 0xe7, 0x9f, 0xff, 0xe7, 0x9f, 0xff, 0xcf, 0x3f, 0xff, 0x2d, 0x1c, 0xff, 0x14, 0xbb, 0xff, 0x14, 0xbb, 0xff,
    0x14, 0xbb, 0xff, 0x14, 0xbb, 0xff, 0x14, 0xbb, 0xff, 0x14, 0xbb, 0xff, 0x2d, 0x1b, 0xff, 0xcf, 0x3e, 0xff, 0xe7, 0x9f, 0xff, 0xe7, 0x9f, 0xff,
    0xe7, 0x9f, 0xff, 0xe7, 0x9f, 0xff, 0xe7, 0x9f, 0xff, 0xe7, 0x9f, 0xff, 0xe7, 0x9f, 0xff, 0xe7, 0x9f, 0xff, 0xe7, 0x9f, 0xff, 0xe7, 0x9f, 0xff,
    0xe7, 0x9f, 0xff, 0xe7, 0x9f, 0xff, 0xe7, 0x9f, 0xff, 0xe7, 0x9f, 0xff, 0xe7, 0x9f, 0xff, 0xe7, 0x9f, 0xff, 0xe7, 0x9f, 0xff, 0xe7, 0x9f, 0xff,
    0xe7, 0x9f, 0xff, 0xe7, 0x9f, 0xff, 0xe7, 0x9f, 0xff, 0xe7, 0x9f, 0xff, 0xe7, 0x9f, 0xff, 0xe7, 0x9f, 0xff, 0xe7, 0x9f, 0xff, 0xe7, 0x9f, 0xff,
    0xe7, 0x9f, 0xff, 0xe7, 0x9f, 0xff, 0xe7, 0x9f, 0xff, 0xe7, 0x9f, 0xff, 0xe7, 0x9f, 0xff, 0xe7, 0x9f, 0xff, 0x7e, 0x1d, 0xff, 0x2d, 0x1c, 0xff,
    0x14, 0xbb, 0xff, 0x14, 0xbb, 0xff, 0x14, 0xbb, 0xff, 0x2d, 0x1b, 0xff, 0xcf, 0x3e, 0xff, 0xe7, 0x9f, 0xff, 0xe7, 0x9f, 0xff, 0xe7, 0x9f, 0xff,
    0xe7, 0x9f, 0xff, 0xe7, 0x9f, 0xff, 0xe7, 0x9f, 0xff, 0xe7, 0x9f, 0xff, 0xe7, 0x9f, 0xff, 0xe7, 0x9f, 0xff, 0xe7, 0x9f, 0xff, 0xe7, 0x9f, 0xff,
    0xe7, 0x9f, 0xff, 0xe7, 0x9f, 0xff, 0xe7, 0x9f, 0xff, 0xe7, 0x9f, 0xff, 0xe7, 0x9f, 0xff, 0xe7, 0x9f, 0xff, 0xe7, 0x9f, 0xff, 0xe7, 0x9f, 0xff,
    0xe7, 0x9f, 0xff, 0xe7, 0x9f, 0xff, 0xe7, 0x9f, 0xff, 0xe7, 0x9f, 0xff, 0xe7, 0x9f, 0xff, 0xe7, 0x9f, 0xff, 0xe7, 0x9f, 0xff, 0xe7, 0x9f, 0xff,
    0xe7, 0x9f, 0xff, 0xe7, 0x9f, 0xff, 0xe7, 0x9f, 0xff, 0xe7, 0x9f, 0xff, 0xe7, 0x9f, 0xff, 0xe7, 0x9f, 0xff, 0xe7, 0x9f, 0xff, 0xe7, 0x9f, 0xff,
    0xa6, 0xbe, 0xff, 0x7e, 0x1d, 0xff, 0x8e, 0x5d, 0xff, 0xdf, 0x5f, 0xff, 0xe7, 0x9f, 0xff, 0xe7, 0x9f, 0xff, 0xe7, 0x9f, 0xff, 0xe7, 0x9f, 0xff,
    0xe7, 0x9f, 0xff, 0xe7, 0x9f, 0xff, 0xe7, 0x9f, 0xff, 0xe7, 0x9f, 0xff, 0xe7, 0x9f, 0xff, 0xe7, 0x9f, 0xff, 0xe7, 0x9f, 0xff, 0xe7, 0x9f, 0xff,
    0xe7, 0x9f, 0xff, 0xe7, 0x9f, 0xff, 0xe7, 0x9f, 0xff, 0xe7, 0x9f, 0xff, 0xe7, 0x9f, 0xff, 0xe7, 0x9f, 0xff, 0xe7, 0x9f, 0xff, 0xe7, 0x9f, 0xff,
    0xe7, 0x9f, 0xff, 0xe7, 0x9f, 0xff, 0xe7, 0x9f, 0xff, 0xe7, 0x9f, 0xff, 0xe7, 0x9f, 0xff, 0xe7, 0x9f, 0xff, 0xe7, 0x9f, 0xff, 0xe7, 0x9f, 0xff,
    0xe7, 0x9f, 0xff, 0xe7, 0x9f, 0xff, 0xe7, 0x9f, 0xff, 0xe7, 0x9f, 0xff, 0xe7, 0x9f, 0xff, 0xe7, 0x9f, 0xff, 0xe7, 0x9f, 0xff, 0xe7, 0x9f, 0xff,
    0xe7, 0x9f, 0xff, 0xe7, 0x9f, 0xff, 0xe7, 0x9f, 0xff, 0xe7, 0x9f, 0xff, 0xe7, 0x9f, 0xff, 0xe7, 0x9f, 0xff, 0xe7, 0x9f, 0xff, 0xe7, 0x9f, 0xff,
    0xe7, 0x9f, 0xff, 0xe7, 0x9f, 0xff, 0xe7, 0x9f, 0xff, 0xe7, 0x9f, 0xff, 0xe7, 0x9f, 0xff, 0xe7, 0x9f, 0xff, 0xe7, 0x9f, 0xff, 0xe7, 0x9f, 0xff,
    0xe7, 0x9f, 0xff, 0xe7, 0x9f, 0xff, 0xe7, 0x9f, 0xff, 0xe7, 0x9f, 0xff, 0xe7, 0x9f, 0xff, 0xe7, 0x9f, 0xff, 0xe7, 0x9f, 0xff, 0xe7, 0x9f, 0xff,
    0xe7, 0x9f, 0xff, 0xe7, 0x9f, 0xff, 0xe7, 0x9f, 0xff, 0xe7, 0x9f, 0xff, 0xe7, 0x9f, 0xff, 0xe7, 0x9f, 0xff, 0xe7, 0x9f, 0xff, 0xe7, 0x9f, 0xff,
    0xe7, 0x9f, 0xff, 0xe7, 0x9f, 0xff, 0xe7, 0x9f, 0xff, 0xe7, 0x9f, 0xff, 0xe7, 0x9f, 0xff, 0xe7, 0x9f, 0xff, 0xe7, 0x9f, 0xff, 0xe7, 0x9f, 0xff,
    0xe7, 0x9f, 0xff, 0xe7, 0x9f, 0xff, 0xe7, 0x9f, 0xff, 0xe7, 0x9f, 0xff, 0xe7, 0x9f, 0xff, 0xe7, 0x9f, 0xff, 0xe7, 0x9f, 0xff, 0xe7, 0x9f, 0xff,
    0xe7, 0x9f, 0xff, 0xe7, 0x9f, 0xff, 0xe7, 0x9f, 0xff, 0xe7, 0x9f, 0xff, 0xe7, 0x9f, 0xff, 0xe7, 0x9f, 0xff, 0xe7, 0x9f, 0xff, 0xe7, 0x9f, 0xff,
    0xe7, 0x9f, 0xff, 0xe7, 0x9f, 0xff, 0xe7, 0x9f, 0xff, 0xe7, 0x9f, 0xff, 0xe7, 0x9f, 0xff, 0xe7, 0x9f, 0xff, 0xe7, 0x9f, 0xff, 0xe7, 0x9f, 0xff,
    0xe7, 0x9f, 0xff, 0xe7, 0x9f, 0xff, 0xe7, 0x9f, 0xff, 0xe7, 0x9f, 0xff, 0xe7, 0x9f, 0xff, 0xe7, 0x9f, 0xff, 0xe7, 0x9f, 0xff, 0xe7, 0x9f, 0xff,
    0xe7, 0x9f, 0xff, 0xe7, 0x9f, 0xff, 0xe7, 0x9f, 0xff, 0xe7, 0x9f, 0xff, 0xe7, 0x9f, 0xff, 0xe7, 0x9f, 0xff, 0xe7, 0x9f, 0xff, 0xe7, 0x9f, 0xff,
    0xe7, 0x9f, 0xff, 0xe7, 0x9f, 0xff, 0xe7, 0x9f, 0xff, 0xe7, 0x9f, 0xff, 0xe7, 0x9f, 0xff, 0xe7, 0x9f, 0xff, 0xe7, 0x9f, 0xff, 0xe7, 0x9f, 0xff,
    0xe7, 0x9f, 0xff, 0xe7, 0x9f, 0xff, 0xe7, 0x9f, 0xff, 0xe7, 0x9f, 0xff, 0xe7, 0x9f, 0xff, 0xe7, 0x9f, 0xff, 0xe7, 0x9f, 0xff, 0xe7, 0x9f, 0xff,
    0xe7, 0x9f, 0xff, 0xe7, 0x9f, 0xff, 0xe7, 0x9f, 0xff, 0xe7, 0x9f, 0xff, 0xe7, 0x9f, 0xff, 0xe7, 0x9f, 0xff, 0xe7, 0x9f, 0xff, 0xe7, 0x9f, 0xff,
    0xe7, 0x9f, 0xff, 0xe7, 0x9f, 0xff, 0xe7, 0x9f, 0xff, 0xe7, 0x9f, 0xff, 0xe7, 0x9f, 0xff, 0xe7, 0x9f, 0xff, 0xe7, 0x9f, 0xff, 0xe7, 0x9f, 0xff,
    0xe7, 0x9f, 0xff, 0xe7, 0x9f, 0xff, 0xe7, 0x9f, 0xff, 0xe7, 0x9f, 0xff, 0xe7, 0x9f, 0xff, 0xe7, 0x9f, 0xff, 0xe7, 0x9f, 0xff, 0xe7, 0x9f, 0xff,
    0xe7, 0x9f, 0xff, 0xe7, 0x9f, 0xff, 0xe7, 0x9f, 0xff, 0xe7, 0x9f, 0xff, 0xe7, 0x9f, 0xff, 0xe7, 0x9f, 0xff, 0xe7, 0x9f, 0xff, 0xe7, 0x9f, 0xff,
    0xe7, 0x9f, 0xff, 0xe7, 0x9f, 0xff, 0xe7, 0x9f, 0xff, 0xe7, 0x9f, 0xff, 0xe7, 0x9f, 0xff, 0xe7, 0x9f, 0xff, 0xe7, 0x9f, 0xff, 0xe7, 0x9f, 0xff,
    0xe7, 0x9f, 0xff, 0xe7, 0x9f, 0xff, 0xe7, 0x9f, 0xff, 0xe7, 0x9f, 0xff, 0xe7, 0x9f, 0xff, 0xe7, 0x9f, 0xff, 0xe7, 0x9f, 0xff, 0xe7, 0x9f, 0xff,
    0xe7, 0x9f, 0xff, 0xe7, 0x9f, 0xff, 0xe7, 0x9f, 0xff, 0xe7, 0x9f, 0xff, 0xe7, 0x9f, 0xff, 0xe7, 0x9f, 0xff, 0xe7, 0x9f, 0xff, 0xe7, 0x9f, 0xff,
    0xe7, 0x9f, 0xff, 0xe7, 0x9f, 0xff, 0xe7, 0x9f, 0xff, 0xe7, 0x9f, 0xff, 0xe7, 0x9f, 0xff, 0xe7, 0x9f, 0xff, 0xe7, 0x9f, 0xff, 0xe7, 0x9f, 0xff,
    0xe7, 0x9f, 0xff, 0xe7, 0x9f, 0xff, 0xe7, 0x9f, 0xff, 0xe7, 0x9f, 0xff, 0xe7, 0x9f, 0xff, 0xe7, 0x9f, 0xff, 0xe7, 0x9f, 0xff, 0xe7, 0x9f, 0xff,
    0xe7, 0x9f, 0xff, 0xe7, 0x9f, 0xff, 0xe7, 0x9f, 0xff, 0xe7, 0x9f, 0xff, 0xe7, 0x9f, 0xff, 0xe7, 0x9f, 0xff, 0xe7, 0x9f, 0xff, 0xe7, 0x9f, 0xff,
    0xe7, 0x9f, 0xff, 0xe7, 0x9f, 0xff, 0xe7, 0x9f, 0xff, 0xe7, 0x9f, 0xff, 0xe7, 0x9f, 0xff, 0xe7, 0x9f, 0xff, 0xe7, 0x9f, 0xff, 0xe7, 0x9f, 0xff,
    0xe7, 0x9f, 0xff, 0xe7, 0x9f, 0xff, 0xe7, 0x9f, 0xff, 0xe7, 0x9f, 0xff, 0xe7, 0x9f, 0xff, 0xe7, 0x9f, 0xff, 0xe7, 0x9f, 0xff, 0xe7, 0x9f, 0xff,
    0xe7, 0x9f, 0xff, 0xe7, 0x9f, 0xff, 0xe7, 0x9f, 0xff, 0xe7, 0x9f, 0xff, 0xe7, 0x9f, 0xff, 0xe7, 0x9f, 0xff, 0xe7, 0x9f, 0xff, 0xe7, 0x9f, 0xff,
    0xe7, 0x9f, 0xff, 0xe7, 0x9f, 0xff, 0xe7, 0x9f, 0xff, 0xe7, 0x9f, 0xff, 0xe7, 0x9f, 0xff, 0xe7, 0x9f, 0xff, 0xe7, 0x9f, 0xff, 0xe7, 0x9f, 0xff,
    0xe7, 0x9f, 0xff, 0xe7, 0x9f, 0xff, 0xe7, 0x9f, 0xff, 0xe7, 0x9f, 0xff, 0xe7, 0x9f, 0xff, 0xe7, 0x9f, 0xff, 0xe7, 0x9f, 0xff, 0xe7, 0x9f, 0xff,
    0xe7, 0x9f, 0xff, 0xe7, 0x9f, 0xff, 0xe7, 0x9f, 0xff, 0xe7, 0x9f, 0xff, 0xe7, 0x9f, 0xff, 0xe7, 0x9f, 0xff, 0xe7, 0x9f, 0xff, 0xe7, 0x9f, 0xff,
    0xe7, 0x9f, 0xff, 0xe7, 0x9f, 0xff, 0xe7, 0x9f, 0xff, 0xe7, 0x9f, 0xff, 0xe7, 0x9f, 0xff, 0xe7, 0x9f, 0xff, 0xe7, 0x9f, 0xff, 0xe7, 0x9f, 0xff,
    0xe7, 0x9f, 0xff, 0xe7, 0x9f, 0xff, 0xe7, 0x9f, 0xff, 0xe7, 0x9f, 0xff, 0xe7, 0x9f, 0xff, 0xe7, 0x9f, 0xff, 0xe7, 0x9f, 0xff, 0xe7, 0x9f, 0xff,
    0xe7, 0x9f, 0xff, 0xe7, 0x9f, 0xff, 0xe7, 0x9f, 0xff, 0xe7, 0x9f, 0xff, 0xe7, 0x9f, 0xff, 0xe7, 0x9f, 0xff, 0xe7, 0x9f, 0xff, 0xe7, 0x9f, 0xff,
    0xe7, 0x9f, 0xff, 0xe7, 0x9f, 0xff, 0xe7, 0x9f, 0xff, 0xe7, 0x9f, 0xff, 0xe7, 0x9f, 0xff, 0xe7, 0x9f, 0xff, 0xe7, 0x9f, 0xff, 0xe7, 0x9f, 0xff,
    0xe7, 0x9f, 0xff, 0xe7, 0x9f, 0xff, 0xe7, 0x9f, 0xff, 0xe7, 0x9f, 0xff, 0xe7, 0x9f, 0xff, 0xe7, 0x9f, 0xff, 0xe7, 0x9f, 0xff, 0xe7, 0x9f, 0xff,
    0xe7, 0x9f, 0xff, 0xe7, 0x9f, 0xff, 0xe7, 0x9f, 0xff, 0xe7, 0x9f, 0xff, 0xe7, 0x9f, 0xff, 0xe7, 0x9f, 0xff, 0xe7, 0x9f, 0xff, 0xe7, 0x9f, 0xff,
    0xe7, 0x9f, 0xff, 0xe7, 0x9f, 0xff, 0xe7, 0x9f, 0xff, 0xe7, 0x9f, 0xff, 0xe7, 0x9f, 0xff, 0xe7, 0x9f, 0xff, 0xe7, 0x9f, 0xff, 0xe7, 0x9f, 0xff,
    0xe7, 0x9f, 0xff, 0xe7, 0x9f, 0xff, 0xe7, 0x9f, 0xff, 0xe7, 0x9f, 0xff, 0xe7, 0x9f, 0xff, 0xe7, 0x9f, 0xff, 0xe7, 0x9f, 0xff, 0xe7, 0x9f, 0xff,
    0xe7, 0x9f, 0xff, 0xe7, 0x9f, 0xff, 0xe7, 0x9f, 0xff, 0xe7, 0x9f, 0xff, 0xe7, 0x9f, 0xff, 0xe7, 0x9f, 0xff, 0xe7, 0x9f, 0xff, 0xe7, 0x9f, 0xff,
};

const lv_img_dsc_t home_icon_call_img = {
    .header.cf = LV_IMG_CF_TRUE_COLOR_ALPHA,
    .header.always_zero = 0,
    .header.reserved = 0,
    .header.w = 40,
    .header.h = 40,
    .data_size = 40 * 40 * LV_IMG_PX_SIZE_ALPHA_BYTE,
    .data = home_icon_call_img_map,
};

static const LV_ATTRIBUTE_MEM_ALIGN LV_ATTRIBUTE_LARGE_CONST uint8_t home_icon_wechat_img_map[] = {
    0xef, 0xfb, 0xff, 0xef, 0xfb, 0xff, 0xef, 0xfb, 0xff, 0xef, 0xfb, 0xff, 0xef, 0xfb, 0xff, 0xef, 0xfb, 0xff, 0xef, 0xfb, 0xff, 0xef, 0xfb, 0xff,
    0xef, 0xfb, 0xff, 0xef, 0xfb, 0xff, 0xef, 0xfb, 0xff, 0xef, 0xfb, 0xff, 0xef, 0xfb, 0xff, 0xef, 0xfb, 0xff, 0xef, 0xfb, 0xff, 0xef, 0xfb, 0xff,
    0xef, 0xfb, 0xff, 0xef, 0xfb, 0xff, 0xef, 0xfb, 0xff, 0xef, 0xfb, 0xff, 0xef, 0xfb, 0xff, 0xef, 0xfb, 0xff, 0xef, 0xfb, 0xff, 0xef, 0xfb, 0xff,
    0xef, 0xfb, 0xff, 0xef, 0xfb, 0xff, 0xef, 0xfb, 0xff, 0xef, 0xfb, 0xff, 0xef, 0xfb, 0xff, 0xef, 0xfb, 0xff, 0xef, 0xfb, 0xff, 0xef, 0xfb, 0xff,
    0xef, 0xfb, 0xff, 0xef, 0xfb, 0xff, 0xef, 0xfb, 0xff, 0xef, 0xfb, 0xff, 0xef, 0xfb, 0xff, 0xef, 0xfb, 0xff, 0xef, 0xfb, 0xff, 0xef, 0xfb, 0xff,
    0xef, 0xfb, 0xff, 0xef, 0xfb, 0xff, 0xef, 0xfb, 0xff, 0xef, 0xfb, 0xff, 0xef, 0xfb, 0xff, 0xef, 0xfb, 0xff, 0xef, 0xfb, 0xff, 0xef, 0xfb, 0xff,
    0xef, 0xfb, 0xff, 0xef, 0xfb, 0xff, 0xef, 0xfb, 0xff, 0xef, 0xfb, 0xff, 0xef, 0xfb, 0xff, 0xef, 0xfb, 0xff, 0xef, 0xfb, 0xff, 0xef, 0xfb, 0xff,
    0xef, 0xfb, 0xff, 0xef, 0xfb, 0xff, 0xef, 0xfb, 0xff, 0xef, 0xfb, 0xff, 0xef, 0xfb, 0xff, 0xef, 0xfb, 0xff, 0xef, 0xfb, 0xff, 0xef, 0xfb, 0xff,
    0xef, 0xfb, 0xff, 0xef, 0xfb, 0xff, 0xef, 0xfb, 0xff, 0xef, 0xfb, 0xff, 0xef, 0xfb, 0xff, 0xef, 0xfb, 0xff, 0xef, 0xfb, 0xff, 0xef, 0xfb, 0xff,
    0xef, 0xfb, 0xff, 0xef, 0xfb, 0xff, 0xef, 0xfb, 0xff, 0xef, 0xfb, 0xff, 0xef, 0xfb, 0xff, 0xef, 0xfb, 0xff, 0xef, 0xfb, 0xff, 0xef, 0xfb, 0xff,
    0xef, 0xfb, 0xff, 0xef, 0xfb, 0xff, 0xef, 0xfb, 0xff, 0xef, 0xfb, 0xff, 0xef, 0xfb, 0xff, 0xef, 0xfb, 0xff, 0xef, 0xfb, 0xff, 0xef, 0xfb, 0xff,
    0xef, 0xfb, 0xff, 0xef, 0xfb, 0xff, 0xef, 0xfb, 0xff, 0xef, 0xfb, 0xff, 0xef, 0xfb, 0xff, 0xef, 0xfb, 0xff, 0xef, 0xfb, 0xff, 0xef, 0xfb, 0xff,
    0xef, 0xfb, 0xff, 0xef, 0xfb, 0xff, 0xef, 0xfb, 0xff, 0xef, 0xfb, 0xff, 0xef, 0xfb, 0xff, 0xef, 0xfb, 0xff, 0xef, 0xfb, 0xff, 0xef, 0xfb, 0xff,
    0xef, 0xfb, 0xff, 0xef, 0xfb, 0xff, 0xef, 0xfb, 0xff, 0xef, 0xfb, 0xff, 0xef, 0xfb, 0xff, 0xef, 0xfb, 0xff, 0xef, 0xfb, 0xff, 0xef, 0xfb, 0xff,
    0xef, 0xfb, 0xff, 0xef, 0xfb, 0xff, 0xef, 0xfb, 0xff, 0xef, 0xfb, 0xff, 0xef, 0xfb, 0xff, 0xef, 0xfb, 0xff, 0xef, 0xfb, 0xff, 0xef, 0xfb, 0xff,
    0xef, 0xfb, 0xff, 0xef, 0xfb, 0xff, 0xef, 0xfb, 0xff, 0xef, 0xfb, 0xff, 0xef, 0xfb, 0xff, 0xef, 0xfb, 0xff, 0xef, 0xfb, 0xff, 0xef, 0xfb, 0xff,
    0xef, 0xfb, 0xff, 0xef, 0xfb, 0xff, 0xef, 0xfb, 0xff, 0xef, 0xfb, 0xff, 0xef, 0xfb, 0xff, 0xef, 0xfb, 0xff, 0xef, 0xfb, 0xff, 0xef, 0xfb, 0xff,
    0xef, 0xfb, 0xff, 0xef, 0xfb, 0xff, 0xef, 0xfb, 0xff, 0xef, 0xfb, 0xff, 0xef, 0xfb, 0xff, 0xef, 0xfb, 0xff, 0xef, 0xfb, 0xff, 0xef, 0xfb, 0xff,
    0xef, 0xfb, 0xff, 0xef, 0xfb, 0xff, 0xef, 0xfb, 0xff, 0xef, 0xfb, 0xff, 0xef, 0xfb, 0xff, 0xef, 0xfb, 0xff, 0xef, 0xfb, 0xff, 0xef, 0xfb, 0xff,
    0xef, 0xfb, 0xff, 0xef, 0xfb, 0xff, 0xef, 0xfb, 0xff, 0xef, 0xfb, 0xff, 0xef, 0xfb, 0xff, 0xef, 0xfb, 0xff, 0xef, 0xfb, 0xff, 0xef, 0xfb, 0xff,
    0xef, 0xfb, 0xff, 0xef, 0xfb, 0xff, 0xef, 0xfb, 0xff, 0xef, 0xfb, 0xff, 0xef, 0xfb, 0xff, 0xef, 0xfb, 0xff, 0xef, 0xfb, 0xff, 0xef, 0xfb, 0xff,
    0xef, 0xfb, 0xff, 0xef, 0xfb, 0xff, 0xef, 0xfb, 0xff, 0xef, 0xfb, 0xff, 0xef, 0xfb, 0xff, 0xef, 0xfb, 0xff, 0xef, 0xfb, 0xff, 0xef, 0xfb, 0xff,
    0xef, 0xfb, 0xff, 0xef, 0xfb, 0xff, 0xef, 0xfb, 0xff, 0xef, 0xfb, 0xff, 0xef, 0xfb, 0xff, 0xef, 0xfb, 0xff, 0xef, 0xfb, 0xff, 0xef, 0xfb, 0xff,
    0xef, 0xfb, 0xff, 0xef, 0xfb, 0xff, 0xef, 0xfb, 0xff, 0xef, 0xfb, 0xff, 0xef, 0xfb, 0xff, 0xef, 0xfb, 0xff, 0xef, 0xfb, 0xff, 0xef, 0xfb, 0xff,
    0xef, 0xfb, 0xff, 0xef, 0xfb, 0xff, 0xef, 0xfb, 0xff, 0xef, 0xfb, 0xff, 0xef, 0xfb, 0xff, 0xef, 0xfb, 0xff, 0xef, 0xfb, 0xff, 0xef, 0xfb, 0xff,
    0xef, 0xfb, 0xff, 0xef, 0xfb, 0xff, 0xef, 0xfb, 0xff, 0xef, 0xfb, 0xff, 0xef, 0xfb, 0xff, 0xef, 0xfb, 0xff, 0xef, 0xfb, 0xff, 0xef, 0xfb, 0xff,
    0xef, 0xfb, 0xff, 0xef, 0xfb, 0xff, 0xef, 0xfb, 0xff, 0xef, 0xfb, 0xff, 0xef, 0xfb, 0xff, 0xef, 0xfb, 0xff, 0xef, 0xfb, 0xff, 0xef, 0xfb, 0xff,
    0xef, 0xfb, 0xff, 0xef, 0xfb, 0xff, 0xef, 0xfb, 0xff, 0xef, 0xfb, 0xff, 0xef, 0xfb, 0xff, 0xef, 0xfb, 0xff, 0xef, 0xfb, 0xff, 0xef, 0xfb, 0xff,
    0xef, 0xfb, 0xff, 0xef, 0xfb, 0xff, 0xef, 0xfb, 0xff, 0xef, 0xfb, 0xff, 0xef, 0xfb, 0xff, 0xef, 0xfb, 0xff, 0xef, 0xfb, 0xff, 0xef, 0xfb, 0xff,
    0xef, 0xfb, 0xff, 0xef, 0xfb, 0xff, 0xef, 0xfb, 0xff, 0xef, 0xfb, 0xff, 0xef, 0xfb, 0xff, 0xef, 0xfb, 0xff, 0xef, 0xfb, 0xff, 0xef, 0xfb, 0xff,
    0xef, 0xfb, 0xff, 0xef, 0xfb, 0xff, 0xef, 0xfb, 0xff, 0xef, 0xfb, 0xff, 0xef, 0xfb, 0xff, 0xef, 0xfb, 0xff, 0xef, 0xfb, 0xff, 0xef, 0xfb, 0xff,
    0xef, 0xfb, 0xff, 0xdf, 0xfa, 0xff, 0xa7, 0x95, 0xff, 0x6f, 0x51, 0xff, 0x3f, 0x0d, 0xff, 0x26, 0xcb, 0xff, 0x26, 0xcb, 0xff, 0x26, 0xcb, 0xff,
    0x26, 0xcb, 0xff, 0x4f, 0x0e, 0xff, 0x6f, 0x51, 0xff, 0x9f, 0x95, 0xff, 0xef, 0xfb, 0xff, 0xef, 0xfb, 0xff, 0xef, 0xfb, 0xff, 0xef, 0xfb, 0xff,
    0xef, 0xfb, 0xff, 0xef, 0xfb, 0xff, 0xef, 0xfb, 0xff, 0xef, 0xfb, 0xff, 0xef, 0xfb, 0xff, 0xef, 0xfb, 0xff, 0xef, 0xfb, 0xff, 0xef, 0xfb, 0xff,
    0xef, 0xfb, 0xff, 0xef, 0xfb, 0xff, 0xef, 0xfb, 0xff, 0xef, 0xfb, 0xff, 0xef, 0xfb, 0xff, 0xef, 0xfb, 0xff, 0xef, 0xfb, 0xff, 0xef, 0xfb, 0xff,
    0xef, 0xfb, 0xff, 0xef, 0xfb, 0xff, 0xef, 0xfb, 0xff, 0xef, 0xfb, 0xff, 0xef, 0xfb, 0xff, 0xef, 0xfb, 0xff, 0xef, 0xfb, 0xff, 0xdf, 0xfa, 0xff,
    0x87, 0x73, 0xff, 0x36, 0xec, 0xff, 0x26, 0xcb, 0xff, 0x26, 0xcb, 0xff, 0x26, 0xcb, 0xff, 0x26, 0xcb, 0xff, 0x26, 0xcb, 0xff, 0x26, 0xcb, 0xff,
    0x26, 0xcb, 0xff, 0x26, 0xcb, 0xff, 0x26, 0xcb, 0xff, 0x26, 0xcb, 0xff, 0x3e, 0xed, 0xff, 0x87, 0x73, 0xff, 0xdf, 0xfa, 0xff, 0xef, 0xfb, 0xff,
    0xef, 0xfb, 0xff, 0xef, 0xfb, 0xff, 0xef, 0xfb, 0xff, 0xef, 0xfb, 0xff, 0xef, 0xfb, 0xff, 0xef, 0xfb, 0xff, 0xef, 0xfb, 0xff, 0xef, 0xfb, 0xff,
    0xef, 0xfb, 0xff, 0xef, 0xfb, 0xff, 0xef, 0xfb, 0xff, 0xef, 0xfb, 0xff, 0xef, 0xfb, 0xff, 0xef, 0xfb, 0xff, 0xef, 0xfb, 0xff, 0xef, 0xfb, 0xff,
    0xef, 0xfb, 0xff, 0xef, 0xfb, 0xff, 0xef, 0xfb, 0xff, 0xef, 0xfb, 0xff, 0xef, 0xfb, 0xff, 0xef, 0xfb, 0xff, 0xc7, 0xd8, 0xff, 0x3f, 0x0d, 0xff,
    0x26, 0xcb, 0xff, 0x26, 0xcb, 0xff, 0x26, 0xcb, 0xff, 0x26, 0xcb, 0xff, 0x26, 0xcb, 0xff, 0x26, 0xcb, 0xff, 0x26, 0xcb, 0xff, 0x26, 0xcb, 0xff,
    0x26, 0xcb, 0xff, 0x26, 0xcb, 0xff, 0x26, 0xcb, 0xff, 0x26, 0xcb, 0xff, 0x26, 0xcb, 0xff, 0x26, 0xcb, 0xff, 0x3e, 0xed, 0xff, 0xb7, 0xb7, 0xff,
    0xef, 0xfb, 0xff, 0xef, 0xfb, 0xff, 0xef, 0xfb, 0xff, 0xef, 0xfb, 0xff, 0xef, 0xfb, 0xff, 0xef, 0xfb, 0xff, 0xef, 0xfb, 0xff, 0xef, 0xfb, 0xff,
    0xef, 0xfb, 0xff, 0xef, 0xfb, 0xff, 0xef, 0xfb, 0xff, 0xef, 0xfb, 0xff, 0xef, 0xfb, 0xff, 0xef, 0xfb, 0xff, 0xef, 0xfb, 0xff, 0xef, 0xfb, 0xff,
    0xef, 0xfb, 0xff, 0xef, 0xfb, 0xff, 0xef, 0xfb, 0xff, 0xef, 0xfb, 0xff, 0xef, 0xfb, 0xff, 0xc7, 0xd8, 0xff, 0x36, 0xec, 0xff, 0x26, 0xcb, 0xff,
    0x26, 0xcb, 0xff, 0x26, 0xcb, 0xff, 0x26, 0xcb, 0xff, 0x26, 0xcb, 0xff, 0x26, 0xcb, 0xff, 0x26, 0xcb, 0xff, 0x26, 0xcb, 0xff, 0x26, 0xcb, 0xff,
    0x26, 0xcb, 0xff, 0x26, 0xcb, 0xff, 0x26, 0xcb, 0xff, 0x26, 0xcb, 0xff, 0x26, 0xcb, 0xff, 0x26, 0xcb, 0xff, 0x26, 0xcb, 0xff, 0x26, 0xcb, 0xff,
    0x9f, 0x95, 0xff, 0xef, 0xfb, 0xff, 0xef, 0xfb, 0xff, 0xef, 0xfb, 0xff, 0xef, 0xfb, 0xff, 0xef, 0xfb, 0xff, 0xef, 0xfb, 0xff, 0xef, 0xfb, 0xff,
    0xef, 0xfb, 0xff, 0xef, 0xfb, 0xff, 0xef, 0xfb, 0xff, 0xef, 0xfb, 0xff, 0xef, 0xfb, 0xff, 0xef, 0xfb, 0xff, 0xef, 0xfb, 0xff, 0xef, 0xfb, 0xff,
    0xef, 0xfb, 0xff, 0xef, 0xfb, 0xff, 0xef, 0xfb, 0xff, 0xef, 0xfb, 0xff, 0xd7, 0xd9, 0xff, 0x36, 0xec, 0xff, 0x26, 0xcb, 0xff, 0x26, 0xcb, 0xff,
    0x26, 0xcb, 0xff, 0x26, 0xcb, 0xff, 0x26, 0xcb, 0xff, 0x26, 0xcb, 0xff, 0x26, 0xcb, 0xff, 0x26, 0xcb, 0xff, 0x26, 0xcb, 0xff, 0x26, 0xcb, 0xff,
    0x26, 0xcb, 0xff, 0x26, 0xcb, 0xff, 0x26, 0xcb, 0xff, 0x26, 0xcb, 0xff, 0x26, 0xcb, 0xff, 0x26, 0xcb, 0xff, 0x26, 0xcb, 0xff, 0x26, 0xcb, 0xff,
    0x26, 0xcb, 0xff, 0xaf, 0xb6, 0xff, 0xef, 0xfb, 0xff, 0xef, 0xfb, 0xff, 0xef, 0xfb, 0xff, 0xef, 0xfb, 0xff, 0xef, 0xfb, 0xff, 0xef, 0xfb, 0xff,
    0xef, 0xfb, 0xff, 0xef, 0xfb, 0xff, 0xef, 0xfb, 0xff, 0xef, 0xfb, 0xff, 0xef, 0xfb, 0xff, 0xef, 0xfb, 0xff, 0xef, 0xfb, 0xff, 0xef, 0xfb, 0xff,
    0xef, 0xfb, 0xff, 0xef, 0xfb, 0xff, 0xef, 0xfb, 0xff, 0xef, 0xfb, 0xff, 0x3f, 0x0d, 0xff, 0x26, 0xcb, 0xff, 0x26, 0xcb, 0xff, 0x26, 0xcb, 0xff,
    0x26, 0xcb, 0xff, 0x67, 0x30, 0xff, 0xdf, 0xfa, 0xff, 0xef, 0xfb, 0xff, 0x67, 0x30, 0xff, 0x26, 0xcb, 0xff, 0x26, 0xcb, 0xff, 0x26, 0xcb, 0xff,
    0x26, 0xcb, 0xff, 0x26, 0xcb, 0xff, 0x87, 0x73, 0xff, 0xd7, 0xd9, 0xff, 0x97, 0x74, 0xff, 0x26, 0xcb, 0xff, 0x26, 0xcb, 0xff, 0x26, 0xcb, 0xff,
    0x26, 0xcb, 0xff, 0x36, 0xec, 0xff, 0xdf, 0xfa, 0xff, 0xef, 0xfb, 0xff, 0xef, 0xfb, 0xff, 0xef, 0xfb, 0xff, 0xef, 0xfb, 0xff, 0xef, 0xfb, 0xff,
    0xef, 0xfb, 0xff, 0xef, 0xfb, 0xff, 0xef, 0xfb, 0xff, 0xef, 0xfb, 0xff, 0xef, 0xfb, 0xff, 0xef, 0xfb, 0xff, 0xef, 0xfb, 0xff, 0xef, 0xfb, 0xff,
    0xef, 0xfb, 0xff, 0xef, 0xfb, 0xff, 0xef, 0xfb, 0xff, 0x9f, 0x95, 0xff, 0x26, 0xcb, 0xff, 0x26, 0xcb, 0xff, 0x26, 0xcb, 0xff, 0x26, 0xcb, 0xff,
    0x26, 0xcb, 0xff, 0xaf, 0xb6, 0xff, 0xef, 0xfb, 0xff, 0xef, 0xfb, 0xff, 0x9f, 0x95, 0xff, 0x26, 0xcb, 0xff, 0x26, 0xcb, 0xff, 0x26, 0xcb, 0xff,
    0x26, 0xcb, 0xff, 0x57, 0x2f, 0xff, 0xef, 0xfb, 0xff, 0xef, 0xfb, 0xff, 0xef, 0xfb, 0xff, 0x3f, 0x0d, 0xff, 0x26, 0xcb, 0xff, 0x26, 0xcb, 0xff,
    0x26, 0xcb, 0xff, 0x26, 0xcb, 0xff, 0x7f, 0x52, 0xff, 0xef, 0xfb, 0xff, 0xef, 0xfb, 0xff, 0xef, 0xfb, 0xff, 0xef, 0xfb, 0xff, 0xef, 0xfb, 0xff,
    0xef, 0xfb, 0xff, 0xef, 0xfb, 0xff, 0xef, 0xfb, 0xff, 0xef, 0xfb, 0xff, 0xef, 0xfb, 0xff, 0xef, 0xfb, 0xff, 0xef, 0xfb, 0xff, 0xef, 0xfb, 0xff,
    0xef, 0xfb, 0xff, 0xef, 0xfb, 0xff, 0xef, 0xfb, 0xff, 0x57, 0x2f, 0xff, 0x26, 0xcb, 0xff, 0x26, 0xcb, 0xff, 0x26, 0xcb, 0xff, 0x26, 0xcb, 0xff,
    0x26, 0xcb, 0xff, 0x4f, 0x0e, 0xff, 0xd7, 0xd9, 0xff, 0xdf, 0xfa, 0xff, 0x67, 0x30, 0xff, 0x26, 0xcb, 0xff, 0x26, 0xcb, 0xff, 0x26, 0xcb, 0xff,
    0x26, 0xcb, 0xff, 0x36, 0xec, 0xff, 0xd7, 0xd9, 0xff, 0xef, 0xfb, 0xff, 0xd7, 0xd9, 0xff, 0x26, 0xcb, 0xff, 0x26, 0xcb, 0xff, 0x26, 0xcb, 0xff,
    0x26, 0xcb, 0xff, 0x26, 0xcb, 0xff, 0x36, 0xec, 0xff, 0xdf, 0xfa, 0xff, 0xef, 0xfb, 0xff, 0xef, 0xfb, 0xff, 0xef, 0xfb, 0xff, 0xef, 0xfb, 0xff,
    0xef, 0xfb, 0xff, 0xef, 0xfb, 0xff, 0xef, 0xfb, 0xff, 0xef, 0xfb, 0xff, 0xef, 0xfb, 0xff, 0xef, 0xfb, 0xff, 0xef, 0xfb, 0xff, 0xef, 0xfb, 0xff,
    0xef, 0xfb, 0xff, 0xef, 0xfb, 0xff, 0xdf, 0xfa, 0xff, 0x26, 0xcb, 0xff, 0x26, 0xcb, 0xff, 0x26, 0xcb, 0xff, 0x26, 0xcb, 0xff, 0x26, 0xcb, 0xff,
    0x26, 0xcb, 0xff, 0x26, 0xcb, 0xff, 0x26, 0xcb, 0xff, 0x26, 0xcb, 0xff, 0x26, 0xcb, 0xff, 0x26, 0xcb, 0xff, 0x26, 0xcb, 0xff, 0x26, 0xcb, 0xff,
    0x26, 0xcb, 0xff, 0x26, 0xcb, 0xff, 0x26, 0xcb, 0xff, 0x3f, 0x0d, 0xff, 0x26, 0xcb, 0xff, 0x26, 0xcb, 0xff, 0x36, 0xec, 0xff, 0x57, 0x2f, 0xff,
    0x7f, 0x52, 0xff, 0x97, 0x74, 0xff, 0x97, 0x74, 0xff, 0xdf, 0xfa, 0xff, 0xef, 0xfb, 0xff, 0xef, 0xfb, 0xff, 0xef, 0xfb, 0xff, 0xef, 0xfb, 0xff,
    0xef, 0xfb, 0xff, 0xef, 0xfb, 0xff, 0xef, 0xfb, 0xff, 0xef, 0xfb, 0xff, 0xef, 0xfb, 0xff, 0xef, 0xfb, 0xff, 0xef, 0xfb, 0xff, 0xef, 0xfb, 0xff,
    0xef, 0xfb, 0xff, 0xef, 0xfb, 0xff, 0xc7, 0xd8, 0xff, 0x26, 0xcb, 0xff, 0x26, 0xcb, 0xff, 0x26, 0xcb, 0xff, 0x26, 0xcb, 0xff, 0x26, 0xcb, 0xff,
    0x26, 0xcb, 0xff, 0x26, 0xcb, 0xff, 0x26, 0xcb, 0xff, 0x26, 0xcb, 0xff, 0x26, 0xcb, 0xff, 0x26, 0xcb, 0xff, 0x26, 0xcb, 0xff, 0x26, 0xcb, 0xff,
    0x26, 0xcb, 0xff, 0x26, 0xcb, 0xff, 0x26, 0xcb, 0xff, 0x26, 0xcb, 0xff, 0x36, 0xec, 0xff, 0x87, 0x73, 0xff, 0xd7, 0xd9, 0xff, 0x97, 0x74, 0xff,
    0x67, 0x30, 0xff, 0x3f, 0x0d, 0xff, 0x3f, 0x0d, 0xff, 0x3f, 0x0d, 0xff, 0x4f, 0x0e, 0xff, 0x6f, 0x51, 0xff, 0x9f, 0x95, 0xff, 0xef, 0xfb, 0xff,
    0xef, 0xfb, 0xff, 0xef, 0xfb, 0xff, 0xef, 0xfb, 0xff, 0xef, 0xfb, 0xff, 0xef, 0xfb, 0xff, 0xef, 0xfb, 0xff, 0xef, 0xfb, 0xff, 0xef, 0xfb, 0xff,
    0xef, 0xfb, 0xff, 0xef, 0xfb, 0xff, 0xbf, 0xb7, 0xff, 0x26, 0xcb, 0xff, 0x26, 0xcb, 0xff, 0x26, 0xcb, 0xff, 0x26, 0xcb, 0xff, 0x26, 0xcb, 0xff,
    0x26, 0xcb, 0xff, 0x26, 0xcb, 0xff, 0x26, 0xcb, 0xff, 0x26, 0xcb, 0xff, 0x26, 0xcb, 0xff, 0x26, 0xcb, 0xff, 0x26, 0xcb, 0xff, 0x26, 0xcb, 0xff,
    0x26, 0xcb, 0xff, 0x26, 0xcb, 0xff, 0x26, 0xcb, 0xff, 0x6f, 0x51, 0xff, 0xc7, 0xd8, 0xff, 0x6f, 0x51, 0xff, 0x26, 0xcb, 0xff, 0x26, 0xcb, 0xff,
    0x26, 0xcb, 0xff, 0x26, 0xcb, 0xff, 0x26, 0xcb, 0xff, 0x26, 0xcb, 0xff, 0x26, 0xcb, 0xff, 0x26, 0xcb, 0xff, 0x26, 0xcb, 0xff, 0x3e, 0xed, 0xff,
    0x87, 0x73, 0xff, 0xef, 0xfb, 0xff, 0xef, 0xfb, 0xff, 0xef, 0xfb, 0xff, 0xef, 0xfb, 0xff, 0xef, 0xfb, 0xff, 0xef, 0xfb, 0xff, 0xef, 0xfb, 0xff,
    0xef, 0xfb, 0xff, 0xef, 0xfb, 0xff, 0xd7, 0xd9, 0xff, 0x26, 0xcb, 0xff, 0x26, 0xcb, 0xff, 0x26, 0xcb, 0xff, 0x26, 0xcb, 0xff, 0x26, 0xcb, 0xff,
    0x26, 0xcb, 0xff, 0x26, 0xcb, 0xff, 0x26, 0xcb, 0xff, 0x26, 0xcb, 0xff, 0x26, 0xcb, 0xff, 0x26, 0xcb, 0xff, 0x26, 0xcb, 0xff, 0x26, 0xcb, 0xff,
    0x26, 0xcb, 0xff, 0x26, 0xcb, 0xff, 0x87, 0x73, 0xff, 0xaf, 0xb6, 0xff, 0x36, 0xec, 0xff, 0x26, 0xcb, 0xff, 0x26, 0xcb, 0xff, 0x26, 0xcb, 0xff,
    0x26, 0xcb, 0xff, 0x26, 0xcb, 0xff, 0x26, 0xcb, 0xff, 0x26, 0xcb, 0xff, 0x26, 0xcb, 0xff, 0x26, 0xcb, 0xff, 0x26, 0xcb, 0xff, 0x26, 0xcb, 0xff,
    0x26, 0xcb, 0xff, 0x3e, 0xed, 0xff, 0xd7, 0xd9, 0xff, 0xef, 0xfb, 0xff, 0xef, 0xfb, 0xff, 0xef, 0xfb, 0xff, 0xef, 0xfb, 0xff, 0xef, 0xfb, 0xff,
    0xef, 0xfb, 0xff, 0xef, 0xfb, 0xff, 0xef, 0xfb, 0xff, 0x36, 0xec, 0xff, 0x26, 0xcb, 0xff, 0x26, 0xcb, 0xff, 0x26, 0xcb, 0xff, 0x26, 0xcb, 0xff,
    0x26, 0xcb, 0xff, 0x26, 0xcb, 0xff, 0x26, 0xcb, 0xff, 0x26, 0xcb, 0xff, 0x26, 0xcb, 0xff, 0x26, 0xcb, 0xff, 0x26, 0xcb, 0xff, 0x26, 0xcb, 0xff,
    0x26, 0xcb, 0xff, 0x6f, 0x51, 0xff, 0xaf, 0xb6, 0xff, 0x26, 0xcb, 0xff, 0x26, 0xcb, 0xff, 0x26, 0xcb, 0xff, 0x26, 0xcb, 0xff, 0x26, 0xcb, 0xff,
    0x26, 0xcb, 0xff, 0x26, 0xcb, 0xff, 0x26, 0xcb, 0xff, 0x26, 0xcb, 0xff, 0x26, 0xcb, 0xff, 0x26, 0xcb, 0xff, 0x26, 0xcb, 0xff, 0x26, 0xcb, 0xff,
    0x26, 0xcb, 0xff, 0x26, 0xcb, 0xff, 0x3e, 0xed, 0xff, 0xd7, 0xd9, 0xff, 0xef, 0xfb, 0xff, 0xef, 0xfb, 0xff, 0xef, 0xfb, 0xff, 0xef, 0xfb, 0xff,
    0xef, 0xfb, 0xff, 0xef, 0xfb, 0xff, 0xef, 0xfb, 0xff, 0x7f, 0x52, 0xff, 0x26, 0xcb, 0xff, 0x26, 0xcb, 0xff, 0x26, 0xcb, 0xff, 0x26, 0xcb, 0xff,
    0x26, 0xcb, 0xff, 0x26, 0xcb, 0xff, 0x26, 0xcb, 0xff, 0x26, 0xcb, 0xff, 0x26, 0xcb, 0xff, 0x26, 0xcb, 0xff, 0x26, 0xcb, 0xff, 0x26, 0xcb, 0xff,
    0x3e, 0xed, 0xff, 0xb7, 0xb7, 0xff, 0x36, 0xec, 0xff, 0x26, 0xcb, 0xff, 0x26, 0xcb, 0xff, 0x26, 0xcb, 0xff, 0x26, 0xcb, 0xff, 0x26, 0xcb, 0xff,
    0x26, 0xcb, 0xff, 0x26, 0xcb, 0xff, 0x26, 0xcb, 0xff, 0x26, 0xcb, 0xff, 0x26, 0xcb, 0xff, 0x26, 0xcb, 0xff, 0x4f, 0x0e, 0xff, 0x36, 0xec, 0xff,
    0x26, 0xcb, 0xff, 0x26, 0xcb, 0xff, 0x26, 0xcb, 0xff, 0x4f, 0x0e, 0xff, 0xef, 0xfb, 0xff, 0xef, 0xfb, 0xff, 0xef, 0xfb, 0xff, 0xef, 0xfb, 0xff,
    0xef, 0xfb, 0xff, 0xef, 0xfb, 0xff, 0xef, 0xfb, 0xff, 0xd7, 0xd9, 0xff, 0x26, 0xcb, 0xff, 0x26, 0xcb, 0xff, 0x26, 0xcb, 0xff, 0x26, 0xcb, 0xff,
    0x26, 0xcb, 0xff, 0x26, 0xcb, 0xff, 0x26, 0xcb, 0xff, 0x26, 0xcb, 0xff, 0x26, 0xcb, 0xff, 0x26, 0xcb, 0xff, 0x26, 0xcb, 0xff, 0x26, 0xcb, 0xff,
    0x6f, 0x51, 0xff, 0x6f, 0x51, 0xff, 0x26, 0xcb, 0xff, 0x26, 0xcb, 0xff, 0x26, 0xcb, 0xff, 0x26, 0xcb, 0xff, 0x6f, 0x51, 0xff, 0xef, 0xfb, 0xff,
    0x97, 0x74, 0xff, 0x26, 0xcb, 0xff, 0x26, 0xcb, 0xff, 0x26, 0xcb, 0xff, 0x26, 0xcb, 0xff, 0x97, 0x94, 0xff, 0xef, 0xfb, 0xff, 0xd7, 0xd9, 0xff,
    0x26, 0xcb, 0xff, 0x26, 0xcb, 0xff, 0x26, 0xcb, 0xff, 0x26, 0xcb, 0xff, 0x97, 0x94, 0xff, 0xef, 0xfb, 0xff, 0xef, 0xfb, 0xff, 0xef, 0xfb, 0xff,
    0xef, 0xfb, 0xff, 0xef, 0xfb, 0xff, 0xef, 0xfb, 0xff, 0xef, 0xfb, 0xff, 0x7f, 0x52, 0xff, 0x26, 0xcb, 0xff, 0x26, 0xcb, 0xff, 0x26, 0xcb, 0xff,
    0x26, 0xcb, 0xff, 0x26, 0xcb, 0xff, 0x26, 0xcb, 0xff, 0x26, 0xcb, 0xff, 0x26, 0xcb, 0xff, 0x26, 0xcb, 0xff, 0x26, 0xcb, 0xff, 0x26, 0xcb, 0xff,
    0xaf, 0xb6, 0xff, 0x26, 0xcb, 0xff, 0x26, 0xcb, 0xff, 0x26, 0xcb, 0xff, 0x26, 0xcb, 0xff, 0x26, 0xcb, 0xff, 0x9f, 0x95, 0xff, 0xef, 0xfb, 0xff,
    0xdf, 0xfa, 0xff, 0x26, 0xcb, 0xff, 0x26, 0xcb, 0xff, 0x26, 0xcb, 0xff, 0x26, 0xcb, 0xff, 0x7f, 0x52, 0xff, 0xef, 0xfb, 0xff, 0xbf, 0xb7, 0xff,
    0x26, 0xcb, 0xff, 0x26, 0xcb, 0xff, 0x26, 0xcb, 0xff, 0x26, 0xcb, 0xff, 0x4f, 0x0e, 0xff, 0xef, 0xfb, 0xff, 0xef, 0xfb, 0xff, 0xef, 0xfb, 0xff,
    0xef, 0xfb, 0xff, 0xef, 0xfb, 0xff, 0xef, 0xfb, 0xff, 0xef, 0xfb, 0xff, 0xef, 0xfb, 0xff, 0x6f, 0x51, 0xff, 0x26, 0xcb, 0xff, 0x26, 0xcb, 0xff,
    0x26, 0xcb, 0xff, 0x26, 0xcb, 0xff, 0x26, 0xcb, 0xff, 0x26, 0xcb, 0xff, 0x26, 0xcb, 0xff, 0x26, 0xcb, 0xff, 0x26, 0xcb, 0xff, 0x36, 0xec, 0xff,
    0xaf, 0x96, 0xff, 0x26, 0xcb, 0xff, 0x26, 0xcb, 0xff, 0x26, 0xcb, 0xff, 0x26, 0xcb, 0xff, 0x26, 0xcb, 0xff, 0x36, 0xec, 0xff, 0x67, 0x30, 0xff,
    0x4f, 0x0e, 0xff, 0x26, 0xcb, 0xff, 0x26, 0xcb, 0xff, 0x26, 0xcb, 0xff, 0x26, 0xcb, 0xff, 0x26, 0xcb, 0xff, 0x3f, 0x0d, 0xff, 0x26, 0xcb, 0xff,
    0x26, 0xcb, 0xff, 0x26, 0xcb, 0xff, 0x26, 0xcb, 0xff, 0x26, 0xcb, 0xff, 0x26, 0xcb, 0xff, 0xd7, 0xd9, 0xff, 0xef, 0xfb, 0xff, 0xef, 0xfb, 0xff,
    0xef, 0xfb, 0xff, 0xef, 0xfb, 0xff, 0xef, 0xfb, 0xff, 0xef, 0xfb, 0xff, 0xef, 0xfb, 0xff, 0xef, 0xfb, 0xff, 0x7f, 0x52, 0xff, 0x26, 0xcb, 0xff,
    0x26, 0xcb, 0xff, 0x26, 0xcb, 0xff, 0x26, 0xcb, 0xff, 0x26, 0xcb, 0xff, 0x26, 0xcb, 0xff, 0x26, 0xcb, 0xff, 0x26, 0xcb, 0xff, 0x4f, 0x0e, 0xff,
    0x87, 0x73, 0xff, 0x26, 0xcb, 0xff, 0x26, 0xcb, 0xff, 0x26, 0xcb, 0xff, 0x26, 0xcb, 0xff, 0x26, 0xcb, 0xff, 0x26, 0xcb, 0xff, 0x26, 0xcb, 0xff,
    0x26, 0xcb, 0xff, 0x26, 0xcb, 0xff, 0x26, 0xcb, 0xff, 0x26, 0xcb, 0xff, 0x26, 0xcb, 0xff, 0x26, 0xcb, 0xff, 0x26, 0xcb, 0xff, 0x26, 0xcb, 0xff,
    0x26, 0xcb, 0xff, 0x26, 0xcb, 0xff, 0x26, 0xcb, 0xff, 0x26, 0xcb, 0xff, 0x26, 0xcb, 0xff, 0xb7, 0xb7, 0xff, 0xef, 0xfb, 0xff, 0xef, 0xfb, 0xff,
    0xef, 0xfb, 0xff, 0xef, 0xfb, 0xff, 0xef, 0xfb, 0xff, 0xef, 0xfb, 0xff, 0xef, 0xfb, 0xff, 0xef, 0xfb, 0xff, 0xef, 0xfb, 0xff, 0x6f, 0x51, 0xff,
    0x26, 0xcb, 0xff, 0x26, 0xcb, 0xff, 0x26, 0xcb, 0xff, 0x26, 0xcb, 0xff, 0x26, 0xcb, 0xff, 0x26, 0xcb, 0xff, 0x26, 0xcb, 0xff, 0x4f, 0x0e, 0xff,
    0x87, 0x73, 0xff, 0x26, 0xcb, 0xff, 0x26, 0xcb, 0xff, 0x26, 0xcb, 0xff, 0x26, 0xcb, 0xff, 0x26, 0xcb, 0xff, 0x26, 0xcb, 0xff, 0x26, 0xcb, 0xff,
    0x26, 0xcb, 0xff, 0x26, 0xcb, 0xff, 0x26, 0xcb, 0xff, 0x26, 0xcb, 0xff, 0x26, 0xcb, 0xff, 0x26, 0xcb, 0xff, 0x26, 0xcb, 0xff, 0x26, 0xcb, 0xff,
    0x26, 0xcb, 0xff, 0x26, 0xcb, 0xff, 0x26, 0xcb, 0xff, 0x26, 0xcb, 0xff, 0x26, 0xcb, 0xff, 0xb7, 0xb7, 0xff, 0xef, 0xfb, 0xff, 0xef, 0xfb, 0xff,
    0xef, 0xfb, 0xff, 0xef, 0xfb, 0xff, 0xef, 0xfb, 0xff, 0xef, 0xfb, 0xff, 0xef, 0xfb, 0xff, 0xef, 0xfb, 0xff, 0xef, 0xfb, 0xff, 0x67, 0x30, 0xff,
    0x26, 0xcb, 0xff, 0x26, 0xcb, 0xff, 0x26, 0xcb, 0xff, 0x26, 0xcb, 0xff, 0x26, 0xcb, 0xff, 0x26, 0xcb, 0xff, 0x26, 0xcb, 0xff, 0x36, 0xec, 0xff,
    0x9f, 0x95, 0xff, 0x26, 0xcb, 0xff, 0x26, 0xcb, 0xff, 0x26, 0xcb, 0xff, 0x26, 0xcb, 0xff, 0x26, 0xcb, 0xff, 0x26, 0xcb, 0xff, 0x26, 0xcb, 0xff,
    0x26, 0xcb, 0xff, 0x26, 0xcb, 0xff, 0x26, 0xcb, 0xff, 0x26, 0xcb, 0xff, 0x26, 0xcb, 0xff, 0x26, 0xcb, 0xff, 0x26, 0xcb, 0xff, 0x26, 0xcb, 0xff,
    0x26, 0xcb, 0xff, 0x26, 0xcb, 0xff, 0x26, 0xcb, 0xff, 0x26, 0xcb, 0xff, 0x26, 0xcb, 0xff, 0xdf, 0xfa, 0xff, 0xef, 0xfb, 0xff, 0xef, 0xfb, 0xff,
    0xef, 0xfb, 0xff, 0xef, 0xfb, 0xff, 0xef, 0xfb, 0xff, 0xef, 0xfb, 0xff, 0xef, 0xfb, 0xff, 0xef, 0xfb, 0xff, 0xdf, 0xfa, 0xff, 0x26, 0xcb, 0xff,
    0x26, 0xcb, 0xff, 0x6f, 0x51, 0xff, 0xd7, 0xd9, 0xff, 0xbf, 0xb7, 0xff, 0x97, 0x74, 0xff, 0x7f, 0x52, 0xff, 0x67, 0x30, 0xff, 0x6f, 0x51, 0xff,
    0xd7, 0xd9, 0xff, 0x26, 0xcb, 0xff, 0x26, 0xcb, 0xff, 0x26, 0xcb, 0xff, 0x26, 0xcb, 0xff, 0x26, 0xcb, 0xff, 0x26, 0xcb, 0xff, 0x26, 0xcb, 0xff,
    0x26, 0xcb, 0xff, 0x26, 0xcb, 0xff, 0x26, 0xcb, 0xff, 0x26, 0xcb, 0xff, 0x26, 0xcb, 0xff, 0x26, 0xcb, 0xff, 0x26, 0xcb, 0xff, 0x26, 0xcb, 0xff,
    0x26, 0xcb, 0xff, 0x26, 0xcb, 0xff, 0x26, 0xcb, 0xff, 0x26, 0xcb, 0xff, 0x57, 0x2f, 0xff, 0xef, 0xfb, 0xff, 0xef, 0xfb, 0xff, 0xef, 0xfb, 0xff,
    0xef, 0xfb, 0xff, 0xef, 0xfb, 0xff, 0xef, 0xfb, 0xff, 0xef, 0xfb, 0xff, 0xef, 0xfb, 0xff, 0xef, 0xfb, 0xff, 0x9f, 0x95, 0xff, 0x6f, 0x51, 0xff,
    0xd7, 0xd9, 0xff, 0xef, 0xfb, 0xff, 0xef, 0xfb, 0xff, 0xef, 0xfb, 0xff, 0xef, 0xfb, 0xff, 0xef, 0xfb, 0xff, 0xef, 0xfb, 0xff, 0xef, 0xfb, 0xff,
    0xef, 0xfb, 0xff, 0x6f, 0x51, 0xff, 0x26, 0xcb, 0xff, 0x26, 0xcb, 0xff, 0x26, 0xcb, 0xff, 0x26, 0xcb, 0xff, 0x26, 0xcb, 0xff, 0x26, 0xcb, 0xff,
    0x26, 0xcb, 0xff, 0x26, 0xcb, 0xff, 0x26, 0xcb, 0xff, 0x26, 0xcb, 0xff, 0x26, 0xcb, 0xff, 0x26, 0xcb, 0xff, 0x26, 0xcb, 0xff, 0x26, 0xcb, 0xff,
    0x26, 0xcb, 0xff, 0x26, 0xcb, 0xff, 0x26, 0xcb, 0xff, 0x26, 0xcb, 0xff, 0xd7, 0xd9, 0xff, 0xef, 0xfb, 0xff, 0xef, 0xfb, 0xff, 0xef, 0xfb, 0xff,
    0xef, 0xfb, 0xff, 0xef, 0xfb, 0xff, 0xef, 0xfb, 0xff, 0xef, 0xfb, 0xff, 0xef, 0xfb, 0xff, 0xef, 0xfb, 0xff, 0xef, 0xfb, 0xff, 0xef, 0xfb, 0xff,
    0xef, 0xfb, 0xff, 0xef, 0xfb, 0xff, 0xef, 0xfb, 0xff, 0xef, 0xfb, 0xff, 0xef, 0xfb, 0xff, 0xef, 0xfb, 0xff, 0xef, 0xfb, 0xff, 0xef, 0xfb, 0xff,
    0xef, 0xfb, 0xff, 0xd7, 0xd9, 0xff, 0x36, 0xec, 0xff, 0x26, 0xcb, 0xff, 0x26, 0xcb, 0xff, 0x26, 0xcb, 0xff, 0x26, 0xcb, 0xff, 0x26, 0xcb, 0xff,
    0x26, 0xcb, 0xff, 0x26, 0xcb, 0xff, 0x26, 0xcb, 0xff, 0x26, 0xcb, 0xff, 0x26, 0xcb, 0xff, 0x26, 0xcb, 0xff, 0x26, 0xcb, 0xff, 0x26, 0xcb, 0xff,
    0x26, 0xcb, 0xff, 0x26, 0xcb, 0xff, 0x26, 0xcb, 0xff, 0x87, 0x73, 0xff, 0xef, 0xfb, 0xff, 0xef, 0xfb, 0xff, 0xef, 0xfb, 0xff, 0xef, 0xfb, 0xff,
    0xef, 0xfb, 0xff, 0xef, 0xfb, 0xff, 0xef, 0xfb, 0xff, 0xef, 0xfb, 0xff, 0xef, 0xfb, 0xff, 0xef, 0xfb, 0xff, 0xef, 0xfb, 0xff, 0xef, 0xfb, 0xff,
    0xef, 0xfb, 0xff, 0xef, 0xfb, 0xff, 0xef, 0xfb, 0xff, 0xef, 0xfb, 0xff, 0xef, 0xfb, 0xff, 0xef, 0xfb, 0xff, 0xef, 0xfb, 0xff, 0xef, 0xfb, 0xff,
    0xef, 0xfb, 0xff, 0xef, 0xfb, 0xff, 0xc7, 0xd8, 0xff, 0x36, 0xec, 0xff, 0x26, 0xcb, 0xff, 0x26, 0xcb, 0xff, 0x26, 0xcb, 0xff, 0x26, 0xcb, 0xff,
    0x26, 0xcb, 0xff, 0x26, 0xcb, 0xff, 0x26, 0xcb, 0xff, 0x26, 0xcb, 0xff, 0x26, 0xcb, 0xff, 0x26, 0xcb, 0xff, 0x26, 0xcb, 0xff, 0x26, 0xcb, 0xff,
    0x26, 0xcb, 0xff, 0x26, 0xcb, 0xff, 0x6f, 0x51, 0xff, 0xef, 0xfb, 0xff, 0xef, 0xfb, 0xff, 0xef, 0xfb, 0xff, 0xef, 0xfb, 0xff, 0xef, 0xfb, 0xff,
    0xef, 0xfb, 0xff, 0xef, 0xfb, 0xff, 0xef, 0xfb, 0xff, 0xef, 0xfb, 0xff, 0xef, 0xfb, 0xff, 0xef, 0xfb, 0xff, 0xef, 0xfb, 0xff, 0xef, 0xfb, 0xff,
    0xef, 0xfb, 0xff, 0xef, 0xfb, 0xff, 0xef, 0xfb, 0xff, 0xef, 0xfb, 0xff, 0xef, 0xfb, 0xff, 0xef, 0xfb, 0xff, 0xef, 0xfb, 0xff, 0xef, 0xfb, 0xff,
    0xef, 0xfb, 0xff, 0xef, 0xfb, 0xff, 0xef, 0xfb, 0xff, 0xc7, 0xd8, 0xff, 0x3f, 0x0d, 0xff, 0x26, 0xcb, 0xff, 0x26, 0xcb, 0xff, 0x26, 0xcb, 0xff,
    0x26, 0xcb, 0xff, 0x26, 0xcb, 0xff, 0x26, 0xcb, 0xff, 0x26, 0xcb, 0xff, 0x26, 0xcb, 0xff, 0x26, 0xcb, 0xff, 0x26, 0xcb, 0xff, 0x26, 0xcb, 0xff,
    0x26, 0xcb, 0xff, 0x87, 0x73, 0xff, 0xef, 0xfb, 0xff, 0xef, 0xfb, 0xff, 0xef, 0xfb, 0xff, 0xef, 0xfb, 0xff, 0xef, 0xfb, 0xff, 0xef, 0xfb, 0xff,
    0xef, 0xfb, 0xff, 0xef, 0xfb, 0xff, 0xef, 0xfb, 0xff, 0xef, 0xfb, 0xff, 0xef, 0xfb, 0xff, 0xef, 0xfb, 0xff, 0xef, 0xfb, 0xff, 0xef, 0xfb, 0xff,
    0xef, 0xfb, 0xff, 0xef, 0xfb, 0xff, 0xef, 0xfb, 0xff, 0xef, 0xfb, 0xff, 0xef, 0xfb, 0xff, 0xef, 0xfb, 0xff, 0xef, 0xfb, 0xff, 0xef, 0xfb, 0xff,
    0xef, 0xfb, 0xff, 0xef, 0xfb, 0xff, 0xef, 0xfb, 0xff, 0xef, 0xfb, 0xff, 0xd7, 0xd9, 0xff, 0x7f, 0x52, 0xff, 0x36, 0xec, 0xff, 0x26, 0xcb, 0xff,
    0x26, 0xcb, 0xff, 0x26, 0xcb, 0xff, 0x26, 0xcb, 0xff, 0x26, 0xcb, 0xff, 0x26, 0xcb, 0xff, 0x26, 0xcb, 0xff, 0x26, 0xcb, 0xff, 0x26, 0xcb, 0xff,
    0x26, 0xcb, 0xff, 0xd7, 0xd9, 0xff, 0xef, 0xfb, 0xff, 0xef, 0xfb, 0xff, 0xef, 0xfb, 0xff, 0xef, 0xfb, 0xff, 0xef, 0xfb, 0xff, 0xef, 0xfb, 0xff,
    0xef, 0xfb, 0xff, 0xef, 0xfb, 0xff, 0xef, 0xfb, 0xff, 0xef, 0xfb, 0xff, 0xef, 0xfb, 0xff, 0xef, 0xfb, 0xff, 0xef, 0xfb, 0xff, 0xef, 0xfb, 0xff,
    0xef, 0xfb, 0xff, 0xef, 0xfb, 0xff, 0xef, 0xfb, 0xff, 0xef, 0xfb, 0xff, 0xef, 0xfb, 0xff, 0xef, 0xfb, 0xff, 0xef, 0xfb, 0xff, 0xef, 0xfb, 0xff,
    0xef, 0xfb, 0xff, 0xef, 0xfb, 0xff, 0xef, 0xfb, 0xff, 0xef, 0xfb, 0xff, 0xef, 0xfb, 0xff, 0xef, 0xfb, 0xff, 0xdf, 0xfa, 0xff, 0xaf, 0x96, 0xff,
    0x7f, 0x52, 0xff, 0x57, 0x2f, 0xff, 0x4f, 0x0e, 0xff, 0x4f, 0x0e, 0xff, 0x6f, 0x51, 0xff, 0x97, 0x74, 0xff, 0xbf, 0xb7, 0xff, 0x6f, 0x51, 0xff,
    0x26, 0xcb, 0xff, 0x97, 0x94, 0xff, 0xef, 0xfb, 0xff, 0xef, 0xfb, 0xff, 0xef, 0xfb, 0xff, 0xef, 0xfb, 0xff, 0xef, 0xfb, 0xff, 0xef, 0xfb, 0xff,
    0xef, 0xfb, 0xff, 0xef, 0xfb, 0xff, 0xef, 0xfb, 0xff, 0xef, 0xfb, 0xff, 0xef, 0xfb, 0xff, 0xef, 0xfb, 0xff, 0xef, 0xfb, 0xff, 0xef, 0xfb, 0xff,
    0xef, 0xfb, 0xff, 0xef, 0xfb, 0xff, 0xef, 0xfb, 0xff, 0xef, 0xfb, 0xff, 0xef, 0xfb, 0xff, 0xef, 0xfb, 0xff, 0xef, 0xfb, 0xff, 0xef, 0xfb, 0xff,
    0xef, 0xfb, 0xff, 0xef, 0xfb, 0xff, 0xef, 0xfb, 0xff, 0xef, 0xfb, 0xff, 0xef, 0xfb, 0xff, 0xef, 0xfb, 0xff, 0xef, 0xfb, 0xff, 0xef, 0xfb, 0xff,
    0xef, 0xfb, 0xff, 0xef, 0xfb, 0xff, 0xef, 0xfb, 0xff, 0xef, 0xfb, 0xff, 0xef, 0xfb, 0xff, 0xef, 0xfb, 0xff, 0xef, 0xfb, 0xff, 0xef, 0xfb, 0xff,
    0xaf, 0x96, 0xff, 0x6f, 0x51, 0xff, 0xef, 0xfb, 0xff, 0xef, 0xfb, 0xff, 0xef, 0xfb, 0xff, 0xef, 0xfb, 0xff, 0xef, 0xfb, 0xff, 0xef, 0xfb, 0xff,
    0xef, 0xfb, 0xff, 0xef, 0xfb, 0xff, 0xef, 0xfb, 0xff, 0xef, 0xfb, 0xff, 0xef, 0xfb, 0xff, 0xef, 0xfb, 0xff, 0xef, 0xfb, 0xff, 0xef, 0xfb, 0xff,
    0xef, 0xfb, 0xff, 0xef, 0xfb, 0xff, 0xef, 0xfb, 0xff, 0xef, 0xfb, 0xff, 0xef, 0xfb, 0xff, 0xef, 0xfb, 0xff, 0xef, 0xfb, 0xff, 0xef, 0xfb, 0xff,
    0xef, 0xfb, 0xff, 0xef, 0xfb, 0xff, 0xef, 0xfb, 0xff, 0xef, 0xfb, 0xff, 0xef, 0xfb, 0xff, 0xef, 0xfb, 0xff, 0xef, 0xfb, 0xff, 0xef, 0xfb, 0xff,
    0xef, 0xfb, 0xff, 0xef, 0xfb, 0xff, 0xef, 0xfb, 0xff, 0xef, 0xfb, 0xff, 0xef, 0xfb, 0xff, 0xef, 0xfb, 0xff, 0xef, 0xfb, 0xff, 0xef, 0xfb, 0xff,
    0xef, 0xfb, 0xff, 0xef, 0xfb, 0xff, 0xef, 0xfb, 0xff, 0xef, 0xfb, 0xff, 0xef, 0xfb, 0xff, 0xef, 0xfb, 0xff, 0xef, 0xfb, 0xff, 0xef, 0xfb, 0xff,
    0xef, 0xfb, 0xff, 0xef, 0xfb, 0xff, 0xef, 0xfb, 0xff, 0xef, 0xfb, 0xff, 0xef, 0xfb, 0xff, 0xef, 0xfb, 0xff, 0xef, 0xfb, 0xff, 0xef, 0xfb, 0xff,
    0xef, 0xfb, 0xff, 0xef, 0xfb, 0xff, 0xef, 0xfb, 0xff, 0xef, 0xfb, 0xff, 0xef, 0xfb, 0xff, 0xef, 0xfb, 0xff, 0xef, 0xfb, 0xff, 0xef, 0xfb, 0xff,
    0xef, 0xfb, 0xff, 0xef, 0xfb, 0xff, 0xef, 0xfb, 0xff, 0xef, 0xfb, 0xff, 0xef, 0xfb, 0xff, 0xef, 0xfb, 0xff, 0xef, 0xfb, 0xff, 0xef, 0xfb, 0xff,
    0xef, 0xfb, 0xff, 0xef, 0xfb, 0xff, 0xef, 0xfb, 0xff, 0xef, 0xfb, 0xff, 0xef, 0xfb, 0xff, 0xef, 0xfb, 0xff, 0xef, 0xfb, 0xff, 0xef, 0xfb, 0xff,
    0xef, 0xfb, 0xff, 0xef, 0xfb, 0xff, 0xef, 0xfb, 0xff, 0xef, 0xfb, 0xff, 0xef, 0xfb, 0xff, 0xef, 0xfb, 0xff, 0xef, 0xfb, 0xff, 0xef, 0xfb, 0xff,
    0xef, 0xfb, 0xff, 0xef, 0xfb, 0xff, 0xef, 0xfb, 0xff, 0xef, 0xfb, 0xff, 0xef, 0xfb, 0xff, 0xef, 0xfb, 0xff, 0xef, 0xfb, 0xff, 0xef, 0xfb, 0xff,
    0xef, 0xfb, 0xff, 0xef, 0xfb, 0xff, 0xef, 0xfb, 0xff, 0xef, 0xfb, 0xff, 0xef, 0xfb, 0xff, 0xef, 0xfb, 0xff, 0xef, 0xfb, 0xff, 0xef, 0xfb, 0xff,
    0xef, 0xfb, 0xff, 0xef, 0xfb, 0xff, 0xef, 0xfb, 0xff, 0xef, 0xfb, 0xff, 0xef, 0xfb, 0xff, 0xef, 0xfb, 0xff, 0xef, 0xfb, 0xff, 0xef, 0xfb, 0xff,
    0xef, 0xfb, 0xff, 0xef, 0xfb, 0xff, 0xef, 0xfb, 0xff, 0xef, 0xfb, 0xff, 0xef, 0xfb, 0xff, 0xef, 0xfb, 0xff, 0xef, 0xfb, 0xff, 0xef, 0xfb, 0xff,
    0xef, 0xfb, 0xff, 0xef, 0xfb, 0xff, 0xef, 0xfb, 0xff, 0xef, 0xfb, 0xff, 0xef, 0xfb, 0xff, 0xef, 0xfb, 0xff, 0xef, 0xfb, 0xff, 0xef, 0xfb, 0xff,
    0xef, 0xfb, 0xff, 0xef, 0xfb, 0xff, 0xef, 0xfb, 0xff, 0xef, 0xfb, 0xff, 0xef, 0xfb, 0xff, 0xef, 0xfb, 0xff, 0xef, 0xfb, 0xff, 0xef, 0xfb, 0xff,
    0xef, 0xfb, 0xff, 0xef, 0xfb, 0xff, 0xef, 0xfb, 0xff, 0xef, 0xfb, 0xff, 0xef, 0xfb, 0xff, 0xef, 0xfb, 0xff, 0xef, 0xfb, 0xff, 0xef, 0xfb, 0xff,
    0xef, 0xfb, 0xff, 0xef, 0xfb, 0xff, 0xef, 0xfb, 0xff, 0xef, 0xfb, 0xff, 0xef, 0xfb, 0xff, 0xef, 0xfb, 0xff, 0xef, 0xfb, 0xff, 0xef, 0xfb, 0xff,
    0xef, 0xfb, 0xff, 0xef, 0xfb, 0xff, 0xef, 0xfb, 0xff, 0xef, 0xfb, 0xff, 0xef, 0xfb, 0xff, 0xef, 0xfb, 0xff, 0xef, 0xfb, 0xff, 0xef, 0xfb, 0xff,
    0xef, 0xfb, 0xff, 0xef, 0xfb, 0xff, 0xef, 0xfb, 0xff, 0xef, 0xfb, 0xff, 0xef, 0xfb, 0xff, 0xef, 0xfb, 0xff, 0xef, 0xfb, 0xff, 0xef, 0xfb, 0xff,
    0xef, 0xfb, 0xff, 0xef, 0xfb, 0xff, 0xef, 0xfb, 0xff, 0xef, 0xfb, 0xff, 0xef, 0xfb, 0xff, 0xef, 0xfb, 0xff, 0xef, 0xfb, 0xff, 0xef, 0xfb, 0xff,
    0xef, 0xfb, 0xff, 0xef, 0xfb, 0xff, 0xef, 0xfb, 0xff, 0xef, 0xfb, 0xff, 0xef, 0xfb, 0xff, 0xef, 0xfb, 0xff, 0xef, 0xfb, 0xff, 0xef, 0xfb, 0xff,
    0xef, 0xfb, 0xff, 0xef, 0xfb, 0xff, 0xef, 0xfb, 0xff, 0xef, 0xfb, 0xff, 0xef, 0xfb, 0xff, 0xef, 0xfb, 0xff, 0xef, 0xfb, 0xff, 0xef, 0xfb, 0xff,
    0xef, 0xfb, 0xff, 0xef, 0xfb, 0xff, 0xef, 0xfb, 0xff, 0xef, 0xfb, 0xff, 0xef, 0xfb, 0xff, 0xef, 0xfb, 0xff, 0xef, 0xfb, 0xff, 0xef, 0xfb, 0xff,
    0xef, 0xfb, 0xff, 0xef, 0xfb, 0xff, 0xef, 0xfb, 0xff, 0xef, 0xfb, 0xff, 0xef, 0xfb, 0xff, 0xef, 0xfb, 0xff, 0xef, 0xfb, 0xff, 0xef, 0xfb, 0xff,
    0xef, 0xfb, 0xff, 0xef, 0xfb, 0xff, 0xef, 0xfb, 0xff, 0xef, 0xfb, 0xff, 0xef, 0xfb, 0xff, 0xef, 0xfb, 0xff, 0xef, 0xfb, 0xff, 0xef, 0xfb, 0xff,
    0xef, 0xfb, 0xff, 0xef, 0xfb, 0xff, 0xef, 0xfb, 0xff, 0xef, 0xfb, 0xff, 0xef, 0xfb, 0xff, 0xef, 0xfb, 0xff, 0xef, 0xfb, 0xff, 0xef, 0xfb, 0xff,
    0xef, 0xfb, 0xff, 0xef, 0xfb, 0xff, 0xef, 0xfb, 0xff, 0xef, 0xfb, 0xff, 0xef, 0xfb, 0xff, 0xef, 0xfb, 0xff, 0xef, 0xfb, 0xff, 0xef, 0xfb, 0xff,
    0xef, 0xfb, 0xff, 0xef, 0xfb, 0xff, 0xef, 0xfb, 0xff, 0xef, 0xfb, 0xff, 0xef, 0xfb, 0xff, 0xef, 0xfb, 0xff, 0xef, 0xfb, 0xff, 0xef, 0xfb, 0xff,
    0xef, 0xfb, 0xff, 0xef, 0xfb, 0xff, 0xef, 0xfb, 0xff, 0xef, 0xfb, 0xff, 0xef, 0xfb, 0xff, 0xef, 0xfb, 0xff, 0xef, 0xfb, 0xff, 0xef, 0xfb, 0xff,
};

const lv_img_dsc_t home_icon_wechat_img = {
    .header.cf = LV_IMG_CF_TRUE_COLOR_ALPHA,
    .header.always_zero = 0,
    .header.reserved = 0,
    .header.w = 40,
    .header.h = 40,
    .data_size = 40 * 40 * LV_IMG_PX_SIZE_ALPHA_BYTE,
    .data = home_icon_wechat_img_map,
};

static const LV_ATTRIBUTE_MEM_ALIGN LV_ATTRIBUTE_LARGE_CONST uint8_t home_icon_ai_img_map[] = {
    0xe7, 0xbe, 0xff, 0xe7, 0xbe, 0xff, 0xe7, 0xbe, 0xff, 0xe7, 0xbe, 0xff, 0xe7, 0xbe, 0xff, 0xe7, 0xbe, 0xff, 0xe7, 0xbe, 0xff, 0xe7, 0xbe, 0xff,
    0xe7, 0xbe, 0xff, 0xe7, 0xbe, 0xff, 0xe7, 0xbe, 0xff, 0xe7, 0xbe, 0xff, 0xe7, 0xbe, 0xff, 0xe7, 0xbe, 0xff, 0xaf, 0x1b, 0xff, 0x86, 0x99, 0xff,
    0x4d, 0xd6, 0xff, 0x1d, 0x34, 0xff, 0x0d, 0x14, 0xff, 0x04, 0xf3, 0xff, 0x04, 0xf3, 0xff, 0x0d, 0x14, 0xff, 0x3d, 0x96, 0xff, 0x86, 0x99, 0xff,
    0xcf, 0x7d, 0xff, 0xe7, 0xbe, 0xff, 0xe7, 0xbe, 0xff, 0xe7, 0xbe, 0xff, 0xe7, 0xbe, 0xff, 0xe7, 0xbe, 0xff, 0xe7, 0xbe, 0xff, 0xe7, 0xbe, 0xff,
    0xe7, 0xbe, 0xff, 0xe7, 0xbe, 0xff, 0xe7, 0xbe, 0xff, 0xe7, 0xbe, 0xff, 0xe7, 0xbe, 0xff, 0xe7, 0xbe, 0xff, 0xe7, 0xbe, 0xff, 0xe7, 0xbe, 0xff,
    0xe7, 0xbe, 0xff, 0xe7, 0xbe, 0xff, 0xe7, 0xbe, 0xff, 0xe7, 0xbe, 0xff, 0xe7, 0xbe, 0xff, 0xe7, 0xbe, 0xff, 0xe7, 0xbe, 0xff, 0xe7, 0xbe, 0xff,
    0xe7, 0xbe, 0xff, 0xe7, 0xbe, 0xff, 0xe7, 0xbe, 0xff, 0xdf, 0x9e, 0xff, 0x76, 0x59, 0xff, 0x1d, 0x34, 0xff, 0x04, 0xf3, 0xff, 0x04, 0xf3, 0xff,
    0x04, 0xf3, 0xff, 0x04, 0xf3, 0xff, 0x04, 0xf3, 0xff, 0x04, 0xf3, 0xff, 0x04, 0xf3, 0xff, 0x04, 0xf3, 0xff, 0x04, 0xf3, 0xff, 0x04, 0xf3, 0xff,
    0x04, 0xf3, 0xff, 0x55, 0xf7, 0xff, 0xcf, 0x7d, 0xff, 0xe7, 0xbe, 0xff, 0xe7, 0xbe, 0xff, 0xe7, 0xbe, 0xff, 0xe7, 0xbe, 0xff, 0xe7, 0xbe, 0xff,
    0xe7, 0xbe, 0xff, 0xe7, 0xbe, 0xff, 0xe7, 0xbe, 0xff, 0xe7, 0xbe, 0xff, 0xe7, 0xbe, 0xff, 0xe7, 0xbe, 0xff, 0xe7, 0xbe, 0xff, 0xe7, 0xbe, 0xff,
    0xe7, 0xbe, 0xff, 0xe7, 0xbe, 0xff, 0xe7, 0xbe, 0xff, 0xe7, 0xbe, 0xff, 0xe7, 0xbe, 0xff, 0xe7, 0xbe, 0xff, 0xe7, 0xbe, 0xff, 0xe7, 0xbe, 0xff,
    0xe7, 0xbe, 0xff, 0xe7, 0xbe, 0xff, 0xaf, 0x1b, 0xff, 0x1d, 0x54, 0xff, 0x04, 0xf3, 0xff, 0x04, 0xf3, 0xff, 0x04, 0xf3, 0xff, 0x04, 0xf3, 0xff,
    0x04, 0xf3, 0xff, 0x04, 0xf3, 0xff, 0x04, 0xf3, 0xff, 0x04, 0xf3, 0xff, 0x04, 0xf3, 0xff, 0x04, 0xf3, 0xff, 0x04, 0xf3, 0xff, 0x04, 0xf3, 0xff,
    0x04, 0xf3, 0xff, 0x04, 0xf3, 0xff, 0x1d, 0x54, 0xff, 0x9e, 0xdb, 0xff, 0xe7, 0xbe, 0xff, 0xe7, 0xbe, 0xff, 0xe7, 0xbe, 0xff, 0xe7, 0xbe, 0xff,
    0xe7, 0xbe, 0xff, 0xe7, 0xbe, 0xff, 0xe7, 0xbe, 0xff, 0xe7, 0xbe, 0xff, 0xe7, 0xbe, 0xff, 0xe7, 0xbe, 0xff, 0xe7, 0xbe, 0xff, 0xe7, 0xbe, 0xff,
    0xe7, 0xbe, 0xff, 0xe7, 0xbe, 0xff, 0xe7, 0xbe, 0xff, 0xe7, 0xbe, 0xff, 0xe7, 0xbe, 0xff, 0xe7, 0xbe, 0xff, 0xe7, 0xbe, 0xff, 0xe7, 0xbe, 0xff,
    0xe7, 0xbe, 0xff, 0x76, 0x58, 0xff, 0x04, 0xf3, 0xff, 0x04, 0xf3, 0xff, 0x04, 0xf3, 0xff, 0x04, 0xf3, 0xff, 0x04, 0xf3, 0xff, 0x3d, 0xb6, 0xff,
    0x66, 0x38, 0xff, 0x9e, 0xdb, 0xff, 0xbf, 0x3c, 0xff, 0xcf, 0x5d, 0xff, 0xcf, 0x5d, 0xff, 0xaf, 0x1b, 0xff, 0x86, 0x99, 0xff, 0x1d, 0x54, 0xff,
    0x04, 0xf3, 0xff, 0x04, 0xf3, 0xff, 0x04, 0xf3, 0xff, 0x04, 0xf3, 0xff, 0x8e, 0xba, 0xff, 0xe7, 0xbe, 0xff, 0xe7, 0xbe, 0xff, 0xe7, 0xbe, 0xff,
    0xe7, 0xbe, 0xff, 0xe7, 0xbe, 0xff, 0xe7, 0xbe, 0xff, 0xe7, 0xbe, 0xff, 0xe7, 0xbe, 0xff, 0xe7, 0xbe, 0xff, 0xe7, 0xbe, 0xff, 0xe7, 0xbe, 0xff,
    0xe7, 0xbe, 0xff, 0xe7, 0xbe, 0xff, 0xe7, 0xbe, 0xff, 0xe7, 0xbe, 0xff, 0xe7, 0xbe, 0xff, 0xe7, 0xbe, 0xff, 0xe7, 0xbe, 0xff, 0xe7, 0xbe, 0xff,
    0x66, 0x38, 0xff, 0x04, 0xf3, 0xff, 0x04, 0xf3, 0xff, 0x04, 0xf3, 0xff, 0x04, 0xf3, 0xff, 0x66, 0x38, 0xff, 0xcf, 0x7d, 0xff, 0xe7, 0xbe, 0xff,
    0xe7, 0xbe, 0xff, 0xe7, 0xbe, 0xff, 0xe7, 0xbe, 0xff, 0xe7, 0xbe, 0xff, 0xe7, 0xbe, 0xff, 0xe7, 0xbe, 0xff, 0xe7, 0xbe, 0xff, 0xe7, 0xbe, 0xff,
    0x86, 0x99, 0xff, 0x0d, 0x14, 0xff, 0x04, 0xf3, 0xff, 0x04, 0xf3, 0xff, 0x04, 0xf3, 0xff, 0xaf, 0x1c, 0xff, 0xe7, 0xbe, 0xff, 0xe7, 0xbe, 0xff,
    0xe7, 0xbe, 0xff, 0xe7, 0xbe, 0xff, 0xe7, 0xbe, 0xff, 0xe7, 0xbe, 0xff, 0xe7, 0xbe, 0xff, 0xe7, 0xbe, 0xff, 0xe7, 0xbe, 0xff, 0xe7, 0xbe, 0xff,
    0xe7, 0xbe, 0xff, 0xe7, 0xbe, 0xff, 0xe7, 0xbe, 0xff, 0xe7, 0xbe, 0xff, 0xe7, 0xbe, 0xff, 0xe7, 0xbe, 0xff, 0xe7, 0xbe, 0xff, 0x76, 0x58, 0xff,
    0x04, 0xf3, 0xff, 0x04, 0xf3, 0xff, 0x04, 0xf3, 0xff, 0x1d, 0x54, 0xff, 0xbf, 0x3c, 0xff, 0xe7, 0xbe, 0xff, 0xe7, 0xbe, 0xff, 0xe7, 0xbe, 0xff,
    0xe7, 0xbe, 0xff, 0xe7, 0xbe, 0xff, 0xe7, 0xbe, 0xff, 0xe7, 0xbe, 0xff, 0xe7, 0xbe, 0xff, 0xe7, 0xbe, 0xff, 0xe7, 0xbe, 0xff, 0xe7, 0xbe, 0xff,
    0xe7, 0xbe, 0xff, 0xcf, 0x5d, 0xff, 0x1d, 0x54, 0xff, 0x04, 0xf3, 0xff, 0x04, 0xf3, 0xff, 0x1d, 0x54, 0xff, 0xd7, 0x9e, 0xff, 0xe7, 0xbe, 0xff,
    0xe7, 0xbe, 0xff, 0xe7, 0xbe, 0xff, 0xe7, 0xbe, 0xff, 0xe7, 0xbe, 0xff, 0xe7, 0xbe, 0xff, 0xe7, 0xbe, 0xff, 0xe7, 0xbe, 0xff, 0xe7, 0xbe, 0xff,
    0xe7, 0xbe, 0xff, 0xe7, 0xbe, 0xff, 0xe7, 0xbe, 0xff, 0xe7, 0xbe, 0xff, 0xe7, 0xbe, 0xff, 0xe7, 0xbe, 0xff, 0xcf, 0x5d, 0xff, 0x04, 0xf3, 0xff,
    0x04, 0xf3, 0xff, 0x04, 0xf3, 0xff, 0x1d, 0x54, 0xff, 0xcf, 0x7d, 0xff, 0xe7, 0xbe, 0xff, 0xe7, 0xbe, 0xff, 0xe7, 0xbe, 0xff, 0xe7, 0xbe, 0xff,
    0xe7, 0xbe, 0xff, 0xe7, 0xbe, 0xff, 0xe7, 0xbe, 0xff, 0xe7, 0xbe, 0xff, 0xe7, 0xbe, 0xff, 0xe7, 0xbe, 0xff, 0xe7, 0xbe, 0xff, 0xe7, 0xbe, 0xff,
    0xe7, 0xbe, 0xff, 0xe7, 0xbe, 0xff, 0xbf, 0x3c, 0xff, 0x0d, 0x14, 0xff, 0x04, 0xf3, 0xff, 0x04, 0xf3, 0xff, 0x55, 0xf7, 0xff, 0xe7, 0xbe, 0xff,
    0xe7, 0xbe, 0xff, 0xe7, 0xbe, 0xff, 0xe7, 0xbe, 0xff, 0xe7, 0xbe, 0xff, 0xe7, 0xbe, 0xff, 0xe7, 0xbe, 0xff, 0xe7, 0xbe, 0xff, 0xe7, 0xbe, 0xff,
    0xe7, 0xbe, 0xff, 0xe7, 0xbe, 0xff, 0xe7, 0xbe, 0xff, 0xe7, 0xbe, 0xff, 0xe7, 0xbe, 0xff, 0xe7, 0xbe, 0xff, 0x1d, 0x54, 0xff, 0x04, 0xf3, 0xff,
    0x04, 0xf3, 0xff, 0x1d, 0x54, 0xff, 0xcf, 0x7d, 0xff, 0xe7, 0xbe, 0xff, 0xe7, 0xbe, 0xff, 0xe7, 0xbe, 0xff, 0xe7, 0xbe, 0xff, 0xe7, 0xbe, 0xff,
    0xe7, 0xbe, 0xff, 0xe7, 0xbe, 0xff, 0xe7, 0xbe, 0xff, 0xe7, 0xbe, 0xff, 0xe7, 0xbe, 0xff, 0xe7, 0xbe, 0xff, 0xe7, 0xbe, 0xff, 0xe7, 0xbe, 0xff,
    0xe7, 0xbe, 0xff, 0xe7, 0xbe, 0xff, 0xe7, 0xbe, 0xff, 0x86, 0x99, 0xff, 0x04, 0xf3, 0xff, 0x04, 0xf3, 0xff, 0x04, 0xf3, 0xff, 0xaf, 0x1c, 0xff,
    0xe7, 0xbe, 0xff, 0xe7, 0xbe, 0xff, 0xe7, 0xbe, 0xff, 0xe7, 0xbe, 0xff, 0xe7, 0xbe, 0xff, 0xe7, 0xbe, 0xff, 0xe7, 0xbe, 0xff, 0xe7, 0xbe, 0xff,
    0xe7, 0xbe, 0xff, 0xe7, 0xbe, 0xff, 0xe7, 0xbe, 0xff, 0xe7, 0xbe, 0xff, 0xe7, 0xbe, 0xff, 0xaf, 0x1b, 0xff, 0x04, 0xf3, 0xff, 0x04, 0xf3, 0xff,
    0x04, 0xf3, 0xff, 0x8e, 0xba, 0xff, 0xe7, 0xbe, 0xff, 0xe7, 0xbe, 0xff, 0xe7, 0xbe, 0xff, 0xe7, 0xbe, 0xff, 0xe7, 0xbe, 0xff, 0xe7, 0xbe, 0xff,
    0xe7, 0xbe, 0xff, 0xe7, 0xbe, 0xff, 0xe7, 0xbe, 0xff, 0xe7, 0xbe, 0xff, 0xe7, 0xbe, 0xff, 0xe7, 0xbe, 0xff, 0xe7, 0xbe, 0xff, 0xe7, 0xbe, 0xff,
    0xe7, 0xbe, 0xff, 0xe7, 0xbe, 0xff, 0xe7, 0xbe, 0xff, 0xe7, 0xbe, 0xff, 0x3d, 0x96, 0xff, 0x04, 0xf3, 0xff, 0x04, 0xf3, 0xff, 0x3d, 0x96, 0xff,
    0xe7, 0xbe, 0xff, 0xe7, 0xbe, 0xff, 0xe7, 0xbe, 0xff, 0xe7, 0xbe, 0xff, 0xe7, 0xbe, 0xff, 0xe7, 0xbe, 0xff, 0xe7, 0xbe, 0xff, 0xe7, 0xbe, 0xff,
    0xe7, 0xbe, 0xff, 0xe7, 0xbe, 0xff, 0xe7, 0xbe, 0xff, 0xe7, 0xbe, 0xff, 0xe7, 0xbe, 0xff, 0x55, 0xf7, 0xff, 0x04, 0xf3, 0xff, 0x04, 0xf3, 0xff,
    0x1d, 0x54, 0xff, 0xe7, 0xbe, 0xff, 0xe7, 0xbe, 0xff, 0xe7, 0xbe, 0xff, 0xe7, 0xbe, 0xff, 0xe7, 0xbe, 0xff, 0xe7, 0xbe, 0xff, 0xe7, 0xbe, 0xff,
    0xe7, 0xbe, 0xff, 0xe7, 0xbe, 0xff, 0xe7, 0xbe, 0xff, 0xe7, 0xbe, 0xff, 0xe7, 0xbe, 0xff, 0xe7, 0xbe, 0xff, 0xe7, 0xbe, 0xff, 0xe7, 0xbe, 0xff,
    0xe7, 0xbe, 0xff, 0xe7, 0xbe, 0xff, 0xe7, 0xbe, 0xff, 0xe7, 0xbe, 0xff, 0xaf, 0x1b, 0xff, 0x04, 0xf3, 0xff, 0x04, 0xf3, 0xff, 0x04, 0xf3, 0xff,
    0xd7, 0x9e, 0xff, 0xe7, 0xbe, 0xff, 0xe7, 0xbe, 0xff, 0xe7, 0xbe, 0xff, 0xe7, 0xbe, 0xff, 0xe7, 0xbe, 0xff, 0xe7, 0xbe, 0xff, 0xe7, 0xbe, 0xff,
    0xe7, 0xbe, 0xff, 0xe7, 0xbe, 0xff, 0xe7, 0xbe, 0xff, 0xe7, 0xbe, 0xff, 0xe7, 0xbe, 0xff, 0x1d, 0x54, 0xff, 0x04, 0xf3, 0xff, 0x04, 0xf3, 0xff,
    0x8e, 0xba, 0xff, 0xe7, 0xbe, 0xff, 0xe7, 0xbe, 0xff, 0xe7, 0xbe, 0xff, 0xe7, 0xbe, 0xff, 0xe7, 0xbe, 0xff, 0xe7, 0xbe, 0xff, 0xe7, 0xbe, 0xff,
    0xe7, 0xbe, 0xff, 0xe7, 0xbe, 0xff, 0xe7, 0xbe, 0xff, 0xe7, 0xbe, 0xff, 0xe7, 0xbe, 0xff, 0xe7, 0xbe, 0xff, 0xe7, 0xbe, 0xff, 0xe7, 0xbe, 0xff,
    0xe7, 0xbe, 0xff, 0xe7, 0xbe, 0xff, 0xe7, 0xbe, 0xff, 0xe7, 0xbe, 0xff, 0xe7, 0xbe, 0xff, 0x3d, 0x96, 0xff, 0x04, 0xf3, 0xff, 0x04, 0xf3, 0xff,
    0x76, 0x59, 0xff, 0xe7, 0xbe, 0xff, 0xe7, 0xbe, 0xff, 0xe7, 0xbe, 0xff, 0xe7, 0xbe, 0xff, 0xe7, 0xbe, 0xff, 0xe7, 0xbe, 0xff, 0xe7, 0xbe, 0xff,
    0xe7, 0xbe, 0xff, 0xe7, 0xbe, 0xff, 0xe7, 0xbe, 0xff, 0xe7, 0xbe, 0xff, 0xcf, 0x7d, 0xff, 0x04, 0xf3, 0xff, 0x04, 0xf3, 0xff, 0x04, 0xf3, 0xff,
    0xbf, 0x3c, 0xff, 0xe7, 0xbe, 0xff, 0xe7, 0xbe, 0xff, 0xe7, 0xbe, 0xff, 0xe7, 0xbe, 0xff, 0xe7, 0xbe, 0xff, 0xe7, 0xbe, 0xff, 0xe7, 0xbe, 0xff,
    0xe7, 0xbe, 0xff, 0xe7, 0xbe, 0xff, 0xe7, 0xbe, 0xff, 0xe7, 0xbe, 0xff, 0xe7, 0xbe, 0xff, 0xe7, 0xbe, 0xff, 0xe7, 0xbe, 0xff, 0xe7, 0xbe, 0xff,
    0xe7, 0xbe, 0xff, 0xe7, 0xbe, 0xff, 0xe7, 0xbe, 0xff, 0xe7, 0xbe, 0xff, 0xe7, 0xbe, 0xff, 0x86, 0x99, 0xff, 0x04, 0xf3, 0xff, 0x04, 0xf3, 0xff,
    0x2d, 0x75, 0xff, 0xe7, 0xbe, 0xff, 0xe7, 0xbe, 0xff, 0xe7, 0xbe, 0xff, 0xe7, 0xbe, 0xff, 0xe7, 0xbe, 0xff, 0xe7, 0xbe, 0xff, 0xe7, 0xbe, 0xff,
    0xe7, 0xbe, 0xff, 0xe7, 0xbe, 0xff, 0xe7, 0xbe, 0xff, 0xe7, 0xbe, 0xff, 0xaf, 0x1b, 0xff, 0x04, 0xf3, 0xff, 0x04, 0xf3, 0xff, 0x04, 0xf3, 0xff,
    0xe7, 0xbe, 0xff, 0xe7, 0xbe, 0xff, 0xe7, 0xbe, 0xff, 0xe7, 0xbe, 0xff, 0xe7, 0xbe, 0xff, 0xe7, 0xbe, 0xff, 0xe7, 0xbe, 0xff, 0xe7, 0xbe, 0xff,
    0xcf, 0x5d, 0xff, 0x2d, 0x75, 0xff, 0x04, 0xf3, 0xff, 0x04, 0xf3, 0xff, 0x04, 0xf3, 0xff, 0x04, 0xf3, 0xff, 0x04, 0xf3, 0xff, 0x04, 0xf3, 0xff,
    0x04, 0xf3, 0xff, 0x04, 0xf3, 0xff, 0x1d, 0x54, 0xff, 0x8e, 0xba, 0xff, 0xe7, 0xbe, 0xff, 0xcf, 0x7d, 0xff, 0x04, 0xf3, 0xff, 0x04, 0xf3, 0xff,
    0x04, 0xf3, 0xff, 0xe7, 0xbe, 0xff, 0xe7, 0xbe, 0xff, 0xe7, 0xbe, 0xff, 0xe7, 0xbe, 0xff, 0xe7, 0xbe, 0xff, 0xe7, 0xbe, 0xff, 0xe7, 0xbe, 0xff,
    0xe7, 0xbe, 0xff, 0xe7, 0xbe, 0xff, 0xe7, 0xbe, 0xff, 0xe7, 0xbe, 0xff, 0x8e, 0xba, 0xff, 0x04, 0xf3, 0xff, 0x04, 0xf3, 0xff, 0x0d, 0x13, 0xff,
    0xe7, 0xbe, 0xff, 0xe7, 0xbe, 0xff, 0xe7, 0xbe, 0xff, 0xe7, 0xbe, 0xff, 0xe7, 0xbe, 0xff, 0xe7, 0xbe, 0xff, 0xe7, 0xbe, 0xff, 0xe7, 0xbe, 0xff,
    0x76, 0x59, 0xff, 0x04, 0xf3, 0xff, 0x04, 0xf3, 0xff, 0x04, 0xf3, 0xff, 0x04, 0xf3, 0xff, 0x04, 0xf3, 0xff, 0x04, 0xf3, 0xff, 0x04, 0xf3, 0xff,
    0x04, 0xf3, 0xff, 0x04, 0xf3, 0xff, 0x04, 0xf3, 0xff, 0x04, 0xf3, 0xff, 0x8e, 0xba, 0xff, 0xe7, 0xbe, 0xff, 0x66, 0x38, 0xff, 0x1d, 0x54, 0xff,
    0x86, 0x79, 0xff, 0xe7, 0xbe, 0xff, 0xe7, 0xbe, 0xff, 0xe7, 0xbe, 0xff, 0xe7, 0xbe, 0xff, 0xe7, 0xbe, 0xff, 0xe7, 0xbe, 0xff, 0xe7, 0xbe, 0xff,
    0xe7, 0xbe, 0xff, 0xe7, 0xbe, 0xff, 0xe7, 0xbe, 0xff, 0xcf, 0x5d, 0xff, 0x1d, 0x54, 0xff, 0x04, 0xf3, 0xff, 0x04, 0xf3, 0xff, 0x4d, 0xd6, 0xff,
    0xe7, 0xbe, 0xff, 0xe7, 0xbe, 0xff, 0xe7, 0xbe, 0xff, 0xe7, 0xbe, 0xff, 0xe7, 0xbe, 0xff, 0xe7, 0xbe, 0xff, 0xe7, 0xbe, 0xff, 0xe7, 0xbe, 0xff,
    0xbf, 0x3c, 0xff, 0x0d, 0x14, 0xff, 0x04, 0xf3, 0xff, 0x04, 0xf3, 0xff, 0x04, 0xf3, 0xff, 0x04, 0xf3, 0xff, 0x04, 0xf3, 0xff, 0x04, 0xf3, 0xff,
    0x04, 0xf3, 0xff, 0x04, 0xf3, 0xff, 0x04, 0xf3, 0xff, 0x04, 0xf3, 0xff, 0x04, 0xf3, 0xff, 0x8e, 0xba, 0xff, 0xe7, 0xbe, 0xff, 0xe7, 0xbe, 0xff,
    0xe7, 0xbe, 0xff, 0xe7, 0xbe, 0xff, 0xe7, 0xbe, 0xff, 0xe7, 0xbe, 0xff, 0xe7, 0xbe, 0xff, 0xe7, 0xbe, 0xff, 0xe7, 0xbe, 0xff, 0xe7, 0xbe, 0xff,
    0xe7, 0xbe, 0xff, 0xe7, 0xbe, 0xff, 0xdf, 0x9e, 0xff, 0x2d, 0x75, 0xff, 0x04, 0xf3, 0xff, 0x04, 0xf3, 0xff, 0x04, 0xf3, 0xff, 0xcf, 0x7d, 0xff,
    0xe7, 0xbe, 0xff, 0xe7, 0xbe, 0xff, 0xe7, 0xbe, 0xff, 0xe7, 0xbe, 0xff, 0xe7, 0xbe, 0xff, 0xe7, 0xbe, 0xff, 0xe7, 0xbe, 0xff, 0xe7, 0xbe, 0xff,
    0xe7, 0xbe, 0xff, 0xdf, 0x9e, 0xff, 0xcf, 0x5d, 0xff, 0xcf, 0x5d, 0xff, 0xcf, 0x5d, 0xff, 0xcf, 0x5d, 0xff, 0xcf, 0x5d, 0xff, 0xcf, 0x5d, 0xff,
    0xcf, 0x5d, 0xff, 0xbf, 0x3c, 0xff, 0x1d, 0x54, 0xff, 0x04, 0xf3, 0xff, 0x04, 0xf3, 0xff, 0x04, 0xf3, 0xff, 0x8e, 0xba, 0xff, 0xe7, 0xbe, 0xff,
    0xe7, 0xbe, 0xff, 0xe7, 0xbe, 0xff, 0xe7, 0xbe, 0xff, 0xe7, 0xbe, 0xff, 0xe7, 0xbe, 0xff, 0xe7, 0xbe, 0xff, 0xe7, 0xbe, 0xff, 0xe7, 0xbe, 0xff,
    0xe7, 0xbe, 0xff, 0xcf, 0x5d, 0xff, 0x1d, 0x54, 0xff, 0x04, 0xf3, 0xff, 0x04, 0xf3, 0xff, 0x04, 0xf3, 0xff, 0x76, 0x59, 0xff, 0xe7, 0xbe, 0xff,
    0xe7, 0xbe, 0xff, 0xe7, 0xbe, 0xff, 0xe7, 0xbe, 0xff, 0xe7, 0xbe, 0xff, 0xe7, 0xbe, 0xff, 0xe7, 0xbe, 0xff, 0xe7, 0xbe, 0xff, 0xe7, 0xbe, 0xff,
    0xe7, 0xbe, 0xff, 0xe7, 0xbe, 0xff, 0xe7, 0xbe, 0xff, 0xe7, 0xbe, 0xff, 0xe7, 0xbe, 0xff, 0xe7, 0xbe, 0xff, 0xe7, 0xbe, 0xff, 0xe7, 0xbe, 0xff,
    0xe7, 0xbe, 0xff, 0xe7, 0xbe, 0xff, 0xcf, 0x5d, 0xff, 0x1d, 0x54, 0xff, 0x04, 0xf3, 0xff, 0x04, 0xf3, 0xff, 0x04, 0xf3, 0xff, 0x8e, 0xba, 0xff,
    0xe7, 0xbe, 0xff, 0xe7, 0xbe, 0xff, 0xe7, 0xbe, 0xff, 0xe7, 0xbe, 0xff, 0xe7, 0xbe, 0xff, 0xe7, 0xbe, 0xff, 0xe7, 0xbe, 0xff, 0xe7, 0xbe, 0xff,
    0xcf, 0x5d, 0xff, 0x1d, 0x54, 0xff, 0x04, 0xf3, 0xff, 0x04, 0xf3, 0xff, 0x04, 0xf3, 0xff, 0x66, 0x38, 0xff, 0xe7, 0xbe, 0xff, 0xe7, 0xbe, 0xff,
    0xe7, 0xbe, 0xff, 0xe7, 0xbe, 0xff, 0xe7, 0xbe, 0xff, 0xe7, 0xbe, 0xff, 0xe7, 0xbe, 0xff, 0xe7, 0xbe, 0xff, 0xe7, 0xbe, 0xff, 0xe7, 0xbe, 0xff,
    0xe7, 0xbe, 0xff, 0xe7, 0xbe, 0xff, 0xe7, 0xbe, 0xff, 0xe7, 0xbe, 0xff, 0xe7, 0xbe, 0xff, 0xe7, 0xbe, 0xff, 0xe7, 0xbe, 0xff, 0xe7, 0xbe, 0xff,
    0xe7, 0xbe, 0xff, 0xe7, 0xbe, 0xff, 0xe7, 0xbe, 0xff, 0xcf, 0x5d, 0xff, 0x1d, 0x54, 0xff, 0x04, 0xf3, 0xff, 0x04, 0xf3, 0xff, 0x04, 0xf3, 0xff,
    0x86, 0x79, 0xff, 0xcf, 0x7d, 0xff, 0xcf, 0x7d, 0xff, 0xcf, 0x7d, 0xff, 0xcf, 0x7d, 0xff, 0xcf, 0x7d, 0xff, 0xdf, 0x9e, 0xff, 0xe7, 0xbe, 0xff,
    0x4d, 0xd6, 0xff, 0x04, 0xf3, 0xff, 0x04, 0xf3, 0xff, 0x04, 0xf3, 0xff, 0x55, 0xf7, 0xff, 0xe7, 0xbe, 0xff, 0xe7, 0xbe, 0xff, 0xe7, 0xbe, 0xff,
    0xe7, 0xbe, 0xff, 0xe7, 0xbe, 0xff, 0xe7, 0xbe, 0xff, 0xe7, 0xbe, 0xff, 0xe7, 0xbe, 0xff, 0xe7, 0xbe, 0xff, 0xe7, 0xbe, 0xff, 0xe7, 0xbe, 0xff,
    0xe7, 0xbe, 0xff, 0xe7, 0xbe, 0xff, 0xe7, 0xbe, 0xff, 0xe7, 0xbe, 0xff, 0xe7, 0xbe, 0xff, 0xe7, 0xbe, 0xff, 0xe7, 0xbe, 0xff, 0xe7, 0xbe, 0xff,
    0xe7, 0xbe, 0xff, 0xe7, 0xbe, 0xff, 0xe7, 0xbe, 0xff, 0xe7, 0xbe, 0xff, 0xcf, 0x5d, 0xff, 0x1d, 0x54, 0xff, 0x04, 0xf3, 0xff, 0x04, 0xf3, 0xff,
    0x04, 0xf3, 0xff, 0x04, 0xf3, 0xff, 0x04, 0xf3, 0xff, 0x04, 0xf3, 0xff, 0x04, 0xf3, 0xff, 0x04, 0xf3, 0xff, 0x04, 0xf3, 0xff, 0x66, 0x38, 0xff,
    0x04, 0xf3, 0xff, 0x04, 0xf3, 0xff, 0x04, 0xf3, 0xff, 0x04, 0xf3, 0xff, 0x55, 0xf7, 0xff, 0xcf, 0x7d, 0xff, 0xe7, 0xbe, 0xff, 0xe7, 0xbe, 0xff,
    0xe7, 0xbe, 0xff, 0xe7, 0xbe, 0xff, 0xe7, 0xbe, 0xff, 0xe7, 0xbe, 0xff, 0xe7, 0xbe, 0xff, 0xe7, 0xbe, 0xff, 0xdf, 0x9e, 0xff, 0x86, 0x99, 0xff,
    0x76, 0x59, 0xff, 0x76, 0x59, 0xff, 0x76, 0x59, 0xff, 0x76, 0x59, 0xff, 0x76, 0x59, 0xff, 0x76, 0x59, 0xff, 0x76, 0x59, 0xff, 0x86, 0x99, 0xff,
    0xcf, 0x7d, 0xff, 0xe7, 0xbe, 0xff, 0xe7, 0xbe, 0xff, 0xe7, 0xbe, 0xff, 0xe7, 0xbe, 0xff, 0xcf, 0x5d, 0xff, 0x1d, 0x54, 0xff, 0x04, 0xf3, 0xff,
    0x04, 0xf3, 0xff, 0x04, 0xf3, 0xff, 0x04, 0xf3, 0xff, 0x04, 0xf3, 0xff, 0x04, 0xf3, 0xff, 0x04, 0xf3, 0xff, 0x04, 0xf3, 0xff, 0x04, 0xf3, 0xff,
    0x55, 0xf7, 0xff, 0x04, 0xf3, 0xff, 0x04, 0xf3, 0xff, 0x04, 0xf3, 0xff, 0x04, 0xf3, 0xff, 0x0d, 0x13, 0xff, 0x86, 0x79, 0xff, 0xe7, 0xbe, 0xff,
    0xe7, 0xbe, 0xff, 0xe7, 0xbe, 0xff, 0xe7, 0xbe, 0xff, 0xe7, 0xbe, 0xff, 0xe7, 0xbe, 0xff, 0xe7, 0xbe, 0xff, 0x55, 0xf7, 0xff, 0x04, 0xf3, 0xff,
    0x04, 0xf3, 0xff, 0x04, 0xf3, 0xff, 0x04, 0xf3, 0xff, 0x04, 0xf3, 0xff, 0x04, 0xf3, 0xff, 0x04, 0xf3, 0xff, 0x04, 0xf3, 0xff, 0x04, 0xf3, 0xff,
    0x3d, 0x96, 0xff, 0xe7, 0xbe, 0xff, 0xe7, 0xbe, 0xff, 0xe7, 0xbe, 0xff, 0xe7, 0xbe, 0xff, 0xe7, 0xbe, 0xff, 0xcf, 0x5d, 0xff, 0x1d, 0x54, 0xff,
    0x04, 0xf3, 0xff, 0x04, 0xf3, 0xff, 0x04, 0xf3, 0xff, 0x04, 0xf3, 0xff, 0x04, 0xf3, 0xff, 0x04, 0xf3, 0xff, 0x04, 0xf3, 0xff, 0x76, 0x59, 0xff,
    0xe7, 0xbe, 0xff, 0x96, 0xba, 0xff, 0x1d, 0x54, 0xff, 0x04, 0xf3, 0xff, 0x04, 0xf3, 0xff, 0x04, 0xf3, 0xff, 0x04, 0xf3, 0xff, 0x86, 0x79, 0xff,
    0xe7, 0xbe, 0xff, 0xe7, 0xbe, 0xff, 0xe7, 0xbe, 0xff, 0xe7, 0xbe, 0xff, 0xe7, 0xbe, 0xff, 0xe7, 0xbe, 0xff, 0x3d, 0x96, 0xff, 0x04, 0xf3, 0xff,
    0x04, 0xf3, 0xff, 0x04, 0xf3, 0xff, 0x04, 0xf3, 0xff, 0x04, 0xf3, 0xff, 0x04, 0xf3, 0xff, 0x04, 0xf3, 0xff, 0x04, 0xf3, 0xff, 0x04, 0xf3, 0xff,
    0x2d, 0x75, 0xff, 0xe7, 0xbe, 0xff, 0xe7, 0xbe, 0xff, 0xe7, 0xbe, 0xff, 0xe7, 0xbe, 0xff, 0xe7, 0xbe, 0xff, 0xe7, 0xbe, 0xff, 0xe7, 0xbe, 0xff,
    0xe7, 0xbe, 0xff, 0xe7, 0xbe, 0xff, 0xe7, 0xbe, 0xff, 0xe7, 0xbe, 0xff, 0xe7, 0xbe, 0xff, 0xe7, 0xbe, 0xff, 0xe7, 0xbe, 0xff, 0xe7, 0xbe, 0xff,
    0xe7, 0xbe, 0xff, 0xe7, 0xbe, 0xff, 0xe7, 0xbe, 0xff, 0x96, 0xba, 0xff, 0x1d, 0x54, 0xff, 0x04, 0xf3, 0xff, 0x04, 0xf3, 0xff, 0x2d, 0x75, 0xff,
    0xe7, 0xbe, 0xff, 0xe7, 0xbe, 0xff, 0xe7, 0xbe, 0xff, 0xe7, 0xbe, 0xff, 0xe7, 0xbe, 0xff, 0xe7, 0xbe, 0xff, 0xcf, 0x5d, 0xff, 0x55, 0xf7, 0xff,
    0x55, 0xf7, 0xff, 0x55, 0xf7, 0xff, 0x55, 0xf7, 0xff, 0x55, 0xf7, 0xff, 0x55, 0xf7, 0xff, 0x55, 0xf7, 0xff, 0x55, 0xf7, 0xff, 0x55, 0xf7, 0xff,
    0xbf, 0x3c, 0xff, 0xe7, 0xbe, 0xff, 0xe7, 0xbe, 0xff, 0xe7, 0xbe, 0xff, 0xe7, 0xbe, 0xff, 0xe7, 0xbe, 0xff, 0xe7, 0xbe, 0xff, 0xe7, 0xbe, 0xff,
    0xe7, 0xbe, 0xff, 0xe7, 0xbe, 0xff, 0xe7, 0xbe, 0xff, 0xe7, 0xbe, 0xff, 0xe7, 0xbe, 0xff, 0xe7, 0xbe, 0xff, 0xe7, 0xbe, 0xff, 0xe7, 0xbe, 0xff,
    0xe7, 0xbe, 0xff, 0xe7, 0xbe, 0xff, 0xe7, 0xbe, 0xff, 0xe7, 0xbe, 0xff, 0x9e, 0xdb, 0xff, 0x04, 0xf3, 0xff, 0x04, 0xf3, 0xff, 0x1d, 0x54, 0xff,
    0xe7, 0xbe, 0xff, 0xe7, 0xbe, 0xff, 0xe7, 0xbe, 0xff, 0xe7, 0xbe, 0xff, 0xe7, 0xbe, 0xff, 0xe7, 0xbe, 0xff, 0xe7, 0xbe, 0xff, 0xe7, 0xbe, 0xff,
    0xe7, 0xbe, 0xff, 0xe7, 0xbe, 0xff, 0xe7, 0xbe, 0xff, 0xe7, 0xbe, 0xff, 0xe7, 0xbe, 0xff, 0xe7, 0xbe, 0xff, 0xe7, 0xbe, 0xff, 0xe7, 0xbe, 0xff,
    0xe7, 0xbe, 0xff, 0xe7, 0xbe, 0xff, 0xe7, 0xbe, 0xff, 0xe7, 0xbe, 0xff, 0xe7, 0xbe, 0xff, 0x86, 0x99, 0xff, 0x1d, 0x34, 0xff, 0x1d, 0x34, 0xff,
    0x1d, 0x34, 0xff, 0x1d, 0x34, 0xff, 0x1d, 0x34, 0xff, 0x1d, 0x34, 0xff, 0x3d, 0x96, 0xff, 0xbf, 0x3c, 0xff, 0xe7, 0xbe, 0xff, 0xe7, 0xbe, 0xff,
    0xe7, 0xbe, 0xff, 0xe7, 0xbe, 0xff, 0xe7, 0xbe, 0xff, 0xe7, 0xbe, 0xff, 0xbf, 0x3c, 0xff, 0x04, 0xf3, 0xff, 0x04, 0xf3, 0xff, 0x0d, 0x13, 0xff,
    0xe7, 0xbe, 0xff, 0xe7, 0xbe, 0xff, 0xe7, 0xbe, 0xff, 0xe7, 0xbe, 0xff, 0xe7, 0xbe, 0xff, 0xe7, 0xbe, 0xff, 0xe7, 0xbe, 0xff, 0xe7, 0xbe, 0xff,
    0xe7, 0xbe, 0xff, 0xe7, 0xbe, 0xff, 0xe7, 0xbe, 0xff, 0xe7, 0xbe, 0xff, 0xe7, 0xbe, 0xff, 0xe7, 0xbe, 0xff, 0xe7, 0xbe, 0xff, 0xe7, 0xbe, 0xff,
    0xe7, 0xbe, 0xff, 0xe7, 0xbe, 0xff, 0xe7, 0xbe, 0xff, 0xe7, 0xbe, 0xff, 0x76, 0x58, 0xff, 0x04, 0xf3, 0xff, 0x04, 0xf3, 0xff, 0x04, 0xf3, 0xff,
    0x04, 0xf3, 0xff, 0x04, 0xf3, 0xff, 0x04, 0xf3, 0xff, 0x04, 0xf3, 0xff, 0x04, 0xf3, 0xff, 0x4d, 0xd6, 0xff, 0xe7, 0xbe, 0xff, 0xe7, 0xbe, 0xff,
    0xe7, 0xbe, 0xff, 0xe7, 0xbe, 0xff, 0xe7, 0xbe, 0xff, 0xe7, 0xbe, 0xff, 0xcf, 0x7d, 0xff, 0x04, 0xf3, 0xff, 0x04, 0xf3, 0xff, 0x04, 0xf3, 0xff,
    0xd7, 0x9e, 0xff, 0xe7, 0xbe, 0xff, 0xe7, 0xbe, 0xff, 0xe7, 0xbe, 0xff, 0xe7, 0xbe, 0xff, 0xe7, 0xbe, 0xff, 0xe7, 0xbe, 0xff, 0xe7, 0xbe, 0xff,
    0xe7, 0xbe, 0xff, 0xe7, 0xbe, 0xff, 0xe7, 0xbe, 0xff, 0xe7, 0xbe, 0xff, 0xe7, 0xbe, 0xff, 0xe7, 0xbe, 0xff, 0xe7, 0xbe, 0xff, 0xe7, 0xbe, 0xff,
    0xe7, 0xbe, 0xff, 0xe7, 0xbe, 0xff, 0xe7, 0xbe, 0xff, 0x76, 0x58, 0xff, 0x04, 0xf3, 0xff, 0x04, 0xf3, 0xff, 0x04, 0xf3, 0xff, 0x04, 0xf3, 0xff,
    0x04, 0xf3, 0xff, 0x04, 0xf3, 0xff, 0x04, 0xf3, 0xff, 0x04, 0xf3, 0xff, 0x04, 0xf3, 0xff, 0x66, 0x38, 0xff, 0xe7, 0xbe, 0xff, 0xe7, 0xbe, 0xff,
    0xe7, 0xbe, 0xff, 0xe7, 0xbe, 0xff, 0xe7, 0xbe, 0xff, 0xe7, 0xbe, 0xff, 0xe7, 0xbe, 0xff, 0x0d, 0x14, 0xff, 0x04, 0xf3, 0xff, 0x04, 0xf3, 0xff,
    0xbf, 0x3c, 0xff, 0xe7, 0xbe, 0xff, 0xe7, 0xbe, 0xff, 0xe7, 0xbe, 0xff, 0xe7, 0xbe, 0xff, 0xe7, 0xbe, 0xff, 0xe7, 0xbe, 0xff, 0xe7, 0xbe, 0xff,
    0xe7, 0xbe, 0xff, 0xe7, 0xbe, 0xff, 0xe7, 0xbe, 0xff, 0xdf, 0x9e, 0xff, 0xcf, 0x7d, 0xff, 0xcf, 0x7d, 0xff, 0xcf, 0x7d, 0xff, 0xcf, 0x7d, 0xff,
    0xcf, 0x7d, 0xff, 0xcf, 0x7d, 0xff, 0x76, 0x58, 0xff, 0x04, 0xf3, 0xff, 0x04, 0xf3, 0xff, 0x04, 0xf3, 0xff, 0x1d, 0x54, 0xff, 0x96, 0xba, 0xff,
    0x96, 0xba, 0xff, 0x96, 0xba, 0xff, 0x96, 0xba, 0xff, 0x96, 0xba, 0xff, 0xaf, 0x1b, 0xff, 0xe7, 0xbe, 0xff, 0xe7, 0xbe, 0xff, 0xe7, 0xbe, 0xff,
    0xe7, 0xbe, 0xff, 0xe7, 0xbe, 0xff, 0xe7, 0xbe, 0xff, 0xe7, 0xbe, 0xff, 0xe7, 0xbe, 0xff, 0x2d, 0x75, 0xff, 0x04, 0xf3, 0xff, 0x04, 0xf3, 0xff,
    0x86, 0x79, 0xff, 0xe7, 0xbe, 0xff, 0xe7, 0xbe, 0xff, 0xe7, 0xbe, 0xff, 0xe7, 0xbe, 0xff, 0xe7, 0xbe, 0xff, 0xe7, 0xbe, 0xff, 0xe7, 0xbe, 0xff,
    0xe7, 0xbe, 0xff, 0xe7, 0xbe, 0xff, 0x9e, 0xdb, 0xff, 0x0d, 0x14, 0xff, 0x04, 0xf3, 0xff, 0x04, 0xf3, 0xff, 0x04, 0xf3, 0xff, 0x04, 0xf3, 0xff,
    0x04, 0xf3, 0xff, 0x04, 0xf3, 0xff, 0x04, 0xf3, 0xff, 0x04, 0xf3, 0xff, 0x04, 0xf3, 0xff, 0x1d, 0x54, 0xff, 0xcf, 0x7d, 0xff, 0xe7, 0xbe, 0xff,
    0xe7, 0xbe, 0xff, 0xe7, 0xbe, 0xff, 0xe7, 0xbe, 0xff, 0xe7, 0xbe, 0xff, 0xe7, 0xbe, 0xff, 0xe7, 0xbe, 0xff, 0xe7, 0xbe, 0xff, 0xe7, 0xbe, 0xff,
    0xe7, 0xbe, 0xff, 0xe7, 0xbe, 0xff, 0xe7, 0xbe, 0xff, 0xe7, 0xbe, 0xff, 0xe7, 0xbe, 0xff, 0x66, 0x38, 0xff, 0x04, 0xf3, 0xff, 0x04, 0xf3, 0xff,
    0x3d, 0x96, 0xff, 0xe7, 0xbe, 0xff, 0xe7, 0xbe, 0xff, 0xe7, 0xbe, 0xff, 0xe7, 0xbe, 0xff, 0xe7, 0xbe, 0xff, 0xe7, 0xbe, 0xff, 0xe7, 0xbe, 0xff,
    0xe7, 0xbe, 0xff, 0xe7, 0xbe, 0xff, 0x55, 0xf7, 0xff, 0x04, 0xf3, 0xff, 0x04, 0xf3, 0xff, 0x04, 0xf3, 0xff, 0x04, 0xf3, 0xff, 0x04, 0xf3, 0xff,
    0x04, 0xf3, 0xff, 0x04, 0xf3, 0xff, 0x04, 0xf3, 0xff, 0x04, 0xf3, 0xff, 0x1d, 0x54, 0xff, 0xcf, 0x7d, 0xff, 0xe7, 0xbe, 0xff, 0xe7, 0xbe, 0xff,
    0xe7, 0xbe, 0xff, 0xe7, 0xbe, 0xff, 0xe7, 0xbe, 0xff, 0xe7, 0xbe, 0xff, 0xe7, 0xbe, 0xff, 0xe7, 0xbe, 0xff, 0xe7, 0xbe, 0xff, 0xe7, 0xbe, 0xff,
    0xe7, 0xbe, 0xff, 0xe7, 0xbe, 0xff, 0xe7, 0xbe, 0xff, 0xe7, 0xbe, 0xff, 0xe7, 0xbe, 0xff, 0xaf, 0x1b, 0xff, 0x04, 0xf3, 0xff, 0x04, 0xf3, 0xff,
    0x0d, 0x13, 0xff, 0xcf, 0x7d, 0xff, 0xe7, 0xbe, 0xff, 0xe7, 0xbe, 0xff, 0xe7, 0xbe, 0xff, 0xe7, 0xbe, 0xff, 0xe7, 0xbe, 0xff, 0xe7, 0xbe, 0xff,
    0xe7, 0xbe, 0xff, 0xe7, 0xbe, 0xff, 0xaf, 0x1b, 0xff, 0x1d, 0x54, 0xff, 0x04, 0xf3, 0xff, 0x04, 0xf3, 0xff, 0x04, 0xf3, 0xff, 0x04, 0xf3, 0xff,
    0x04, 0xf3, 0xff, 0x04, 0xf3, 0xff, 0x04, 0xf3, 0xff, 0x2d, 0x75, 0xff, 0xcf, 0x7d, 0xff, 0xe7, 0xbe, 0xff, 0xe7, 0xbe, 0xff, 0xe7, 0xbe, 0xff,
    0xe7, 0xbe, 0xff, 0xe7, 0xbe, 0xff, 0xe7, 0xbe, 0xff, 0xe7, 0xbe, 0xff, 0xe7, 0xbe, 0xff, 0xe7, 0xbe, 0xff, 0xe7, 0xbe, 0xff, 0xe7, 0xbe, 0xff,
    0xe7, 0xbe, 0xff, 0xe7, 0xbe, 0xff, 0xe7, 0xbe, 0xff, 0xe7, 0xbe, 0xff, 0xe7, 0xbe, 0xff, 0xd7, 0x9e, 0xff, 0x0d, 0x14, 0xff, 0x04, 0xf3, 0xff,
    0x04, 0xf3, 0xff, 0x1d, 0x54, 0xff, 0x86, 0x99, 0xff, 0xaf, 0x1c, 0xff, 0x9e, 0xdb, 0xff, 0x86, 0x99, 0xff, 0x55, 0xf7, 0xff, 0x3d, 0x96, 0xff,
    0x55, 0xf7, 0xff, 0xcf, 0x7d, 0xff, 0xe7, 0xbe, 0xff, 0xe7, 0xbe, 0xff, 0xe7, 0xbe, 0xff, 0xe7, 0xbe, 0xff, 0xe7, 0xbe, 0xff, 0xe7, 0xbe, 0xff,
    0xe7, 0xbe, 0xff, 0xe7, 0xbe, 0xff, 0xe7, 0xbe, 0xff, 0xe7, 0xbe, 0xff, 0xe7, 0xbe, 0xff, 0xe7, 0xbe, 0xff, 0xe7, 0xbe, 0xff, 0xe7, 0xbe, 0xff,
    0xe7, 0xbe, 0xff, 0xe7, 0xbe, 0xff, 0xe7, 0xbe, 0xff, 0xe7, 0xbe, 0xff, 0xe7, 0xbe, 0xff, 0xe7, 0xbe, 0xff, 0xe7, 0xbe, 0xff, 0xe7, 0xbe, 0xff,
    0xe7, 0xbe, 0xff, 0xe7, 0xbe, 0xff, 0xe7, 0xbe, 0xff, 0xe7, 0xbe, 0xff, 0xe7, 0xbe, 0xff, 0xe7, 0xbe, 0xff, 0x86, 0x99, 0xff, 0x04, 0xf3, 0xff,
    0x04, 0xf3, 0xff, 0x04, 0xf3, 0xff, 0x04, 0xf3, 0xff, 0x04, 0xf3, 0xff, 0x04, 0xf3, 0xff, 0x04, 0xf3, 0xff, 0x04, 0xf3, 0xff, 0x04, 0xf3, 0xff,
    0x04, 0xf3, 0xff, 0x3d, 0x96, 0xff, 0xe7, 0xbe, 0xff, 0xe7, 0xbe, 0xff, 0xe7, 0xbe, 0xff, 0xe7, 0xbe, 0xff, 0xe7, 0xbe, 0xff, 0xe7, 0xbe, 0xff,
    0xe7, 0xbe, 0xff, 0xe7, 0xbe, 0xff, 0xe7, 0xbe, 0xff, 0xe7, 0xbe, 0xff, 0xe7, 0xbe, 0xff, 0xe7, 0xbe, 0xff, 0xe7, 0xbe, 0xff, 0xe7, 0xbe, 0xff,
    0xe7, 0xbe, 0xff, 0xe7, 0xbe, 0xff, 0xe7, 0xbe, 0xff, 0xe7, 0xbe, 0xff, 0xe7, 0xbe, 0xff, 0xe7, 0xbe, 0xff, 0xe7, 0xbe, 0xff, 0xe7, 0xbe, 0xff,
    0xe7, 0xbe, 0xff, 0xe7, 0xbe, 0xff, 0xe7, 0xbe, 0xff, 0xe7, 0xbe, 0xff, 0xe7, 0xbe, 0xff, 0xe7, 0xbe, 0xff, 0xe7, 0xbe, 0xff, 0x76, 0x58, 0xff,
    0x0d, 0x14, 0xff, 0x04, 0xf3, 0xff, 0x04, 0xf3, 0xff, 0x04, 0xf3, 0xff, 0x04, 0xf3, 0xff, 0x04, 0xf3, 0xff, 0x04, 0xf3, 0xff, 0x04, 0xf3, 0xff,
    0x04, 0xf3, 0xff, 0x04, 0xf3, 0xff, 0xe7, 0xbe, 0xff, 0xe7, 0xbe, 0xff, 0xe7, 0xbe, 0xff, 0xe7, 0xbe, 0xff, 0xe7, 0xbe, 0xff, 0xe7, 0xbe, 0xff,
    0xe7, 0xbe, 0xff, 0xe7, 0xbe, 0xff, 0xe7, 0xbe, 0xff, 0xe7, 0xbe, 0xff, 0xe7, 0xbe, 0xff, 0xe7, 0xbe, 0xff, 0xe7, 0xbe, 0xff, 0xe7, 0xbe, 0xff,
    0xe7, 0xbe, 0xff, 0xe7, 0xbe, 0xff, 0xe7, 0xbe, 0xff, 0xe7, 0xbe, 0xff, 0xe7, 0xbe, 0xff, 0xe7, 0xbe, 0xff, 0xe7, 0xbe, 0xff, 0xe7, 0xbe, 0xff,
    0xe7, 0xbe, 0xff, 0xe7, 0xbe, 0xff, 0xe7, 0xbe, 0xff, 0xe7, 0xbe, 0xff, 0xe7, 0xbe, 0xff, 0xe7, 0xbe, 0xff, 0xe7, 0xbe, 0xff, 0xe7, 0xbe, 0xff,
    0xcf, 0x5d, 0xff, 0x96, 0xba, 0xff, 0x3d, 0x96, 0xff, 0x2d, 0x75, 0xff, 0x2d, 0x75, 0xff, 0x55, 0xf7, 0xff, 0x55, 0xf7, 0xff, 0x04, 0xf3, 0xff,
    0x04, 0xf3, 0xff, 0x04, 0xf3, 0xff, 0xe7, 0xbe, 0xff, 0xe7, 0xbe, 0xff, 0xe7, 0xbe, 0xff, 0xe7, 0xbe, 0xff, 0xe7, 0xbe, 0xff, 0xe7, 0xbe, 0xff,
    0xe7, 0xbe, 0xff, 0xe7, 0xbe, 0xff, 0xe7, 0xbe, 0xff, 0xe7, 0xbe, 0xff, 0xe7, 0xbe, 0xff, 0xe7, 0xbe, 0xff, 0xe7, 0xbe, 0xff, 0xe7, 0xbe, 0xff,
    0xe7, 0xbe, 0xff, 0xe7, 0xbe, 0xff, 0xe7, 0xbe, 0xff, 0xe7, 0xbe, 0xff, 0xe7, 0xbe, 0xff, 0xe7, 0xbe, 0xff, 0xe7, 0xbe, 0xff, 0xe7, 0xbe, 0xff,
    0xe7, 0xbe, 0xff, 0xe7, 0xbe, 0xff, 0xe7, 0xbe, 0xff, 0xe7, 0xbe, 0xff, 0xe7, 0xbe, 0xff, 0xe7, 0xbe, 0xff, 0xe7, 0xbe, 0xff, 0xe7, 0xbe, 0xff,
    0xe7, 0xbe, 0xff, 0xe7, 0xbe, 0xff, 0xe7, 0xbe, 0xff, 0xe7, 0xbe, 0xff, 0xe7, 0xbe, 0xff, 0xe7, 0xbe, 0xff, 0x8e, 0xba, 0xff, 0x04, 0xf3, 0xff,
    0x04, 0xf3, 0xff, 0x2d, 0x75, 0xff, 0xe7, 0xbe, 0xff, 0xe7, 0xbe, 0xff, 0xe7, 0xbe, 0xff, 0xe7, 0xbe, 0xff, 0xe7, 0xbe, 0xff, 0xe7, 0xbe, 0xff,
    0xe7, 0xbe, 0xff, 0xe7, 0xbe, 0xff, 0xe7, 0xbe, 0xff, 0xe7, 0xbe, 0xff, 0xe7, 0xbe, 0xff, 0xe7, 0xbe, 0xff, 0xe7, 0xbe, 0xff, 0xe7, 0xbe, 0xff,
    0xe7, 0xbe, 0xff, 0xe7, 0xbe, 0xff, 0xe7, 0xbe, 0xff, 0xe7, 0xbe, 0xff, 0xe7, 0xbe, 0xff, 0xe7, 0xbe, 0xff, 0xe7, 0xbe, 0xff, 0xe7, 0xbe, 0xff,
    0xe7, 0xbe, 0xff, 0xe7, 0xbe, 0xff, 0xe7, 0xbe, 0xff, 0xe7, 0xbe, 0xff, 0xe7, 0xbe, 0xff, 0xe7, 0xbe, 0xff, 0xe7, 0xbe, 0xff, 0xe7, 0xbe, 0xff,
    0xe7, 0xbe, 0xff, 0xe7, 0xbe, 0xff, 0xe7, 0xbe, 0xff, 0xe7, 0xbe, 0xff, 0xe7, 0xbe, 0xff, 0xe7, 0xbe, 0xff, 0x3d, 0x96, 0xff, 0x04, 0xf3, 0xff,
    0x04, 0xf3, 0xff, 0x55, 0xf7, 0xff, 0xe7, 0xbe, 0xff, 0xe7, 0xbe, 0xff, 0xe7, 0xbe, 0xff, 0xe7, 0xbe, 0xff, 0xe7, 0xbe, 0xff, 0xe7, 0xbe, 0xff,
    0xe7, 0xbe, 0xff, 0xe7, 0xbe, 0xff, 0xe7, 0xbe, 0xff, 0xe7, 0xbe, 0xff, 0xe7, 0xbe, 0xff, 0xe7, 0xbe, 0xff, 0xe7, 0xbe, 0xff, 0xe7, 0xbe, 0xff,
    0xe7, 0xbe, 0xff, 0xe7, 0xbe, 0xff, 0xe7, 0xbe, 0xff, 0xe7, 0xbe, 0xff, 0xe7, 0xbe, 0xff, 0xe7, 0xbe, 0xff, 0xe7, 0xbe, 0xff, 0xe7, 0xbe, 0xff,
    0xe7, 0xbe, 0xff, 0xe7, 0xbe, 0xff, 0xe7, 0xbe, 0xff, 0xe7, 0xbe, 0xff, 0xe7, 0xbe, 0xff, 0xe7, 0xbe, 0xff, 0xe7, 0xbe, 0xff, 0xe7, 0xbe, 0xff,
    0xe7, 0xbe, 0xff, 0xe7, 0xbe, 0xff, 0xe7, 0xbe, 0xff, 0xe7, 0xbe, 0xff, 0xe7, 0xbe, 0xff, 0xbf, 0x3c, 0xff, 0x04, 0xf3, 0xff, 0x04, 0xf3, 0xff,
    0x04, 0xf3, 0xff, 0xaf, 0x1c, 0xff, 0xe7, 0xbe, 0xff, 0xe7, 0xbe, 0xff, 0xe7, 0xbe, 0xff, 0xe7, 0xbe, 0xff, 0xe7, 0xbe, 0xff, 0xe7, 0xbe, 0xff,
    0xe7, 0xbe, 0xff, 0xe7, 0xbe, 0xff, 0xe7, 0xbe, 0xff, 0xe7, 0xbe, 0xff, 0xe7, 0xbe, 0xff, 0xe7, 0xbe, 0xff, 0xe7, 0xbe, 0xff, 0xe7, 0xbe, 0xff,
    0xe7, 0xbe, 0xff, 0xe7, 0xbe, 0xff, 0xe7, 0xbe, 0xff, 0xe7, 0xbe, 0xff, 0xe7, 0xbe, 0xff, 0xe7, 0xbe, 0xff, 0xe7, 0xbe, 0xff, 0xe7, 0xbe, 0xff,
    0xe7, 0xbe, 0xff, 0xe7, 0xbe, 0xff, 0xe7, 0xbe, 0xff, 0xe7, 0xbe, 0xff, 0xe7, 0xbe, 0xff, 0xe7, 0xbe, 0xff, 0xe7, 0xbe, 0xff, 0xe7, 0xbe, 0xff,
    0xe7, 0xbe, 0xff, 0xe7, 0xbe, 0xff, 0xe7, 0xbe, 0xff, 0xe7, 0xbe, 0xff, 0xe7, 0xbe, 0xff, 0x55, 0xf7, 0xff, 0x04, 0xf3, 0xff, 0x04, 0xf3, 0xff,
    0x2d, 0x75, 0xff, 0xe7, 0xbe, 0xff, 0xe7, 0xbe, 0xff, 0xe7, 0xbe, 0xff, 0xe7, 0xbe, 0xff, 0xe7, 0xbe, 0xff, 0xe7, 0xbe, 0xff, 0xe7, 0xbe, 0xff,
    0xe7, 0xbe, 0xff, 0xe7, 0xbe, 0xff, 0xe7, 0xbe, 0xff, 0xe7, 0xbe, 0xff, 0xe7, 0xbe, 0xff, 0xe7, 0xbe, 0xff, 0xe7, 0xbe, 0xff, 0xe7, 0xbe, 0xff,
    0xe7, 0xbe, 0xff, 0xe7, 0xbe, 0xff, 0xe7, 0xbe, 0xff, 0xe7, 0xbe, 0xff, 0xe7, 0xbe, 0xff, 0xe7, 0xbe, 0xff, 0xe7, 0xbe, 0xff, 0xe7, 0xbe, 0xff,
    0xe7, 0xbe, 0xff, 0xe7, 0xbe, 0xff, 0xe7, 0xbe, 0xff, 0xe7, 0xbe, 0xff, 0xe7, 0xbe, 0xff, 0xe7, 0xbe, 0xff, 0xe7, 0xbe, 0xff, 0xe7, 0xbe, 0xff,
    0xe7, 0xbe, 0xff, 0xe7, 0xbe, 0xff, 0xe7, 0xbe, 0xff, 0xe7, 0xbe, 0xff, 0xe7, 0xbe, 0xff, 0x04, 0xf3, 0xff, 0x04, 0xf3, 0xff, 0x04, 0xf3, 0xff,
    0x8e, 0xba, 0xff, 0xe7, 0xbe, 0xff, 0xe7, 0xbe, 0xff, 0xe7, 0xbe, 0xff, 0xe7, 0xbe, 0xff, 0xe7, 0xbe, 0xff, 0xe7, 0xbe, 0xff, 0xe7, 0xbe, 0xff,
    0xe7, 0xbe, 0xff, 0xe7, 0xbe, 0xff, 0xe7, 0xbe, 0xff, 0xe7, 0xbe, 0xff, 0xe7, 0xbe, 0xff, 0xe7, 0xbe, 0xff, 0xe7, 0xbe, 0xff, 0xe7, 0xbe, 0xff,
    0xe7, 0xbe, 0xff, 0xe7, 0xbe, 0xff, 0xe7, 0xbe, 0xff, 0xe7, 0xbe, 0xff, 0xe7, 0xbe, 0xff, 0xe7, 0xbe, 0xff, 0xe7, 0xbe, 0xff, 0xe7, 0xbe, 0xff,
    0xe7, 0xbe, 0xff, 0xe7, 0xbe, 0xff, 0xe7, 0xbe, 0xff, 0xe7, 0xbe, 0xff, 0xe7, 0xbe, 0xff, 0xe7, 0xbe, 0xff, 0xe7, 0xbe, 0xff, 0xe7, 0xbe, 0xff,
    0xe7, 0xbe, 0xff, 0xe7, 0xbe, 0xff, 0xe7, 0xbe, 0xff, 0xe7, 0xbe, 0xff, 0xe7, 0xbe, 0xff, 0x76, 0x58, 0xff, 0x04, 0xf3, 0xff, 0x3d, 0xb6, 0xff,
    0xe7, 0xbe, 0xff, 0xe7, 0xbe, 0xff, 0xe7, 0xbe, 0xff, 0xe7, 0xbe, 0xff, 0xe7, 0xbe, 0xff, 0xe7, 0xbe, 0xff, 0xe7, 0xbe, 0xff, 0xe7, 0xbe, 0xff,
    0xe7, 0xbe, 0xff, 0xe7, 0xbe, 0xff, 0xe7, 0xbe, 0xff, 0xe7, 0xbe, 0xff, 0xe7, 0xbe, 0xff, 0xe7, 0xbe, 0xff, 0xe7, 0xbe, 0xff, 0xe7, 0xbe, 0xff,
    0xe7, 0xbe, 0xff, 0xe7, 0xbe, 0xff, 0xe7, 0xbe, 0xff, 0xe7, 0xbe, 0xff, 0xe7, 0xbe, 0xff, 0xe7, 0xbe, 0xff, 0xe7, 0xbe, 0xff, 0xe7, 0xbe, 0xff,
};

const lv_img_dsc_t home_icon_ai_img = {
    .header.cf = LV_IMG_CF_TRUE_COLOR_ALPHA,
    .header.always_zero = 0,
    .header.reserved = 0,
    .header.w = 40,
    .header.h = 40,
    .data_size = 40 * 40 * LV_IMG_PX_SIZE_ALPHA_BYTE,
    .data = home_icon_ai_img_map,
};

static const LV_ATTRIBUTE_MEM_ALIGN LV_ATTRIBUTE_LARGE_CONST uint8_t home_icon_settings_img_map[] = {
    0xef, 0x9e, 0xff, 0xef, 0x9e, 0xff, 0xef, 0x9e, 0xff, 0xef, 0x9e, 0xff, 0xef, 0x9e, 0xff, 0xef, 0x9e, 0xff, 0xef, 0x9e, 0xff, 0xef, 0x9e, 0xff,
    0xef, 0x9e, 0xff, 0xef, 0x9e, 0xff, 0xef, 0x9e, 0xff, 0xef, 0x9e, 0xff, 0xef, 0x9e, 0xff, 0xef, 0x9e, 0xff, 0xef, 0x9e, 0xff, 0xef, 0x9e, 0xff,
    0xef, 0x9e, 0xff, 0xef, 0x9e, 0xff, 0xef, 0x9e, 0xff, 0xef, 0x9e, 0xff, 0xef, 0x9e, 0xff, 0xef, 0x9e, 0xff, 0xef, 0x9e, 0xff, 0xef, 0x9e, 0xff,
    0xef, 0x9e, 0xff, 0xef, 0x9e, 0xff, 0xef, 0x9e, 0xff, 0xef, 0x9e, 0xff, 0xef, 0x9e, 0xff, 0xef, 0x9e, 0xff, 0xef, 0x9e, 0xff, 0xef, 0x9e, 0xff,
    0xef, 0x9e, 0xff, 0xef, 0x9e, 0xff, 0xef, 0x9e, 0xff, 0xef, 0x9e, 0xff, 0xef, 0x9e, 0xff, 0xef, 0x9e, 0xff, 0xef, 0x9e, 0xff, 0xef, 0x9e, 0xff,
    0xef, 0x9e, 0xff, 0xef, 0x9e, 0xff, 0xef, 0x9e, 0xff, 0xef, 0x9e, 0xff, 0xef, 0x9e, 0xff, 0xef, 0x9e, 0xff, 0xef, 0x9e, 0xff, 0xef, 0x9e, 0xff,
    0xef, 0x9e, 0xff, 0xef, 0x9e, 0xff, 0xef, 0x9e, 0xff, 0xef, 0x9e, 0xff, 0xef, 0x9e, 0xff, 0xef, 0x9e, 0xff, 0xef, 0x9e, 0xff, 0xef, 0x9e, 0xff,
    0xef, 0x9e, 0xff, 0xef, 0x9e, 0xff, 0xef, 0x9e, 0xff, 0xef, 0x9e, 0xff, 0xef, 0x9e, 0xff, 0xef, 0x9e, 0xff, 0xef, 0x9e, 0xff, 0xef, 0x9e, 0xff,
    0xef, 0x9e, 0xff, 0xef, 0x9e, 0xff, 0xef, 0x9e, 0xff, 0xef, 0x9e, 0xff, 0xef, 0x9e, 0xff, 0xef, 0x9e, 0xff, 0xef, 0x9e, 0xff, 0xef, 0x9e, 0xff,
    0xef, 0x9e, 0xff, 0xef, 0x9e, 0xff, 0xef, 0x9e, 0xff, 0xef, 0x9e, 0xff, 0xef, 0x9e, 0xff, 0xef, 0x9e, 0xff, 0xef, 0x9e, 0xff, 0xef, 0x9e, 0xff,
    0xef, 0x9e, 0xff, 0xef, 0x9e, 0xff, 0xef, 0x9e, 0xff, 0xef, 0x9e, 0xff, 0xef, 0x9e, 0xff, 0xef, 0x9e, 0xff, 0xef, 0x9e, 0xff, 0xef, 0x9e, 0xff,
    0xef, 0x9e, 0xff, 0xef, 0x9e, 0xff, 0xef, 0x9e, 0xff, 0xef, 0x9e, 0xff, 0xef, 0x9e, 0xff, 0xef, 0x9e, 0xff, 0xef, 0x9e, 0xff, 0xef, 0x9e, 0xff,
    0xef, 0x9e, 0xff, 0xef, 0x9e, 0xff, 0xef, 0x9e, 0xff, 0xef, 0x9e, 0xff, 0xef, 0x9e, 0xff, 0xef, 0x9e, 0xff, 0xef, 0x9e, 0xff, 0xef, 0x9e, 0xff,
    0xef, 0x9e, 0xff, 0xef, 0x9e, 0xff, 0xef, 0x9e, 0xff, 0xef, 0x9e, 0xff, 0xef, 0x9e, 0xff, 0xef, 0x9e, 0xff, 0xef, 0x9e, 0xff, 0xef, 0x9e, 0xff,
    0xef, 0x9e, 0xff, 0xef, 0x9e, 0xff, 0xef, 0x9e, 0xff, 0xef, 0x9e, 0xff, 0xef, 0x9e, 0xff, 0xef, 0x9e, 0xff, 0xef, 0x9e, 0xff, 0xef, 0x9e, 0xff,
    0xef, 0x9e, 0xff, 0xef, 0x9e, 0xff, 0xef, 0x9e, 0xff, 0xef, 0x9e, 0xff, 0xef, 0x9e, 0xff, 0xef, 0x9e, 0xff, 0xef, 0x9e, 0xff, 0xef, 0x9e, 0xff,
    0xef, 0x9e, 0xff, 0xef, 0x9e, 0xff, 0xef, 0x9e, 0xff, 0xef, 0x9e, 0xff, 0xef, 0x9e, 0xff, 0xef, 0x9e, 0xff, 0xef, 0x9e, 0xff, 0xef, 0x9e, 0xff,
    0xef, 0x9e, 0xff, 0xef, 0x9e, 0xff, 0xef, 0x9e, 0xff, 0xef, 0x9e, 0xff, 0xef, 0x9e, 0xff, 0xef, 0x9e, 0xff, 0xef, 0x9e, 0xff, 0xef, 0x9e, 0xff,
    0xef, 0x9e, 0xff, 0xef, 0x9e, 0xff, 0xef, 0x9e, 0xff, 0xef, 0x9e, 0xff, 0xef, 0x9e, 0xff, 0xef, 0x9e, 0xff, 0xef, 0x9e, 0xff, 0xef, 0x9e, 0xff,
    0xef, 0x9e, 0xff, 0xef, 0x9e, 0xff, 0xef, 0x9e, 0xff, 0xef, 0x9e, 0xff, 0xef, 0x9e, 0xff, 0xef, 0x9e, 0xff, 0xef, 0x9e, 0xff, 0xef, 0x9e, 0xff,
    0xef, 0x9e, 0xff, 0xef, 0x9e, 0xff, 0xef, 0x9e, 0xff, 0xef, 0x9e, 0xff, 0xef, 0x9e, 0xff, 0xef, 0x9e, 0xff, 0xef, 0x9e, 0xff, 0xef, 0x9e, 0xff,
    0xef, 0x9e, 0xff, 0xef, 0x9e, 0xff, 0xef, 0x9e, 0xff, 0xef, 0x9e, 0xff, 0xef, 0x9e, 0xff, 0xef, 0x9e, 0xff, 0xef, 0x9e, 0xff, 0xef, 0x9e, 0xff,
    0xef, 0x9e, 0xff, 0xef, 0x9e, 0xff, 0xef, 0x9e, 0xff, 0xef, 0x9e, 0xff, 0xef, 0x9e, 0xff, 0xef, 0x9e, 0xff, 0xef, 0x9e, 0xff, 0xef, 0x9e, 0xff,
    0xef, 0x9e, 0xff, 0xef, 0x9e, 0xff, 0xef, 0x9e, 0xff, 0xef, 0x9e, 0xff, 0xef, 0x9e, 0xff, 0xef, 0x9e, 0xff, 0xef, 0x9e, 0xff, 0xef, 0x9e, 0xff,
    0xef, 0x9e, 0xff, 0xef, 0x9e, 0xff, 0xef, 0x9e, 0xff, 0xef, 0x9e, 0xff, 0xef, 0x9e, 0xff, 0xef, 0x9e, 0xff, 0xef, 0x9e, 0xff, 0xef, 0x9e, 0xff,
    0xef, 0x9e, 0xff, 0xef, 0x9e, 0xff, 0xef, 0x9e, 0xff, 0xef, 0x9e, 0xff, 0xef, 0x9e, 0xff, 0xef, 0x9e, 0xff, 0xef, 0x9e, 0xff, 0xef, 0x9e, 0xff,
    0xef, 0x9e, 0xff, 0xef, 0x9e, 0xff, 0xef, 0x9e, 0xff, 0xef, 0x9e, 0xff, 0xef, 0x9e, 0xff, 0xef, 0x9e, 0xff, 0xef, 0x9e, 0xff, 0xef, 0x9e, 0xff,
    0xef, 0x9e, 0xff, 0xef, 0x9e, 0xff, 0xef, 0x9e, 0xff, 0xef, 0x9e, 0xff, 0xef, 0x9e, 0xff, 0xef, 0x9e, 0xff, 0xef, 0x9e, 0xff, 0xef, 0x9e, 0xff,
    0xef, 0x9e, 0xff, 0xef, 0x9e, 0xff, 0xef, 0x9e, 0xff, 0xef, 0x9e, 0xff, 0xef, 0x9e, 0xff, 0xef, 0x9e, 0xff, 0xef, 0x9e, 0xff, 0xef, 0x9e, 0xff,
    0xef, 0x9e, 0xff, 0xef, 0x9e, 0xff, 0xef, 0x9e, 0xff, 0xef, 0x9e, 0xff, 0xef, 0x9e, 0xff, 0xef, 0x9e, 0xff, 0xef, 0x9e, 0xff, 0xef, 0x9e, 0xff,
    0xef, 0x9e, 0xff, 0xef, 0x9e, 0xff, 0xef, 0x9e, 0xff, 0xef, 0x9e, 0xff, 0xef, 0x9e, 0xff, 0xef, 0x9e, 0xff, 0xef, 0x9e, 0xff, 0xef, 0x9e, 0xff,
    0xef, 0x9e, 0xff, 0xef, 0x9e, 0xff, 0xef, 0x9e, 0xff, 0xef, 0x9e, 0xff, 0xef, 0x9e, 0xff, 0xef, 0x9e, 0xff, 0xef, 0x9e, 0xff, 0xef, 0x9e, 0xff,
    0xef, 0x9e, 0xff, 0xef, 0x9e, 0xff, 0xef, 0x9e, 0xff, 0xef, 0x9e, 0xff, 0xef, 0x9e, 0xff, 0xef, 0x9e, 0xff, 0xef, 0x9e, 0xff, 0xef, 0x9e, 0xff,
    0xef, 0x9e, 0xff, 0xef, 0x9e, 0xff, 0xef, 0x9e, 0xff, 0xef, 0x9e, 0xff, 0xef, 0x9e, 0xff, 0xef, 0x9e, 0xff, 0xef, 0x9e, 0xff, 0xef, 0x9e, 0xff,
    0xef, 0x9e, 0xff, 0xef, 0x9e, 0xff, 0xef, 0x9e, 0xff, 0xef, 0x9e, 0xff, 0xef, 0x9e, 0xff, 0xef, 0x9e, 0xff, 0xef, 0x9e, 0xff, 0xef, 0x9e, 0xff,
    0xef, 0x9e, 0xff, 0xef, 0x9e, 0xff, 0xef, 0x9e, 0xff, 0xef, 0x9e, 0xff, 0xef, 0x9e, 0xff, 0xef, 0x9e, 0xff, 0xef, 0x9e, 0xff, 0xef, 0x9e, 0xff,
    0xef, 0x9e, 0xff, 0xef, 0x9e, 0xff, 0xef, 0x9e, 0xff, 0xef, 0x9e, 0xff, 0xef, 0x9e, 0xff, 0xef, 0x9e, 0xff, 0xef, 0x9e, 0xff, 0xef, 0x9e, 0xff,
    0xe7, 0x5e, 0xff, 0xce, 0x9b, 0xff, 0xce, 0x9b, 0xff, 0xce, 0x9b, 0xff, 0xce, 0x9b, 0xff, 0xce, 0x9b, 0xff, 0xdf, 0x1d, 0xff, 0xef, 0x9e, 0xff,
    0xef, 0x9e, 0xff, 0xef, 0x9e, 0xff, 0xef, 0x9e, 0xff, 0xef, 0x9e, 0xff, 0xef, 0x9e, 0xff, 0xef, 0x9e, 0xff, 0xef, 0x9e, 0xff, 0xef, 0x9e, 0xff,
    0xef, 0x9e, 0xff, 0xef, 0x9e, 0xff, 0xef, 0x9e, 0xff, 0xef, 0x9e, 0xff, 0xef, 0x9e, 0xff, 0xef, 0x9e, 0xff, 0xef, 0x9e, 0xff, 0xef, 0x9e, 0xff,
    0xef, 0x9e, 0xff, 0xef, 0x9e, 0xff, 0xef, 0x9e, 0xff, 0xef, 0x9e, 0xff, 0xef, 0x9e, 0xff, 0xef, 0x9e, 0xff, 0xef, 0x9e, 0xff, 0xef, 0x9e, 0xff,
    0xef, 0x9e, 0xff, 0xef, 0x9e, 0xff, 0xef, 0x9e, 0xff, 0xef, 0x9e, 0xff, 0xef, 0x9e, 0xff, 0xef, 0x9e, 0xff, 0xef, 0x9e, 0xff, 0xef, 0x9e, 0xff,
    0xad, 0x98, 0xff, 0x63, 0xb1, 0xff, 0x63, 0xb1, 0xff, 0x63, 0xb1, 0xff, 0x63, 0xb1, 0xff, 0x63, 0xb1, 0xff, 0x8c, 0xf5, 0xff, 0xef, 0x9e, 0xff,
    0xef, 0x9e, 0xff, 0xef, 0x9e, 0xff, 0xef, 0x9e, 0xff, 0xef, 0x9e, 0xff, 0xef, 0x9e, 0xff, 0xef, 0x9e, 0xff, 0xef, 0x9e, 0xff, 0xef, 0x9e, 0xff,
    0xef, 0x9e, 0xff, 0xef, 0x9e, 0xff, 0xef, 0x9e, 0xff, 0xef, 0x9e, 0xff, 0xef, 0x9e, 0xff, 0xef, 0x9e, 0xff, 0xef, 0x9e, 0xff, 0xef, 0x9e, 0xff,
    0xef, 0x9e, 0xff, 0xef, 0x9e, 0xff, 0xef, 0x9e, 0xff, 0xef, 0x9e, 0xff, 0xef, 0x9e, 0xff, 0xef, 0x9e, 0xff, 0xef, 0x9e, 0xff, 0xef, 0x9e, 0xff,
    0xef, 0x9e, 0xff, 0xef, 0x9e, 0xff, 0xef, 0x9e, 0xff, 0xef, 0x9e, 0xff, 0xef, 0x9e, 0xff, 0xef, 0x9e, 0xff, 0xef, 0x9e, 0xff, 0xef, 0x9e, 0xff,
    0x95, 0x16, 0xff, 0x63, 0xb1, 0xff, 0x63, 0xb1, 0xff, 0x63, 0xb1, 0xff, 0x63, 0xb1, 0xff, 0x63, 0xb1, 0xff, 0x74, 0x32, 0xff, 0xef, 0x9e, 0xff,
    0xef, 0x9e, 0xff, 0xef, 0x9e, 0xff, 0xef, 0x9e, 0xff, 0xef, 0x9e, 0xff, 0xef, 0x9e, 0xff, 0xef, 0x9e, 0xff, 0xef, 0x9e, 0xff, 0xef, 0x9e, 0xff,
    0xef, 0x9e, 0xff, 0xef, 0x9e, 0xff, 0xef, 0x9e, 0xff, 0xef, 0x9e, 0xff, 0xef, 0x9e, 0xff, 0xef, 0x9e, 0xff, 0xef, 0x9e, 0xff, 0xef, 0x9e, 0xff,
    0xef, 0x9e, 0xff, 0xef, 0x9e, 0xff, 0xef, 0x9e, 0xff, 0xef, 0x9e, 0xff, 0xef, 0x9e, 0xff, 0xef, 0x9e, 0xff, 0xef, 0x9e, 0xff, 0xef, 0x9e, 0xff,
    0xef, 0x9e, 0xff, 0xef, 0x9e, 0xff, 0xef, 0x9e, 0xff, 0xef, 0x9e, 0xff, 0xef, 0x9e, 0xff, 0xef, 0x9e, 0xff, 0xef, 0x9e, 0xff, 0xef, 0x9e, 0xff,
    0x84, 0xb4, 0xff, 0x63, 0xb1, 0xff, 0x63, 0xb1, 0xff, 0x63, 0xb1, 0xff, 0x63, 0xb1, 0xff, 0x63, 0xb1, 0xff, 0x63, 0xb1, 0xff, 0xef, 0x9e, 0xff,
    0xef, 0x9e, 0xff, 0xef, 0x9e, 0xff, 0xef, 0x9e, 0xff, 0xef, 0x9e, 0xff, 0xef, 0x9e, 0xff, 0xef, 0x9e, 0xff, 0xef, 0x9e, 0xff, 0xef, 0x9e, 0xff,
    0xef, 0x9e, 0xff, 0xef, 0x9e, 0xff, 0xef, 0x9e, 0xff, 0xef, 0x9e, 0xff, 0xef, 0x9e, 0xff, 0xef, 0x9e, 0xff, 0xef, 0x9e, 0xff, 0xef, 0x9e, 0xff,
    0xef, 0x9e, 0xff, 0xef, 0x9e, 0xff, 0xef, 0x9e, 0xff, 0xef, 0x9e, 0xff, 0xef, 0x9e, 0xff, 0xef, 0x9e, 0xff, 0xef, 0x9e, 0xff, 0xef, 0x9e, 0xff,
    0xef, 0x9e, 0xff, 0xef, 0x9e, 0xff, 0xb5, 0xd8, 0xff, 0xbe, 0x19, 0xff, 0xef, 0x9e, 0xff, 0xef, 0x9e, 0xff, 0xef, 0x9e, 0xff, 0xce, 0x9b, 0xff,
    0x6b, 0xf2, 0xff, 0x63, 0xb1, 0xff, 0x63, 0xb1, 0xff, 0x63, 0xb1, 0xff, 0x63, 0xb1, 0xff, 0x63, 0xb1, 0xff, 0x63, 0xb1, 0xff, 0xb5, 0xd8, 0xff,
    0xef, 0x9e, 0xff, 0xef, 0x9e, 0xff, 0xef, 0x9e, 0xff, 0xce, 0x9b, 0xff, 0xa5, 0x77, 0xff, 0xef, 0x9e, 0xff, 0xef, 0x9e, 0xff, 0xef, 0x9e, 0xff,
    0xef, 0x9e, 0xff, 0xef, 0x9e, 0xff, 0xef, 0x9e, 0xff, 0xef, 0x9e, 0xff, 0xef, 0x9e, 0xff, 0xef, 0x9e, 0xff, 0xef, 0x9e, 0xff, 0xef, 0x9e, 0xff,
    0xef, 0x9e, 0xff, 0xef, 0x9e, 0xff, 0xef, 0x9e, 0xff, 0xef, 0x9e, 0xff, 0xef, 0x9e, 0xff, 0xef, 0x9e, 0xff, 0xef, 0x9e, 0xff, 0xef, 0x9e, 0xff,
    0xef, 0x9e, 0xff, 0xdf, 0x1d, 0xff, 0x63, 0xb1, 0xff, 0x63, 0xb1, 0xff, 0x74, 0x32, 0xff, 0x95, 0x16, 0xff, 0x8c, 0xd5, 0xff, 0x63, 0xb1, 0xff,
    0x63, 0xb1, 0xff, 0x63, 0xb1, 0xff, 0x63, 0xb1, 0xff, 0x63, 0xb1, 0xff, 0x63, 0xb1, 0xff, 0x63, 0xb1, 0xff, 0x63, 0xb1, 0xff, 0x63, 0xb1, 0xff,
    0x74, 0x32, 0xff, 0xad, 0x98, 0xff, 0x7c, 0x73, 0xff, 0x63, 0xb1, 0xff, 0x63, 0xb1, 0xff, 0xad, 0x98, 0xff, 0xef, 0x9e, 0xff, 0xef, 0x9e, 0xff,
    0xef, 0x9e, 0xff, 0xef, 0x9e, 0xff, 0xef, 0x9e, 0xff, 0xef, 0x9e, 0xff, 0xef, 0x9e, 0xff, 0xef, 0x9e, 0xff, 0xef, 0x9e, 0xff, 0xef, 0x9e, 0xff,
    0xef, 0x9e, 0xff, 0xef, 0x9e, 0xff, 0xef, 0x9e, 0xff, 0xef, 0x9e, 0xff, 0xef, 0x9e, 0xff, 0xef, 0x9e, 0xff, 0xef, 0x9e, 0xff, 0xef, 0x9e, 0xff,
    0xef, 0x9e, 0xff, 0x74, 0x33, 0xff, 0x63, 0xb1, 0xff, 0x63, 0xb1, 0xff, 0x63, 0xb1, 0xff, 0x63, 0xb1, 0xff, 0x63, 0xb1, 0xff, 0x63, 0xb1, 0xff,
    0x63, 0xb1, 0xff, 0x63, 0xb1, 0xff, 0x63, 0xb1, 0xff, 0x63, 0xb1, 0xff, 0x63, 0xb1, 0xff, 0x63, 0xb1, 0xff, 0x63, 0xb1, 0xff, 0x63, 0xb1, 0xff,
    0x63, 0xb1, 0xff, 0x63, 0xb1, 0xff, 0x63, 0xb1, 0xff, 0x63, 0xb1, 0xff, 0x63, 0xb1, 0xff, 0x6b, 0xf2, 0xff, 0xe7, 0x5e, 0xff, 0xef, 0x9e, 0xff,
    0xef, 0x9e, 0xff, 0xef, 0x9e, 0xff, 0xef, 0x9e, 0xff, 0xef, 0x9e, 0xff, 0xef, 0x9e, 0xff, 0xef, 0x9e, 0xff, 0xef, 0x9e, 0xff, 0xef, 0x9e, 0xff,
    0xef, 0x9e, 0xff, 0xef, 0x9e, 0xff, 0xef, 0x9e, 0xff, 0xef, 0x9e, 0xff, 0xef, 0x9e, 0xff, 0xef, 0x9e, 0xff, 0xef, 0x9e, 0xff, 0xef, 0x9e, 0xff,
    0xbe, 0x19, 0xff, 0x63, 0xb1, 0xff, 0x63, 0xb1, 0xff, 0x63, 0xb1, 0xff, 0x63, 0xb1, 0xff, 0x63, 0xb1, 0xff, 0x63, 0xb1, 0xff, 0x63, 0xb1, 0xff,
    0x63, 0xb1, 0xff, 0x63, 0xb1, 0xff, 0x63, 0xb1, 0xff, 0x63, 0xb1, 0xff, 0x63, 0xb1, 0xff, 0x63, 0xb1, 0xff, 0x63, 0xb1, 0xff, 0x63, 0xb1, 0xff,
    0x63, 0xb1, 0xff, 0x63, 0xb1, 0xff, 0x63, 0xb1, 0xff, 0x63, 0xb1, 0xff, 0x63, 0xb1, 0xff, 0x63, 0xb1, 0xff, 0xa5, 0x57, 0xff, 0xef, 0x9e, 0xff,
    0xef, 0x9e, 0xff, 0xef, 0x9e, 0xff, 0xef, 0x9e, 0xff, 0xef, 0x9e, 0xff, 0xef, 0x9e, 0xff, 0xef, 0x9e, 0xff, 0xef, 0x9e, 0xff, 0xef, 0x9e, 0xff,
    0xef, 0x9e, 0xff, 0xef, 0x9e, 0xff, 0xef, 0x9e, 0xff, 0xef, 0x9e, 0xff, 0xef, 0x9e, 0xff, 0xef, 0x9e, 0xff, 0xef, 0x9e, 0xff, 0xe7, 0x5e, 0xff,
    0x74, 0x33, 0xff, 0x63, 0xb1, 0xff, 0x63, 0xb1, 0xff, 0x63, 0xb1, 0xff, 0x63, 0xb1, 0xff, 0x63, 0xb1, 0xff, 0x63, 0xb1, 0xff, 0x63, 0xb1, 0xff,
    0x63, 0xb1, 0xff, 0x63, 0xb1, 0xff, 0x74, 0x33, 0xff, 0x84, 0xb4, 0xff, 0x84, 0xb4, 0xff, 0x63, 0xb1, 0xff, 0x63, 0xb1, 0xff, 0x63, 0xb1, 0xff,
    0x63, 0xb1, 0xff, 0x63, 0xb1, 0xff, 0x63, 0xb1, 0xff, 0x63, 0xb1, 0xff, 0x63, 0xb1, 0xff, 0x63, 0xb1, 0xff, 0x63, 0xb1, 0xff, 0xce, 0x9b, 0xff,
    0xef, 0x9e, 0xff, 0xef, 0x9e, 0xff, 0xef, 0x9e, 0xff, 0xef, 0x9e, 0xff, 0xef, 0x9e, 0xff, 0xef, 0x9e, 0xff, 0xef, 0x9e, 0xff, 0xef, 0x9e, 0xff,
    0xef, 0x9e, 0xff, 0xef, 0x9e, 0xff, 0xef, 0x9e, 0xff, 0xef, 0x9e, 0xff, 0xef, 0x9e, 0xff, 0xef, 0x9e, 0xff, 0xef, 0x9e, 0xff, 0xd6, 0xdc, 0xff,
    0x63, 0xb1, 0xff, 0x63, 0xb1, 0xff, 0x63, 0xb1, 0xff, 0x63, 0xb1, 0xff, 0x63, 0xb1, 0xff, 0x63, 0xb1, 0xff, 0x63, 0xb1, 0xff, 0x63, 0xb1, 0xff,
    0x74, 0x32, 0xff, 0xce, 0x9b, 0xff, 0xef, 0x9e, 0xff, 0xef, 0x9e, 0xff, 0xef, 0x9e, 0xff, 0xdf, 0x1d, 0xff, 0x7c, 0x73, 0xff, 0x63, 0xb1, 0xff,
    0x63, 0xb1, 0xff, 0x63, 0xb1, 0xff, 0x63, 0xb1, 0xff, 0x63, 0xb1, 0xff, 0x63, 0xb1, 0xff, 0x63, 0xb1, 0xff, 0x63, 0xb1, 0xff, 0xbe, 0x19, 0xff,
    0xef, 0x9e, 0xff, 0xef, 0x9e, 0xff, 0xef, 0x9e, 0xff, 0xef, 0x9e, 0xff, 0xef, 0x9e, 0xff, 0xef, 0x9e, 0xff, 0xef, 0x9e, 0xff, 0xef, 0x9e, 0xff,
    0xef, 0x9e, 0xff, 0xef, 0x9e, 0xff, 0xef, 0x9e, 0xff, 0xef, 0x9e, 0xff, 0xef, 0x9e, 0xff, 0xef, 0x9e, 0xff, 0xef, 0x9e, 0xff, 0xef, 0x9e, 0xff,
    0xd6, 0xdc, 0xff, 0x74, 0x33, 0xff, 0x63, 0xb1, 0xff, 0x63, 0xb1, 0xff, 0x63, 0xb1, 0xff, 0x63, 0xb1, 0xff, 0x63, 0xb1, 0xff, 0x63, 0xb1, 0xff,
    0xdf, 0x1d, 0xff, 0xef, 0x9e, 0xff, 0xef, 0x9e, 0xff, 0xef, 0x9e, 0xff, 0xef, 0x9e, 0xff, 0xef, 0x9e, 0xff, 0xe7, 0x5e, 0xff, 0x74, 0x33, 0xff,
    0x63, 0xb1, 0xff, 0x63, 0xb1, 0xff, 0x63, 0xb1, 0xff, 0x63, 0xb1, 0xff, 0x63, 0xb1, 0xff, 0x63, 0xb1, 0xff, 0xb5, 0xd8, 0xff, 0xef, 0x9e, 0xff,
    0xef, 0x9e, 0xff, 0xef, 0x9e, 0xff, 0xef, 0x9e, 0xff, 0xef, 0x9e, 0xff, 0xef, 0x9e, 0xff, 0xef, 0x9e, 0xff, 0xef, 0x9e, 0xff, 0xef, 0x9e, 0xff,
    0xef, 0x9e, 0xff, 0xef, 0x9e, 0xff, 0xef, 0x9e, 0xff, 0xef, 0x9e, 0xff, 0xef, 0x9e, 0xff, 0xef, 0x9e, 0xff, 0xef, 0x9e, 0xff, 0xef, 0x9e, 0xff,
    0xef, 0x9e, 0xff, 0xdf, 0x1d, 0xff, 0x7c, 0x73, 0xff, 0x63, 0xb1, 0xff, 0x63, 0xb1, 0xff, 0x63, 0xb1, 0xff, 0x63, 0xb1, 0xff, 0x95, 0x16, 0xff,
    0xef, 0x9e, 0xff, 0xef, 0x9e, 0xff, 0xef, 0x9e, 0xff, 0xef, 0x9e, 0xff, 0xef, 0x9e, 0xff, 0xef, 0x9e, 0xff, 0xef, 0x9e, 0xff, 0xbe, 0x19, 0xff,
    0x63, 0xb1, 0xff, 0x63, 0xb1, 0xff, 0x63, 0xb1, 0xff, 0x63, 0xb1, 0xff, 0x74, 0x32, 0xff, 0xd6, 0xdc, 0xff, 0xef, 0x9e, 0xff, 0xef, 0x9e, 0xff,
    0xef, 0x9e, 0xff, 0xef, 0x9e, 0xff, 0xef, 0x9e, 0xff, 0xef, 0x9e, 0xff, 0xef, 0x9e, 0xff, 0xef, 0x9e, 0xff, 0xef, 0x9e, 0xff, 0xef, 0x9e, 0xff,
    0xef, 0x9e, 0xff, 0xef, 0x9e, 0xff, 0xef, 0x9e, 0xff, 0xef, 0x9e, 0xff, 0xef, 0x9e, 0xff, 0xef, 0x9e, 0xff, 0xef, 0x9e, 0xff, 0xef, 0x9e, 0xff,
    0xef, 0x9e, 0xff, 0xef, 0x9e, 0xff, 0xa5, 0x57, 0xff, 0x63, 0xb1, 0xff, 0x63, 0xb1, 0xff, 0x63, 0xb1, 0xff, 0x63, 0xb1, 0xff, 0xbe, 0x19, 0xff,
    0xef, 0x9e, 0xff, 0xef, 0x9e, 0xff, 0xef, 0x9e, 0xff, 0xef, 0x9e, 0xff, 0xef, 0x9e, 0xff, 0xef, 0x9e, 0xff, 0xef, 0x9e, 0xff, 0xdf, 0x1d, 0xff,
    0x63, 0xb1, 0xff, 0x63, 0xb1, 0xff, 0x63, 0xb1, 0xff, 0x63, 0xb1, 0xff, 0x84, 0xb4, 0xff, 0xef, 0x9e, 0xff, 0xef, 0x9e, 0xff, 0xef, 0x9e, 0xff,
    0xef, 0x9e, 0xff, 0xef, 0x9e, 0xff, 0xef, 0x9e, 0xff, 0xef, 0x9e, 0xff, 0xef, 0x9e, 0xff, 0xef, 0x9e, 0xff, 0xef, 0x9e, 0xff, 0xef, 0x9e, 0xff,
    0xef, 0x9e, 0xff, 0xef, 0x9e, 0xff, 0xef, 0x9e, 0xff, 0xef, 0x9e, 0xff, 0xef, 0x9e, 0xff, 0xef, 0x9e, 0xff, 0xef, 0x9e, 0xff, 0xef, 0x9e, 0xff,
    0xef, 0x9e, 0xff, 0xef, 0x9e, 0xff, 0xa5, 0x57, 0xff, 0x63, 0xb1, 0xff, 0x63, 0xb1, 0xff, 0x63, 0xb1, 0xff, 0x63, 0xb1, 0xff, 0xbe, 0x19, 0xff,
    0xef, 0x9e, 0xff, 0xef, 0x9e, 0xff, 0xef, 0x9e, 0xff, 0xef, 0x9e, 0xff, 0xef, 0x9e, 0xff, 0xef, 0x9e, 0xff, 0xef, 0x9e, 0xff, 0xd6, 0xdc, 0xff,
    0x63, 0xb1, 0xff, 0x63, 0xb1, 0xff, 0x63, 0xb1, 0xff, 0x63, 0xb1, 0xff, 0x84, 0xb4, 0xff, 0xef, 0x9e, 0xff, 0xef, 0x9e, 0xff, 0xef, 0x9e, 0xff,
    0xef, 0x9e, 0xff, 0xef, 0x9e, 0xff, 0xef, 0x9e, 0xff, 0xef, 0x9e, 0xff, 0xef, 0x9e, 0xff, 0xef, 0x9e, 0xff, 0xef, 0x9e, 0xff, 0xef, 0x9e, 0xff,
    0xef, 0x9e, 0xff, 0xef, 0x9e, 0xff, 0xef, 0x9e, 0xff, 0xef, 0x9e, 0xff, 0xef, 0x9e, 0xff, 0xef, 0x9e, 0xff, 0xef, 0x9e, 0xff, 0xef, 0x9e, 0xff,
    0xef, 0x9e, 0xff, 0xdf, 0x1d, 0xff, 0x7c, 0x73, 0xff, 0x63, 0xb1, 0xff, 0x63, 0xb1, 0xff, 0x63, 0xb1, 0xff, 0x63, 0xb1, 0xff, 0xa5, 0x57, 0xff,
    0xef, 0x9e, 0xff, 0xef, 0x9e, 0xff, 0xef, 0x9e, 0xff, 0xef, 0x9e, 0xff, 0xef, 0x9e, 0xff, 0xef, 0x9e, 0xff, 0xef, 0x9e, 0xff, 0xbe, 0x19, 0xff,
    0x63, 0xb1, 0xff, 0x63, 0xb1, 0xff, 0x63, 0xb1, 0xff, 0x63, 0xb1, 0xff, 0x6b, 0xf2, 0xff, 0xdf, 0x1d, 0xff, 0xef, 0x9e, 0xff, 0xef, 0x9e, 0xff,
    0xef, 0x9e, 0xff, 0xef, 0x9e, 0xff, 0xef, 0x9e, 0xff, 0xef, 0x9e, 0xff, 0xef, 0x9e, 0xff, 0xef, 0x9e, 0xff, 0xef, 0x9e, 0xff, 0xef, 0x9e, 0xff,
    0xef, 0x9e, 0xff, 0xef, 0x9e, 0xff, 0xef, 0x9e, 0xff, 0xef, 0x9e, 0xff, 0xef, 0x9e, 0xff, 0xef, 0x9e, 0xff, 0xef, 0x9e, 0xff, 0xef, 0x9e, 0xff,
    0xce, 0x9b, 0xff, 0x74, 0x33, 0xff, 0x63, 0xb1, 0xff, 0x63, 0xb1, 0xff, 0x63, 0xb1, 0xff, 0x63, 0xb1, 0xff, 0x63, 0xb1, 0xff, 0x6b, 0xf2, 0xff,
    0xdf, 0x1d, 0xff, 0xef, 0x9e, 0xff, 0xef, 0x9e, 0xff, 0xef, 0x9e, 0xff, 0xef, 0x9e, 0xff, 0xef, 0x9e, 0xff, 0xe7, 0x5e, 0xff, 0x74, 0x33, 0xff,
    0x63, 0xb1, 0xff, 0x63, 0xb1, 0xff, 0x63, 0xb1, 0xff, 0x63, 0xb1, 0xff, 0x63, 0xb1, 0xff, 0x63, 0xb1, 0xff, 0xb5, 0xd8, 0xff, 0xef, 0x9e, 0xff,
    0xef, 0x9e, 0xff, 0xef, 0x9e, 0xff, 0xef, 0x9e, 0xff, 0xef, 0x9e, 0xff, 0xef, 0x9e, 0xff, 0xef, 0x9e, 0xff, 0xef, 0x9e, 0xff, 0xef, 0x9e, 0xff,
    0xef, 0x9e, 0xff, 0xef, 0x9e, 0xff, 0xef, 0x9e, 0xff, 0xef, 0x9e, 0xff, 0xef, 0x9e, 0xff, 0xef, 0x9e, 0xff, 0xef, 0x9e, 0xff, 0xd6, 0xdc, 0xff,
    0x63, 0xb1, 0xff, 0x63, 0xb1, 0xff, 0x63, 0xb1, 0xff, 0x63, 0xb1, 0xff, 0x63, 0xb1, 0xff, 0x63, 0xb1, 0xff, 0x63, 0xb1, 0xff, 0x63, 0xb1, 0xff,
    0x74, 0x32, 0xff, 0xc6, 0x5a, 0xff, 0xef, 0x9e, 0xff, 0xef, 0x9e, 0xff, 0xef, 0x9e, 0xff, 0xdf, 0x1d, 0xff, 0x7c, 0x73, 0xff, 0x63, 0xb1, 0xff,
    0x63, 0xb1, 0xff, 0x63, 0xb1, 0xff, 0x63, 0xb1, 0xff, 0x63, 0xb1, 0xff, 0x63, 0xb1, 0xff, 0x63, 0xb1, 0xff, 0x63, 0xb1, 0xff, 0xbe, 0x19, 0xff,
    0xef, 0x9e, 0xff, 0xef, 0x9e, 0xff, 0xef, 0x9e, 0xff, 0xef, 0x9e, 0xff, 0xef, 0x9e, 0xff, 0xef, 0x9e, 0xff, 0xef, 0x9e, 0xff, 0xef, 0x9e, 0xff,
    0xef, 0x9e, 0xff, 0xef, 0x9e, 0xff, 0xef, 0x9e, 0xff, 0xef, 0x9e, 0xff, 0xef, 0x9e, 0xff, 0xef, 0x9e, 0xff, 0xef, 0x9e, 0xff, 0xe7, 0x5e, 0xff,
    0x6b, 0xf2, 0xff, 0x63, 0xb1, 0xff, 0x63, 0xb1, 0xff, 0x63, 0xb1, 0xff, 0x63, 0xb1, 0xff, 0x63, 0xb1, 0xff, 0x63, 0xb1, 0xff, 0x63, 0xb1, 0xff,
    0x63, 0xb1, 0xff, 0x63, 0xb1, 0xff, 0x7c, 0x73, 0xff, 0x84, 0xb4, 0xff, 0x7c, 0x73, 0xff, 0x63, 0xb1, 0xff, 0x63, 0xb1, 0xff, 0x63, 0xb1, 0xff,
    0x63, 0xb1, 0xff, 0x63, 0xb1, 0xff, 0x63, 0xb1, 0xff, 0x63, 0xb1, 0xff, 0x63, 0xb1, 0xff, 0x63, 0xb1, 0xff, 0x63, 0xb1, 0xff, 0xdf, 0x1d, 0xff,
    0xef, 0x9e, 0xff, 0xef, 0x9e, 0xff, 0xef, 0x9e, 0xff, 0xef, 0x9e, 0xff, 0xef, 0x9e, 0xff, 0xef, 0x9e, 0xff, 0xef, 0x9e, 0xff, 0xef, 0x9e, 0xff,
    0xef, 0x9e, 0xff, 0xef, 0x9e, 0xff, 0xef, 0x9e, 0xff, 0xef, 0x9e, 0xff, 0xef, 0x9e, 0xff, 0xef, 0x9e, 0xff, 0xef, 0x9e, 0xff, 0xef, 0x9e, 0xff,
    0xbe, 0x19, 0xff, 0x63, 0xb1, 0xff, 0x63, 0xb1, 0xff, 0x63, 0xb1, 0xff, 0x63, 0xb1, 0xff, 0x63, 0xb1, 0xff, 0x63, 0xb1, 0xff, 0x63, 0xb1, 0xff,
    0x63, 0xb1, 0xff, 0x63, 0xb1, 0xff, 0x63, 0xb1, 0xff, 0x63, 0xb1, 0xff, 0x63, 0xb1, 0xff, 0x63, 0xb1, 0xff, 0x63, 0xb1, 0xff, 0x63, 0xb1, 0xff,
    0x63, 0xb1, 0xff, 0x63, 0xb1, 0xff, 0x63, 0xb1, 0xff, 0x63, 0xb1, 0xff, 0x63, 0xb1, 0xff, 0x63, 0xb1, 0xff, 0x95, 0x16, 0xff, 0xef, 0x9e, 0xff,
    0xef, 0x9e, 0xff, 0xef, 0x9e, 0xff, 0xef, 0x9e, 0xff, 0xef, 0x9e, 0xff, 0xef, 0x9e, 0xff, 0xef, 0x9e, 0xff, 0xef, 0x9e, 0xff, 0xef, 0x9e, 0xff,
    0xef, 0x9e, 0xff, 0xef, 0x9e, 0xff, 0xef, 0x9e, 0xff, 0xef, 0x9e, 0xff, 0xef, 0x9e, 0xff, 0xef, 0x9e, 0xff, 0xef, 0x9e, 0xff, 0xef, 0x9e, 0xff,
    0xef, 0x9e, 0xff, 0x84, 0xb4, 0xff, 0x63, 0xb1, 0xff, 0x63, 0xb1, 0xff, 0x63, 0xb1, 0xff, 0x63, 0xb1, 0xff, 0x63, 0xb1, 0xff, 0x63, 0xb1, 0xff,
    0x63, 0xb1, 0xff, 0x63, 0xb1, 0xff, 0x63, 0xb1, 0xff, 0x63, 0xb1, 0xff, 0x63, 0xb1, 0xff, 0x63, 0xb1, 0xff, 0x63, 0xb1, 0xff, 0x63, 0xb1, 0xff,
    0x63, 0xb1, 0xff, 0x63, 0xb1, 0xff, 0x63, 0xb1, 0xff, 0x63, 0xb1, 0xff, 0x63, 0xb1, 0xff, 0x74, 0x32, 0xff, 0xdf, 0x1d, 0xff, 0xef, 0x9e, 0xff,
    0xef, 0x9e, 0xff, 0xef, 0x9e, 0xff, 0xef, 0x9e, 0xff, 0xef, 0x9e, 0xff, 0xef, 0x9e, 0xff, 0xef, 0x9e, 0xff, 0xef, 0x9e, 0xff, 0xef, 0x9e, 0xff,
    0xef, 0x9e, 0xff, 0xef, 0x9e, 0xff, 0xef, 0x9e, 0xff, 0xef, 0x9e, 0xff, 0xef, 0x9e, 0xff, 0xef, 0x9e, 0xff, 0xef, 0x9e, 0xff, 0xef, 0x9e, 0xff,
    0xef, 0x9e, 0xff, 0xce, 0x9b, 0xff, 0x63, 0xb1, 0xff, 0x63, 0xb1, 0xff, 0x6b, 0xf2, 0xff, 0xad, 0x98, 0xff, 0x9d, 0x36, 0xff, 0x63, 0xb1, 0xff,
    0x63, 0xb1, 0xff, 0x63, 0xb1, 0xff, 0x63, 0xb1, 0xff, 0x63, 0xb1, 0xff, 0x63, 0xb1, 0xff, 0x63, 0xb1, 0xff, 0x63, 0xb1, 0xff, 0x63, 0xb1, 0xff,
    0x84, 0xb4, 0xff, 0xb5, 0xd8, 0xff, 0x74, 0x33, 0xff, 0x63, 0xb1, 0xff, 0x63, 0xb1, 0xff, 0xad, 0x98, 0xff, 0xef, 0x9e, 0xff, 0xef, 0x9e, 0xff,
    0xef, 0x9e, 0xff, 0xef, 0x9e, 0xff, 0xef, 0x9e, 0xff, 0xef, 0x9e, 0xff, 0xef, 0x9e, 0xff, 0xef, 0x9e, 0xff, 0xef, 0x9e, 0xff, 0xef, 0x9e, 0xff,
    0xef, 0x9e, 0xff, 0xef, 0x9e, 0xff, 0xef, 0x9e, 0xff, 0xef, 0x9e, 0xff, 0xef, 0x9e, 0xff, 0xef, 0x9e, 0xff, 0xef, 0x9e, 0xff, 0xef, 0x9e, 0xff,
    0xef, 0x9e, 0xff, 0xef, 0x9e, 0xff, 0xb5, 0xd8, 0xff, 0xc6, 0x7a, 0xff, 0xef, 0x9e, 0xff, 0xef, 0x9e, 0xff, 0xef, 0x9e, 0xff, 0xce, 0x9b, 0xff,
    0x6b, 0xf2, 0xff, 0x63, 0xb1, 0xff, 0x63, 0xb1, 0xff, 0x63, 0xb1, 0xff, 0x63, 0xb1, 0xff, 0x63, 0xb1, 0xff, 0x63, 0xb1, 0xff, 0xb5, 0xd8, 0xff,
    0xef, 0x9e, 0xff, 0xef, 0x9e, 0xff, 0xef, 0x9e, 0xff, 0xce, 0x9b, 0xff, 0xad, 0x98, 0xff, 0xef, 0x9e, 0xff, 0xef, 0x9e, 0xff, 0xef, 0x9e, 0xff,
    0xef, 0x9e, 0xff, 0xef, 0x9e, 0xff, 0xef, 0x9e, 0xff, 0xef, 0x9e, 0xff, 0xef, 0x9e, 0xff, 0xef, 0x9e, 0xff, 0xef, 0x9e, 0xff, 0xef, 0x9e, 0xff,
    0xef, 0x9e, 0xff, 0xef, 0x9e, 0xff, 0xef, 0x9e, 0xff, 0xef, 0x9e, 0xff, 0xef, 0x9e, 0xff, 0xef, 0x9e, 0xff, 0xef, 0x9e, 0xff, 0xef, 0x9e, 0xff,
    0xef, 0x9e, 0xff, 0xef, 0x9e, 0xff, 0xef, 0x9e, 0xff, 0xef, 0x9e, 0xff, 0xef, 0x9e, 0xff, 0xef, 0x9e, 0xff, 0xef, 0x9e, 0xff, 0xef, 0x9e, 0xff,
    0x7c, 0x73, 0xff, 0x63, 0xb1, 0xff, 0x63, 0xb1, 0xff, 0x63, 0xb1, 0xff, 0x63, 0xb1, 0xff, 0x63, 0xb1, 0xff, 0x63, 0xb1, 0xff, 0xef, 0x9e, 0xff,
    0xef, 0x9e, 0xff, 0xef, 0x9e, 0xff, 0xef, 0x9e, 0xff, 0xef, 0x9e, 0xff, 0xef, 0x9e, 0xff, 0xef, 0x9e, 0xff, 0xef, 0x9e, 0xff, 0xef, 0x9e, 0xff,
    0xef, 0x9e, 0xff, 0xef, 0x9e, 0xff, 0xef, 0x9e, 0xff, 0xef, 0x9e, 0xff, 0xef, 0x9e, 0xff, 0xef, 0x9e, 0xff, 0xef, 0x9e, 0xff, 0xef, 0x9e, 0xff,
    0xef, 0x9e, 0xff, 0xef, 0x9e, 0xff, 0xef, 0x9e, 0xff, 0xef, 0x9e, 0xff, 0xef, 0x9e, 0xff, 0xef, 0x9e, 0xff, 0xef, 0x9e, 0xff, 0xef, 0x9e, 0xff,
    0xef, 0x9e, 0xff, 0xef, 0x9e, 0xff, 0xef, 0x9e, 0xff, 0xef, 0x9e, 0xff, 0xef, 0x9e, 0xff, 0xef, 0x9e, 0xff, 0xef, 0x9e, 0xff, 0xef, 0x9e, 0xff,
    0x95, 0x16, 0xff, 0x63, 0xb1, 0xff, 0x63, 0xb1, 0xff, 0x63, 0xb1, 0xff, 0x63, 0xb1, 0xff, 0x63, 0xb1, 0xff, 0x7c, 0x73, 0xff, 0xef, 0x9e, 0xff,
    0xef, 0x9e, 0xff, 0xef, 0x9e, 0xff, 0xef, 0x9e, 0xff, 0xef, 0x9e, 0xff, 0xef, 0x9e, 0xff, 0xef, 0x9e, 0xff, 0xef, 0x9e, 0xff, 0xef, 0x9e, 0xff,
    0xef, 0x9e, 0xff, 0xef, 0x9e, 0xff, 0xef, 0x9e, 0xff, 0xef, 0x9e, 0xff, 0xef, 0x9e, 0xff, 0xef, 0x9e, 0xff, 0xef, 0x9e, 0xff, 0xef, 0x9e, 0xff,
    0xef, 0x9e, 0xff, 0xef, 0x9e, 0xff, 0xef, 0x9e, 0xff, 0xef, 0x9e, 0xff, 0xef, 0x9e, 0xff, 0xef, 0x9e, 0xff, 0xef, 0x9e, 0xff, 0xef, 0x9e, 0xff,
    0xef, 0x9e, 0xff, 0xef, 0x9e, 0xff, 0xef, 0x9e, 0xff, 0xef, 0x9e, 0xff, 0xef, 0x9e, 0xff, 0xef, 0x9e, 0xff, 0xef, 0x9e, 0xff, 0xef, 0x9e, 0xff,
    0xb5, 0xd8, 0xff, 0x63, 0xb1, 0xff, 0x63, 0xb1, 0xff, 0x63, 0xb1, 0xff, 0x63, 0xb1, 0xff, 0x63, 0xb1, 0xff, 0x84, 0xb4, 0xff, 0xef, 0x9e, 0xff,
    0xef, 0x9e, 0xff, 0xef, 0x9e, 0xff, 0xef, 0x9e, 0xff, 0xef, 0x9e, 0xff, 0xef, 0x9e, 0xff, 0xef, 0x9e, 0xff, 0xef, 0x9e, 0xff, 0xef, 0x9e, 0xff,
    0xef, 0x9e, 0xff, 0xef, 0x9e, 0xff, 0xef, 0x9e, 0xff, 0xef, 0x9e, 0xff, 0xef, 0x9e, 0xff, 0xef, 0x9e, 0xff, 0xef, 0x9e, 0xff, 0xef, 0x9e, 0xff,
    0xef, 0x9e, 0xff, 0xef, 0x9e, 0xff, 0xef, 0x9e, 0xff, 0xef, 0x9e, 0xff, 0xef, 0x9e, 0xff, 0xef, 0x9e, 0xff, 0xef, 0x9e, 0xff, 0xef, 0x9e, 0xff,
    0xef, 0x9e, 0xff, 0xef, 0x9e, 0xff, 0xef, 0x9e, 0xff, 0xef, 0x9e, 0xff, 0xef, 0x9e, 0xff, 0xef, 0x9e, 0xff, 0xef, 0x9e, 0xff, 0xef, 0x9e, 0xff,
    0xdf, 0x1d, 0xff, 0xce, 0x9b, 0xff, 0xce, 0x9b, 0xff, 0xce, 0x9b, 0xff, 0xce, 0x9b, 0xff, 0xce, 0x9b, 0xff, 0xe7, 0x5e, 0xff, 0xef, 0x9e, 0xff,
    0xef, 0x9e, 0xff, 0xef, 0x9e, 0xff, 0xef, 0x9e, 0xff, 0xef, 0x9e, 0xff, 0xef, 0x9e, 0xff, 0xef, 0x9e, 0xff, 0xef, 0x9e, 0xff, 0xef, 0x9e, 0xff,
    0xef, 0x9e, 0xff, 0xef, 0x9e, 0xff, 0xef, 0x9e, 0xff, 0xef, 0x9e, 0xff, 0xef, 0x9e, 0xff, 0xef, 0x9e, 0xff, 0xef, 0x9e, 0xff, 0xef, 0x9e, 0xff,
    0xef, 0x9e, 0xff, 0xef, 0x9e, 0xff, 0xef, 0x9e, 0xff, 0xef, 0x9e, 0xff, 0xef, 0x9e, 0xff, 0xef, 0x9e, 0xff, 0xef, 0x9e, 0xff, 0xef, 0x9e, 0xff,
    0xef, 0x9e, 0xff, 0xef, 0x9e, 0xff, 0xef, 0x9e, 0xff, 0xef, 0x9e, 0xff, 0xef, 0x9e, 0xff, 0xef, 0x9e, 0xff, 0xef, 0x9e, 0xff, 0xef, 0x9e, 0xff,
    0xef, 0x9e, 0xff, 0xef, 0x9e, 0xff, 0xef, 0x9e, 0xff, 0xef, 0x9e, 0xff, 0xef, 0x9e, 0xff, 0xef, 0x9e, 0xff, 0xef, 0x9e, 0xff, 0xef, 0x9e, 0xff,
    0xef, 0x9e, 0xff, 0xef, 0x9e, 0xff, 0xef, 0x9e, 0xff, 0xef, 0x9e, 0xff, 0xef, 0x9e, 0xff, 0xef, 0x9e, 0xff, 0xef, 0x9e, 0xff, 0xef, 0x9e, 0xff,
    0xef, 0x9e, 0xff, 0xef, 0x9e, 0xff, 0xef, 0x9e, 0xff, 0xef, 0x9e, 0xff, 0xef, 0x9e, 0xff, 0xef, 0x9e, 0xff, 0xef, 0x9e, 0xff, 0xef, 0x9e, 0xff,
    0xef, 0x9e, 0xff, 0xef, 0x9e, 0xff, 0xef, 0x9e, 0xff, 0xef, 0x9e, 0xff, 0xef, 0x9e, 0xff, 0xef, 0x9e, 0xff, 0xef, 0x9e, 0xff, 0xef, 0x9e, 0xff,
    0xef, 0x9e, 0xff, 0xef, 0x9e, 0xff, 0xef, 0x9e, 0xff, 0xef, 0x9e, 0xff, 0xef, 0x9e, 0xff, 0xef, 0x9e, 0xff, 0xef, 0x9e, 0xff, 0xef, 0x9e, 0xff,
    0xef, 0x9e, 0xff, 0xef, 0x9e, 0xff, 0xef, 0x9e, 0xff, 0xef, 0x9e, 0xff, 0xef, 0x9e, 0xff, 0xef, 0x9e, 0xff, 0xef, 0x9e, 0xff, 0xef, 0x9e, 0xff,
    0xef, 0x9e, 0xff, 0xef, 0x9e, 0xff, 0xef, 0x9e, 0xff, 0xef, 0x9e, 0xff, 0xef, 0x9e, 0xff, 0xef, 0x9e, 0xff, 0xef, 0x9e, 0xff, 0xef, 0x9e, 0xff,
    0xef, 0x9e, 0xff, 0xef, 0x9e, 0xff, 0xef, 0x9e, 0xff, 0xef, 0x9e, 0xff, 0xef, 0x9e, 0xff, 0xef, 0x9e, 0xff, 0xef, 0x9e, 0xff, 0xef, 0x9e, 0xff,
    0xef, 0x9e, 0xff, 0xef, 0x9e, 0xff, 0xef, 0x9e, 0xff, 0xef, 0x9e, 0xff, 0xef, 0x9e, 0xff, 0xef, 0x9e, 0xff, 0xef, 0x9e, 0xff, 0xef, 0x9e, 0xff,
    0xef, 0x9e, 0xff, 0xef, 0x9e, 0xff, 0xef, 0x9e, 0xff, 0xef, 0x9e, 0xff, 0xef, 0x9e, 0xff, 0xef, 0x9e, 0xff, 0xef, 0x9e, 0xff, 0xef, 0x9e, 0xff,
    0xef, 0x9e, 0xff, 0xef, 0x9e, 0xff, 0xef, 0x9e, 0xff, 0xef, 0x9e, 0xff, 0xef, 0x9e, 0xff, 0xef, 0x9e, 0xff, 0xef, 0x9e, 0xff, 0xef, 0x9e, 0xff,
    0xef, 0x9e, 0xff, 0xef, 0x9e, 0xff, 0xef, 0x9e, 0xff, 0xef, 0x9e, 0xff, 0xef, 0x9e, 0xff, 0xef, 0x9e, 0xff, 0xef, 0x9e, 0xff, 0xef, 0x9e, 0xff,
    0xef, 0x9e, 0xff, 0xef, 0x9e, 0xff, 0xef, 0x9e, 0xff, 0xef, 0x9e, 0xff, 0xef, 0x9e, 0xff, 0xef, 0x9e, 0xff, 0xef, 0x9e, 0xff, 0xef, 0x9e, 0xff,
    0xef, 0x9e, 0xff, 0xef, 0x9e, 0xff, 0xef, 0x9e, 0xff, 0xef, 0x9e, 0xff, 0xef, 0x9e, 0xff, 0xef, 0x9e, 0xff, 0xef, 0x9e, 0xff, 0xef, 0x9e, 0xff,
    0xef, 0x9e, 0xff, 0xef, 0x9e, 0xff, 0xef, 0x9e, 0xff, 0xef, 0x9e, 0xff, 0xef, 0x9e, 0xff, 0xef, 0x9e, 0xff, 0xef, 0x9e, 0xff, 0xef, 0x9e, 0xff,
    0xef, 0x9e, 0xff, 0xef, 0x9e, 0xff, 0xef, 0x9e, 0xff, 0xef, 0x9e, 0xff, 0xef, 0x9e, 0xff, 0xef, 0x9e, 0xff, 0xef, 0x9e, 0xff, 0xef, 0x9e, 0xff,
    0xef, 0x9e, 0xff, 0xef, 0x9e, 0xff, 0xef, 0x9e, 0xff, 0xef, 0x9e, 0xff, 0xef, 0x9e, 0xff, 0xef, 0x9e, 0xff, 0xef, 0x9e, 0xff, 0xef, 0x9e, 0xff,
    0xef, 0x9e, 0xff, 0xef, 0x9e, 0xff, 0xef, 0x9e, 0xff, 0xef, 0x9e, 0xff, 0xef, 0x9e, 0xff, 0xef, 0x9e, 0xff, 0xef, 0x9e, 0xff, 0xef, 0x9e, 0xff,
    0xef, 0x9e, 0xff, 0xef, 0x9e, 0xff, 0xef, 0x9e, 0xff, 0xef, 0x9e, 0xff, 0xef, 0x9e, 0xff, 0xef, 0x9e, 0xff, 0xef, 0x9e, 0xff, 0xef, 0x9e, 0xff,
    0xef, 0x9e, 0xff, 0xef, 0x9e, 0xff, 0xef, 0x9e, 0xff, 0xef, 0x9e, 0xff, 0xef, 0x9e, 0xff, 0xef, 0x9e, 0xff, 0xef, 0x9e, 0xff, 0xef, 0x9e, 0xff,
    0xef, 0x9e, 0xff, 0xef, 0x9e, 0xff, 0xef, 0x9e, 0xff, 0xef, 0x9e, 0xff, 0xef, 0x9e, 0xff, 0xef, 0x9e, 0xff, 0xef, 0x9e, 0xff, 0xef, 0x9e, 0xff,
    0xef, 0x9e, 0xff, 0xef, 0x9e, 0xff, 0xef, 0x9e, 0xff, 0xef, 0x9e, 0xff, 0xef, 0x9e, 0xff, 0xef, 0x9e, 0xff, 0xef, 0x9e, 0xff, 0xef, 0x9e, 0xff,
    0xef, 0x9e, 0xff, 0xef, 0x9e, 0xff, 0xef, 0x9e, 0xff, 0xef, 0x9e, 0xff, 0xef, 0x9e, 0xff, 0xef, 0x9e, 0xff, 0xef, 0x9e, 0xff, 0xef, 0x9e, 0xff,
    0xef, 0x9e, 0xff, 0xef, 0x9e, 0xff, 0xef, 0x9e, 0xff, 0xef, 0x9e, 0xff, 0xef, 0x9e, 0xff, 0xef, 0x9e, 0xff, 0xef, 0x9e, 0xff, 0xef, 0x9e, 0xff,
    0xef, 0x9e, 0xff, 0xef, 0x9e, 0xff, 0xef, 0x9e, 0xff, 0xef, 0x9e, 0xff, 0xef, 0x9e, 0xff, 0xef, 0x9e, 0xff, 0xef, 0x9e, 0xff, 0xef, 0x9e, 0xff,
    0xef, 0x9e, 0xff, 0xef, 0x9e, 0xff, 0xef, 0x9e, 0xff, 0xef, 0x9e, 0xff, 0xef, 0x9e, 0xff, 0xef, 0x9e, 0xff, 0xef, 0x9e, 0xff, 0xef, 0x9e, 0xff,
    0xef, 0x9e, 0xff, 0xef, 0x9e, 0xff, 0xef, 0x9e, 0xff, 0xef, 0x9e, 0xff, 0xef, 0x9e, 0xff, 0xef, 0x9e, 0xff, 0xef, 0x9e, 0xff, 0xef, 0x9e, 0xff,
    0xef, 0x9e, 0xff, 0xef, 0x9e, 0xff, 0xef, 0x9e, 0xff, 0xef, 0x9e, 0xff, 0xef, 0x9e, 0xff, 0xef, 0x9e, 0xff, 0xef, 0x9e, 0xff, 0xef, 0x9e, 0xff,
    0xef, 0x9e, 0xff, 0xef, 0x9e, 0xff, 0xef, 0x9e, 0xff, 0xef, 0x9e, 0xff, 0xef, 0x9e, 0xff, 0xef, 0x9e, 0xff, 0xef, 0x9e, 0xff, 0xef, 0x9e, 0xff,
    0xef, 0x9e, 0xff, 0xef, 0x9e, 0xff, 0xef, 0x9e, 0xff, 0xef, 0x9e, 0xff, 0xef, 0x9e, 0xff, 0xef, 0x9e, 0xff, 0xef, 0x9e, 0xff, 0xef, 0x9e, 0xff,
    0xef, 0x9e, 0xff, 0xef, 0x9e, 0xff, 0xef, 0x9e, 0xff, 0xef, 0x9e, 0xff, 0xef, 0x9e, 0xff, 0xef, 0x9e, 0xff, 0xef, 0x9e, 0xff, 0xef, 0x9e, 0xff,
    0xef, 0x9e, 0xff, 0xef, 0x9e, 0xff, 0xef, 0x9e, 0xff, 0xef, 0x9e, 0xff, 0xef, 0x9e, 0xff, 0xef, 0x9e, 0xff, 0xef, 0x9e, 0xff, 0xef, 0x9e, 0xff,
    0xef, 0x9e, 0xff, 0xef, 0x9e, 0xff, 0xef, 0x9e, 0xff, 0xef, 0x9e, 0xff, 0xef, 0x9e, 0xff, 0xef, 0x9e, 0xff, 0xef, 0x9e, 0xff, 0xef, 0x9e, 0xff,
};

const lv_img_dsc_t home_icon_settings_img = {
    .header.cf = LV_IMG_CF_TRUE_COLOR_ALPHA,
    .header.always_zero = 0,
    .header.reserved = 0,
    .header.w = 40,
    .header.h = 40,
    .data_size = 40 * 40 * LV_IMG_PX_SIZE_ALPHA_BYTE,
    .data = home_icon_settings_img_map,
};

static const LV_ATTRIBUTE_MEM_ALIGN LV_ATTRIBUTE_LARGE_CONST uint8_t home_text_title_img_map[] = {
    0xf7, 0xdf, 0xff, 0xf7, 0xdf, 0xff, 0xce, 0x9b, 0xff, 0xdf, 0x1c, 0xff, 0xf7, 0xdf, 0xff, 0xf7, 0xdf, 0xff, 0xf7, 0xdf, 0xff, 0xf7, 0xdf, 0xff,
    0xef, 0x7e, 0xff, 0xdf, 0x1c, 0xff, 0xdf, 0x1c, 0xff, 0xdf, 0x1c, 0xff, 0xdf, 0x1c, 0xff, 0xdf, 0x1c, 0xff, 0xdf, 0x1c, 0xff, 0xdf, 0x1c, 0xff,
    0xf7, 0xdf, 0xff, 0xf7, 0xdf, 0xff, 0xf7, 0xdf, 0xff, 0xf7, 0xdf, 0xff, 0xf7, 0xdf, 0xff, 0xf7, 0xdf, 0xff, 0xf7, 0xdf, 0xff, 0xf7, 0xdf, 0xff,
    0xf7, 0xdf, 0xff, 0xf7, 0xdf, 0xff, 0x63, 0xb0, 0xff, 0x5b, 0x2f, 0xff, 0x94, 0xf5, 0xff, 0xf7, 0xdf, 0xff, 0xf7, 0xdf, 0xff, 0xf7, 0xdf, 0xff,
    0xf7, 0xdf, 0xff, 0xf7, 0xdf, 0xff, 0xf7, 0xdf, 0xff, 0xf7, 0xdf, 0xff, 0xf7, 0xdf, 0xff, 0xf7, 0xdf, 0xff, 0xf7, 0xdf, 0xff, 0xf7, 0xdf, 0xff,
    0xf7, 0xdf, 0xff, 0xf7, 0xdf, 0xff, 0xf7, 0xdf, 0xff, 0xf7, 0xdf, 0xff, 0xf7, 0xdf, 0xff, 0xf7, 0xdf, 0xff, 0xf7, 0xdf, 0xff, 0xf7, 0xdf, 0xff,
    0xad, 0xd8, 0xff, 0x5b, 0x2f, 0xff, 0x29, 0xea, 0xff, 0xef, 0x7e, 0xff, 0xf7, 0xdf, 0xff, 0xf7, 0xdf, 0xff, 0xf7, 0xdf, 0xff, 0xf7, 0xdf, 0xff,
    0xf7, 0xdf, 0xff, 0xf7, 0xdf, 0xff, 0xf7, 0xdf, 0xff, 0xf7, 0xdf, 0xff, 0xf7, 0xdf, 0xff, 0xf7, 0xdf, 0xff, 0xf7, 0xdf, 0xff, 0xf7, 0xdf, 0xff,
    0xf7, 0xdf, 0xff, 0xf7, 0xdf, 0xff, 0xf7, 0xdf, 0xff, 0xf7, 0xdf, 0xff, 0xf7, 0xdf, 0xff, 0xf7, 0xdf, 0xff, 0xf7, 0xdf, 0xff, 0xf7, 0xdf, 0xff,
    0xf7, 0xdf, 0xff, 0xf7, 0xdf, 0xff, 0xf7, 0xdf, 0xff, 0xf7, 0xdf, 0xff, 0xf7, 0xdf, 0xff, 0xf7, 0xdf, 0xff, 0xf7, 0xdf, 0xff, 0xbe, 0x39, 0xff,
    0x19, 0x89, 0xff, 0x29, 0xea, 0xff, 0xdf, 0x1c, 0xff, 0xf7, 0xdf, 0xff, 0xf7, 0xdf, 0xff, 0xf7, 0xdf, 0xff, 0xa5, 0x56, 0xff, 0x11, 0x27, 0xff,
    0x11, 0x27, 0xff, 0x11, 0x27, 0xff, 0x11, 0x27, 0xff, 0x11, 0x27, 0xff, 0x11, 0x27, 0xff, 0x29, 0xea, 0xff, 0xf7, 0xdf, 0xff, 0xf7, 0xdf, 0xff,
    0xf7, 0xdf, 0xff, 0xf7, 0xdf, 0xff, 0xf7, 0xdf, 0xff, 0xf7, 0xdf, 0xff, 0xf7, 0xdf, 0xff, 0xf7, 0xdf, 0xff, 0xf7, 0xdf, 0xff, 0x84, 0x73, 0xff,
    0x11, 0x27, 0xff, 0x11, 0x27, 0xff, 0x63, 0xb0, 0xff, 0xdf, 0x1c, 0xff, 0xdf, 0x1c, 0xff, 0xdf, 0x1c, 0xff, 0xdf, 0x1c, 0xff, 0xdf, 0x1c, 0xff,
    0xdf, 0x1c, 0xff, 0xf7, 0xdf, 0xff, 0xf7, 0xdf, 0xff, 0xf7, 0xdf, 0xff, 0xf7, 0xdf, 0xff, 0xf7, 0xdf, 0xff, 0xf7, 0xdf, 0xff, 0xf7, 0xdf, 0xff,
    0xf7, 0xdf, 0xff, 0xf7, 0xdf, 0xff, 0xf7, 0xdf, 0xff, 0xf7, 0xdf, 0xff, 0xf7, 0xdf, 0xff, 0xf7, 0xdf, 0xff, 0xbe, 0x39, 0xff, 0x11, 0x27, 0xff,
    0x11, 0x27, 0xff, 0x84, 0x73, 0xff, 0xf7, 0xdf, 0xff, 0xf7, 0xdf, 0xff, 0xf7, 0xdf, 0xff, 0xf7, 0xdf, 0xff, 0xf7, 0xdf, 0xff, 0xf7, 0xdf, 0xff,
    0xf7, 0xdf, 0xff, 0xf7, 0xdf, 0xff, 0xf7, 0xdf, 0xff, 0xf7, 0xdf, 0xff, 0x94, 0xf5, 0xff, 0x84, 0x73, 0xff, 0x84, 0x73, 0xff, 0x84, 0x73, 0xff,
    0x84, 0x73, 0xff, 0x84, 0x73, 0xff, 0x84, 0x73, 0xff, 0x84, 0x73, 0xff, 0x84, 0x73, 0xff, 0x84, 0x73, 0xff, 0x84, 0x73, 0xff, 0x84, 0x73, 0xff,
    0x84, 0x73, 0xff, 0x84, 0x73, 0xff, 0x84, 0x73, 0xff, 0xce, 0x9b, 0xff, 0xf7, 0xdf, 0xff, 0xdf, 0x1c, 0xff, 0x29, 0xea, 0xff, 0x11, 0x27, 0xff,
    0x29, 0xea, 0xff, 0xce, 0x9b, 0xff, 0xf7, 0xdf, 0xff, 0xf7, 0xdf, 0xff, 0xa5, 0x56, 0xff, 0x11, 0x27, 0xff, 0x11, 0x27, 0xff, 0x11, 0x27, 0xff,
    0x11, 0x27, 0xff, 0x11, 0x27, 0xff, 0x11, 0x27, 0xff, 0x29, 0xea, 0xff, 0xf7, 0xdf, 0xff, 0xf7, 0xdf, 0xff, 0xf7, 0xdf, 0xff, 0xf7, 0xdf, 0xff,
    0xf7, 0xdf, 0xff, 0xf7, 0xdf, 0xff, 0xf7, 0xdf, 0xff, 0xf7, 0xdf, 0xff, 0x74, 0x12, 0xff, 0x11, 0x27, 0xff, 0x11, 0x27, 0xff, 0x11, 0x27, 0xff,
    0x11, 0x27, 0xff, 0x11, 0x27, 0xff, 0x11, 0x27, 0xff, 0x11, 0x27, 0xff, 0x11, 0x27, 0xff, 0x11, 0x27, 0xff, 0x11, 0x27, 0xff, 0x63, 0xb0, 0xff,
    0xf7, 0xdf, 0xff, 0xf7, 0xdf, 0xff, 0xf7, 0xdf, 0xff, 0xf7, 0xdf, 0xff, 0xf7, 0xdf, 0xff, 0xbe, 0x39, 0xff, 0x84, 0x73, 0xff, 0x84, 0x73, 0xff,
    0x84, 0x73, 0xff, 0x84, 0x73, 0xff, 0x84, 0x73, 0xff, 0x84, 0x73, 0xff, 0x84, 0x73, 0xff, 0x19, 0x89, 0xff, 0x11, 0x27, 0xff, 0x3a, 0x4c, 0xff,
    0x84, 0x73, 0xff, 0x84, 0x73, 0xff, 0x84, 0x73, 0xff, 0x84, 0x73, 0xff, 0x84, 0x73, 0xff, 0x84, 0x73, 0xff, 0xce, 0x9b, 0xff, 0xf7, 0xdf, 0xff,
    0xf7, 0xdf, 0xff, 0xf7, 0xdf, 0xff, 0x29, 0xea, 0xff, 0x11, 0x27, 0xff, 0x11, 0x27, 0xff, 0x11, 0x27, 0xff, 0x11, 0x27, 0xff, 0x11, 0x27, 0xff,
    0x11, 0x27, 0xff, 0x11, 0x27, 0xff, 0x11, 0x27, 0xff, 0x11, 0x27, 0xff, 0x11, 0x27, 0xff, 0x11, 0x27, 0xff, 0x11, 0x27, 0xff, 0x11, 0x27, 0xff,
    0x11, 0x27, 0xff, 0xa5, 0x56, 0xff, 0xf7, 0xdf, 0xff, 0xf7, 0xdf, 0xff, 0xdf, 0x1c, 0xff, 0x29, 0xea, 0xff, 0x11, 0x27, 0xff, 0x3a, 0x6c, 0xff,
    0xf7, 0xdf, 0xff, 0xf7, 0xdf, 0xff, 0xa5, 0x56, 0xff, 0x11, 0x27, 0xff, 0x29, 0xea, 0xff, 0xdf, 0x1c, 0xff, 0xdf, 0x1c, 0xff, 0x94, 0xf5, 0xff,
    0x11, 0x27, 0xff, 0x29, 0xea, 0xff, 0xf7, 0xdf, 0xff, 0xf7, 0xdf, 0xff, 0xf7, 0xdf, 0xff, 0xf7, 0xdf, 0xff, 0xf7, 0xdf, 0xff, 0xf7, 0xdf, 0xff,
    0xdf, 0x1c, 0xff, 0x3a, 0x6c, 0xff, 0x11, 0x27, 0xff, 0x11, 0x27, 0xff, 0x29, 0xea, 0xff, 0x29, 0xea, 0xff, 0x29, 0xea, 0xff, 0x29, 0xea, 0xff,
    0x29, 0xea, 0xff, 0x29, 0xea, 0xff, 0x11, 0x27, 0xff, 0x11, 0x27, 0xff, 0x11, 0x27, 0xff, 0x84, 0x73, 0xff, 0xf7, 0xdf, 0xff, 0xf7, 0xdf, 0xff,
    0xf7, 0xdf, 0xff, 0xf7, 0xdf, 0xff, 0xf7, 0xdf, 0xff, 0x84, 0x73, 0xff, 0x11, 0x27, 0xff, 0x11, 0x27, 0xff, 0x11, 0x27, 0xff, 0x11, 0x27, 0xff,
    0x11, 0x27, 0xff, 0x11, 0x27, 0xff, 0x11, 0x27, 0xff, 0x11, 0x27, 0xff, 0x11, 0x27, 0xff, 0x11, 0x27, 0xff, 0x11, 0x27, 0xff, 0x11, 0x27, 0xff,
    0x11, 0x27, 0xff, 0x11, 0x27, 0xff, 0x11, 0x27, 0xff, 0x11, 0x27, 0xff, 0xa5, 0x56, 0xff, 0xf7, 0xdf, 0xff, 0xf7, 0xdf, 0xff, 0xf7, 0xdf, 0xff,
    0x29, 0xea, 0xff, 0x11, 0x27, 0xff, 0x19, 0x89, 0xff, 0x29, 0xea, 0xff, 0x29, 0xea, 0xff, 0x29, 0xea, 0xff, 0x11, 0x27, 0xff, 0x11, 0x27, 0xff,
    0x19, 0x89, 0xff, 0x29, 0xea, 0xff, 0x29, 0xea, 0xff, 0x29, 0xea, 0xff, 0x29, 0xea, 0xff, 0x11, 0x27, 0xff, 0x11, 0x27, 0xff, 0xa5, 0x56, 0xff,
    0xf7, 0xdf, 0xff, 0xf7, 0xdf, 0xff, 0xf7, 0xdf, 0xff, 0xdf, 0x1c, 0xff, 0x3a, 0x4c, 0xff, 0xdf, 0x1c, 0xff, 0xf7, 0xdf, 0xff, 0xf7, 0xdf, 0xff,
    0x63, 0xb0, 0xff, 0x11, 0x27, 0xff, 0x4a, 0xcd, 0xff, 0xf7, 0xdf, 0xff, 0xf7, 0xdf, 0xff, 0xa5, 0x56, 0xff, 0x11, 0x27, 0xff, 0x29, 0xea, 0xff,
    0xf7, 0xdf, 0xff, 0xf7, 0xdf, 0xff, 0xf7, 0xdf, 0xff, 0xf7, 0xdf, 0xff, 0xdf, 0x1c, 0xff, 0x63, 0xb0, 0xff, 0x11, 0x27, 0xff, 0x11, 0x27, 0xff,
    0x11, 0x27, 0xff, 0x11, 0x27, 0xff, 0x5b, 0x2f, 0xff, 0xdf, 0x1c, 0xff, 0xf7, 0xdf, 0xff, 0xf7, 0xdf, 0xff, 0xef, 0x7e, 0xff, 0x74, 0x12, 0xff,
    0x11, 0x27, 0xff, 0x11, 0x27, 0xff, 0x74, 0x12, 0xff, 0xf7, 0xdf, 0xff, 0xf7, 0xdf, 0xff, 0xf7, 0xdf, 0xff, 0xf7, 0xdf, 0xff, 0xf7, 0xdf, 0xff,
    0xf7, 0xdf, 0xff, 0x84, 0x73, 0xff, 0x11, 0x27, 0xff, 0x11, 0x27, 0xff, 0x29, 0xea, 0xff, 0x29, 0xea, 0xff, 0x29, 0xea, 0xff, 0x29, 0xea, 0xff,
    0x29, 0xea, 0xff, 0x29, 0xea, 0xff, 0x29, 0xea, 0xff, 0x29, 0xea, 0xff, 0x29, 0xea, 0xff, 0x29, 0xea, 0xff, 0x29, 0xea, 0xff, 0x29, 0xea, 0xff,
    0x29, 0xea, 0xff, 0x29, 0xea, 0xff, 0xad, 0xd8, 0xff, 0xf7, 0xdf, 0xff, 0xf7, 0xdf, 0xff, 0xf7, 0xdf, 0xff, 0x29, 0xea, 0xff, 0x11, 0x27, 0xff,
    0x84, 0x73, 0xff, 0xf7, 0xdf, 0xff, 0xf7, 0xdf, 0xff, 0xf7, 0xdf, 0xff, 0x4a, 0xcd, 0xff, 0x11, 0x27, 0xff, 0x4a, 0xcd, 0xff, 0xf7, 0xdf, 0xff,
    0xf7, 0xdf, 0xff, 0xf7, 0xdf, 0xff, 0xf7, 0xdf, 0xff, 0x11, 0x27, 0xff, 0x11, 0x27, 0xff, 0xa5, 0x56, 0xff, 0xf7, 0xdf, 0xff, 0xf7, 0xdf, 0xff,
    0xf7, 0xdf, 0xff, 0xf7, 0xdf, 0xff, 0xf7, 0xdf, 0xff, 0xf7, 0xdf, 0xff, 0xf7, 0xdf, 0xff, 0xdf, 0x1c, 0xff, 0x29, 0xea, 0xff, 0x11, 0x27, 0xff,
    0x74, 0x12, 0xff, 0xf7, 0xdf, 0xff, 0xf7, 0xdf, 0xff, 0xa5, 0x56, 0xff, 0x11, 0x27, 0xff, 0x29, 0xea, 0xff, 0xf7, 0xdf, 0xff, 0xf7, 0xdf, 0xff,
    0xf7, 0xdf, 0xff, 0xf7, 0xdf, 0xff, 0xef, 0x7e, 0xff, 0x3a, 0x6c, 0xff, 0x11, 0x27, 0xff, 0x29, 0xea, 0xff, 0x74, 0x12, 0xff, 0x11, 0x27, 0xff,
    0x11, 0x27, 0xff, 0x29, 0xea, 0xff, 0x84, 0x73, 0xff, 0x94, 0xf5, 0xff, 0x29, 0xea, 0xff, 0x11, 0x27, 0xff, 0x11, 0x27, 0xff, 0x74, 0x12, 0xff,
    0xf7, 0xdf, 0xff, 0xf7, 0xdf, 0xff, 0xf7, 0xdf, 0xff, 0xf7, 0xdf, 0xff, 0xf7, 0xdf, 0xff, 0xf7, 0xdf, 0xff, 0xf7, 0xdf, 0xff, 0x84, 0x73, 0xff,
    0x11, 0x27, 0xff, 0x29, 0xea, 0xff, 0xf7, 0xdf, 0xff, 0xf7, 0xdf, 0xff, 0xf7, 0xdf, 0xff, 0xf7, 0xdf, 0xff, 0xf7, 0xdf, 0xff, 0xef, 0x7e, 0xff,
    0xbe, 0x39, 0xff, 0xf7, 0xdf, 0xff, 0xf7, 0xdf, 0xff, 0xf7, 0xdf, 0xff, 0xf7, 0xdf, 0xff, 0xbe, 0x39, 0xff, 0xef, 0x7e, 0xff, 0xf7, 0xdf, 0xff,
    0xf7, 0xdf, 0xff, 0xf7, 0xdf, 0xff, 0xf7, 0xdf, 0xff, 0xf7, 0xdf, 0xff, 0x29, 0xea, 0xff, 0x11, 0x27, 0xff, 0x84, 0x73, 0xff, 0xf7, 0xdf, 0xff,
    0xf7, 0xdf, 0xff, 0xf7, 0xdf, 0xff, 0x4a, 0xcd, 0xff, 0x11, 0x27, 0xff, 0x4a, 0xcd, 0xff, 0xf7, 0xdf, 0xff, 0xf7, 0xdf, 0xff, 0xf7, 0xdf, 0xff,
    0xf7, 0xdf, 0xff, 0x11, 0x27, 0xff, 0x11, 0x27, 0xff, 0xa5, 0x56, 0xff, 0x63, 0xb0, 0xff, 0x63, 0xb0, 0xff, 0x63, 0xb0, 0xff, 0x63, 0xb0, 0xff,
    0x94, 0xf5, 0xff, 0xf7, 0xdf, 0xff, 0xa5, 0x56, 0xff, 0x19, 0x89, 0xff, 0x11, 0x27, 0xff, 0x19, 0x89, 0xff, 0xdf, 0x1c, 0xff, 0xf7, 0xdf, 0xff,
    0xf7, 0xdf, 0xff, 0xad, 0xd8, 0xff, 0x11, 0x27, 0xff, 0x11, 0x27, 0xff, 0x11, 0x27, 0xff, 0x11, 0x27, 0xff, 0xa5, 0x56, 0xff, 0xf7, 0xdf, 0xff,
    0xf7, 0xdf, 0xff, 0xdf, 0x1c, 0xff, 0x84, 0x73, 0xff, 0xf7, 0xdf, 0xff, 0xf7, 0xdf, 0xff, 0xdf, 0x1c, 0xff, 0x19, 0x89, 0xff, 0x11, 0x27, 0xff,
    0x11, 0x27, 0xff, 0x11, 0x27, 0xff, 0x11, 0x27, 0xff, 0x11, 0x27, 0xff, 0x74, 0x12, 0xff, 0xf7, 0xdf, 0xff, 0xf7, 0xdf, 0xff, 0xf7, 0xdf, 0xff,
    0xf7, 0xdf, 0xff, 0xf7, 0xdf, 0xff, 0xf7, 0xdf, 0xff, 0xf7, 0xdf, 0xff, 0xf7, 0xdf, 0xff, 0x84, 0x73, 0xff, 0x11, 0x27, 0xff, 0x29, 0xea, 0xff,
    0xf7, 0xdf, 0xff, 0xef, 0x7e, 0xff, 0xce, 0x9b, 0xff, 0xf7, 0xdf, 0xff, 0xa5, 0x56, 0xff, 0x11, 0x27, 0xff, 0x19, 0x89, 0xff, 0xf7, 0xdf, 0xff,
    0xf7, 0xdf, 0xff, 0xf7, 0xdf, 0xff, 0xef, 0x7e, 0xff, 0x11, 0x27, 0xff, 0x11, 0x27, 0xff, 0x84, 0x73, 0xff, 0xf7, 0xdf, 0xff, 0xf7, 0xdf, 0xff,
    0xf7, 0xdf, 0xff, 0xf7, 0xdf, 0xff, 0x29, 0xea, 0xff, 0x11, 0x27, 0xff, 0x19, 0x89, 0xff, 0x29, 0xea, 0xff, 0x29, 0xea, 0xff, 0x29, 0xea, 0xff,
    0x19, 0x89, 0xff, 0x11, 0x27, 0xff, 0x11, 0x27, 0xff, 0x29, 0xea, 0xff, 0x29, 0xea, 0xff, 0x29, 0xea, 0xff, 0x29, 0xea, 0xff, 0x11, 0x27, 0xff,
    0x11, 0x27, 0xff, 0xa5, 0x56, 0xff, 0x11, 0x27, 0xff, 0x11, 0x27, 0xff, 0x11, 0x27, 0xff, 0x11, 0x27, 0xff, 0x4a, 0xcd, 0xff, 0xf7, 0xdf, 0xff,
    0x84, 0x73, 0xff, 0x11, 0x27, 0xff, 0x19, 0x89, 0xff, 0xad, 0xb8, 0xff, 0xf7, 0xdf, 0xff, 0xf7, 0xdf, 0xff, 0xf7, 0xdf, 0xff, 0xef, 0x7e, 0xff,
    0x4a, 0xcd, 0xff, 0x11, 0x27, 0xff, 0x11, 0x27, 0xff, 0x11, 0x27, 0xff, 0x94, 0xf5, 0xff, 0xf7, 0xdf, 0xff, 0xf7, 0xdf, 0xff, 0xf7, 0xdf, 0xff,
    0xdf, 0x1c, 0xff, 0xa5, 0x56, 0xff, 0x74, 0x12, 0xff, 0x29, 0xea, 0xff, 0x11, 0x27, 0xff, 0x11, 0x27, 0xff, 0x11, 0x27, 0xff, 0x11, 0x27, 0xff,
    0x11, 0x27, 0xff, 0x11, 0x27, 0xff, 0x11, 0x27, 0xff, 0x3a, 0x6c, 0xff, 0x5b, 0x2f, 0xff, 0x94, 0xf5, 0xff, 0xbe, 0x39, 0xff, 0xce, 0x9b, 0xff,
    0xef, 0x7e, 0xff, 0xf7, 0xdf, 0xff, 0xf7, 0xdf, 0xff, 0x84, 0x73, 0xff, 0x11, 0x27, 0xff, 0x29, 0xea, 0xff, 0xbe, 0x39, 0xff, 0x19, 0x89, 0xff,
    0x19, 0x89, 0xff, 0xf7, 0xdf, 0xff, 0xce, 0x9b, 0xff, 0x11, 0x27, 0xff, 0x11, 0x27, 0xff, 0xbe, 0x39, 0xff, 0xf7, 0xdf, 0xff, 0xf7, 0xdf, 0xff,
    0xbe, 0x39, 0xff, 0x11, 0x27, 0xff, 0x11, 0x27, 0xff, 0xa5, 0x56, 0xff, 0xf7, 0xdf, 0xff, 0xf7, 0xdf, 0xff, 0xf7, 0xdf, 0xff, 0xf7, 0xdf, 0xff,
    0x29, 0xea, 0xff, 0x11, 0x27, 0xff, 0x11, 0x27, 0xff, 0x11, 0x27, 0xff, 0x11, 0x27, 0xff, 0x11, 0x27, 0xff, 0x11, 0x27, 0xff, 0x11, 0x27, 0xff,
    0x11, 0x27, 0xff, 0x11, 0x27, 0xff, 0x11, 0x27, 0xff, 0x11, 0x27, 0xff, 0x11, 0x27, 0xff, 0x11, 0x27, 0xff, 0x11, 0x27, 0xff, 0xa5, 0x56, 0xff,
    0x4a, 0xcd, 0xff, 0x4a, 0xcd, 0xff, 0x29, 0xea, 0xff, 0x11, 0x27, 0xff, 0x4a, 0xcd, 0xff, 0xf7, 0xdf, 0xff, 0xf7, 0xdf, 0xff, 0x5b, 0x2f, 0xff,
    0xbe, 0x39, 0xff, 0xdf, 0x1c, 0xff, 0xdf, 0x1c, 0xff, 0xdf, 0x1c, 0xff, 0xdf, 0x1c, 0xff, 0xdf, 0x1c, 0xff, 0xdf, 0x1c, 0xff, 0xce, 0x9b, 0xff,
    0xce, 0x9b, 0xff, 0xdf, 0x1c, 0xff, 0xf7, 0xdf, 0xff, 0xdf, 0x1c, 0xff, 0x29, 0xea, 0xff, 0x11, 0x27, 0xff, 0x11, 0x27, 0xff, 0x11, 0x27, 0xff,
    0x11, 0x27, 0xff, 0x11, 0x27, 0xff, 0x11, 0x27, 0xff, 0x19, 0x89, 0xff, 0x84, 0x73, 0xff, 0xad, 0xd8, 0xff, 0x63, 0xb0, 0xff, 0x11, 0x27, 0xff,
    0x11, 0x27, 0xff, 0x11, 0x27, 0xff, 0x11, 0x27, 0xff, 0x11, 0x27, 0xff, 0x11, 0x27, 0xff, 0x11, 0x27, 0xff, 0x63, 0xb0, 0xff, 0xf7, 0xdf, 0xff,
    0xf7, 0xdf, 0xff, 0x84, 0x73, 0xff, 0x11, 0x27, 0xff, 0x29, 0xea, 0xff, 0xce, 0x9b, 0xff, 0x11, 0x27, 0xff, 0x11, 0x27, 0xff, 0xbe, 0x39, 0xff,
    0xf7, 0xdf, 0xff, 0x19, 0x89, 0xff, 0x11, 0x27, 0xff, 0x94, 0xf5, 0xff, 0xf7, 0xdf, 0xff, 0xf7, 0xdf, 0xff, 0x63, 0xb0, 0xff, 0x11, 0x27, 0xff,
    0x11, 0x27, 0xff, 0xdf, 0x1c, 0xff, 0xf7, 0xdf, 0xff, 0xf7, 0xdf, 0xff, 0xf7, 0xdf, 0xff, 0xf7, 0xdf, 0xff, 0x29, 0xea, 0xff, 0x11, 0x27, 0xff,
    0x53, 0x2f, 0xff, 0xa5, 0x56, 0xff, 0xa5, 0x56, 0xff, 0xa5, 0x56, 0xff, 0x29, 0xea, 0xff, 0x11, 0x27, 0xff, 0x3a, 0x4c, 0xff, 0xa5, 0x56, 0xff,
    0xa5, 0x56, 0xff, 0xa5, 0x56, 0xff, 0xa5, 0x56, 0xff, 0x11, 0x27, 0xff, 0x11, 0x27, 0xff, 0xa5, 0x56, 0xff, 0xf7, 0xdf, 0xff, 0xf7, 0xdf, 0xff,
    0x63, 0xb0, 0xff, 0x11, 0x27, 0xff, 0x4a, 0xcd, 0xff, 0xf7, 0xdf, 0xff, 0xdf, 0x1c, 0xff, 0x11, 0x27, 0xff, 0x11, 0x27, 0xff, 0x11, 0x27, 0xff,
    0x11, 0x27, 0xff, 0x11, 0x27, 0xff, 0x11, 0x27, 0xff, 0x11, 0x27, 0xff, 0x11, 0x27, 0xff, 0x11, 0x27, 0xff, 0x11, 0x27, 0xff, 0xa5, 0x56, 0xff,
    0xf7, 0xdf, 0xff, 0xf7, 0xdf, 0xff, 0x4a, 0xcd, 0xff, 0x11, 0x27, 0xff, 0x11, 0x27, 0xff, 0x19, 0x89, 0xff, 0x4a, 0xcd, 0xff, 0x84, 0x73, 0xff,
    0xbe, 0x39, 0xff, 0xf7, 0xdf, 0xff, 0xf7, 0xdf, 0xff, 0xf7, 0xdf, 0xff, 0xf7, 0xdf, 0xff, 0xf7, 0xdf, 0xff, 0xbe, 0x39, 0xff, 0x74, 0x12, 0xff,
    0x4a, 0xcd, 0xff, 0x19, 0x89, 0xff, 0x11, 0x27, 0xff, 0x29, 0xea, 0xff, 0xdf, 0x1c, 0xff, 0xf7, 0xdf, 0xff, 0xf7, 0xdf, 0xff, 0x84, 0x73, 0xff,
    0x11, 0x27, 0xff, 0x29, 0xea, 0xff, 0xf7, 0xdf, 0xff, 0x4a, 0xcd, 0xff, 0x11, 0x27, 0xff, 0x63, 0xb0, 0xff, 0xf7, 0xdf, 0xff, 0x5b, 0x2f, 0xff,
    0x11, 0x27, 0xff, 0x4a, 0xcd, 0xff, 0xf7, 0xdf, 0xff, 0xf7, 0xdf, 0xff, 0x29, 0xea, 0xff, 0x11, 0x27, 0xff, 0x5b, 0x2f, 0xff, 0xf7, 0xdf, 0xff,
    0xf7, 0xdf, 0xff, 0xf7, 0xdf, 0xff, 0xf7, 0xdf, 0xff, 0xf7, 0xdf, 0xff, 0x29, 0xea, 0xff, 0x11, 0x27, 0xff, 0x84, 0x73, 0xff, 0xf7, 0xdf, 0xff,
    0xf7, 0xdf, 0xff, 0xf7, 0xdf, 0xff, 0x4a, 0xcd, 0xff, 0x11, 0x27, 0xff, 0x4a, 0xcd, 0xff, 0xf7, 0xdf, 0xff, 0xf7, 0xdf, 0xff, 0xf7, 0xdf, 0xff,
    0xf7, 0xdf, 0xff, 0x11, 0x27, 0xff, 0x11, 0x27, 0xff, 0xa5, 0x56, 0xff, 0xf7, 0xdf, 0xff, 0xf7, 0xdf, 0xff, 0x63, 0xb0, 0xff, 0x11, 0x27, 0xff,
    0x4a, 0xcd, 0xff, 0xf7, 0xdf, 0xff, 0xdf, 0x1c, 0xff, 0x11, 0x27, 0xff, 0x11, 0x27, 0xff, 0x11, 0x27, 0xff, 0x11, 0x27, 0xff, 0x11, 0x27, 0xff,
    0x11, 0x27, 0xff, 0x11, 0x27, 0xff, 0x11, 0x27, 0xff, 0x11, 0x27, 0xff, 0x11, 0x27, 0xff, 0xbe, 0x39, 0xff, 0xf7, 0xdf, 0xff, 0xf7, 0xdf, 0xff,
    0xce, 0x9b, 0xff, 0xa5, 0x56, 0xff, 0x3a, 0x6c, 0xff, 0x29, 0xea, 0xff, 0x29, 0xea, 0xff, 0x29, 0xea, 0xff, 0x29, 0xea, 0xff, 0x29, 0xea, 0xff,
    0x29, 0xea, 0xff, 0x29, 0xea, 0xff, 0x29, 0xea, 0xff, 0x29, 0xea, 0xff, 0x29, 0xea, 0xff, 0x29, 0xea, 0xff, 0x29, 0xea, 0xff, 0x29, 0xea, 0xff,
    0xce, 0x9b, 0xff, 0xdf, 0x1c, 0xff, 0xf7, 0xdf, 0xff, 0xf7, 0xdf, 0xff, 0xf7, 0xdf, 0xff, 0x63, 0xb0, 0xff, 0x11, 0x27, 0xff, 0x3a, 0x6c, 0xff,
    0xf7, 0xdf, 0xff, 0x84, 0x73, 0xff, 0x11, 0x27, 0xff, 0x19, 0x89, 0xff, 0xef, 0x7e, 0xff, 0x94, 0xf5, 0xff, 0x11, 0x27, 0xff, 0x19, 0x89, 0xff,
    0xf7, 0xdf, 0xff, 0xbe, 0x39, 0xff, 0x11, 0x27, 0xff, 0x11, 0x27, 0xff, 0xad, 0xd8, 0xff, 0xf7, 0xdf, 0xff, 0xf7, 0xdf, 0xff, 0xf7, 0xdf, 0xff,
    0xf7, 0xdf, 0xff, 0xf7, 0xdf, 0xff, 0x29, 0xea, 0xff, 0x11, 0x27, 0xff, 0x74, 0x12, 0xff, 0xdf, 0x1c, 0xff, 0xdf, 0x1c, 0xff, 0xdf, 0x1c, 0xff,
    0x4a, 0xcd, 0xff, 0x11, 0x27, 0xff, 0x3a, 0x6c, 0xff, 0xdf, 0x1c, 0xff, 0xdf, 0x1c, 0xff, 0xdf, 0x1c, 0xff, 0xdf, 0x1c, 0xff, 0x11, 0x27, 0xff,
    0x11, 0x27, 0xff, 0xa5, 0x56, 0xff, 0xf7, 0xdf, 0xff, 0xf7, 0xdf, 0xff, 0x63, 0xb0, 0xff, 0x11, 0x27, 0xff, 0x4a, 0xcd, 0xff, 0xf7, 0xdf, 0xff,
    0xf7, 0xdf, 0xff, 0x9d, 0x56, 0xff, 0x11, 0x27, 0xff, 0x19, 0x89, 0xff, 0xce, 0x9b, 0xff, 0xdf, 0x1c, 0xff, 0xdf, 0x1c, 0xff, 0xdf, 0x1c, 0xff,
    0x5b, 0x2f, 0xff, 0x11, 0x27, 0xff, 0x29, 0xea, 0xff, 0xf7, 0xdf, 0xff, 0xf7, 0xdf, 0xff, 0xf7, 0xdf, 0xff, 0xf7, 0xdf, 0xff, 0xf7, 0xdf, 0xff,
    0x4a, 0xcd, 0xff, 0x11, 0x27, 0xff, 0x11, 0x27, 0xff, 0x11, 0x27, 0xff, 0x11, 0x27, 0xff, 0x11, 0x27, 0xff, 0x11, 0x27, 0xff, 0x11, 0x27, 0xff,
    0x11, 0x27, 0xff, 0x11, 0x27, 0xff, 0x11, 0x27, 0xff, 0x11, 0x27, 0xff, 0x11, 0x27, 0xff, 0x11, 0x27, 0xff, 0xdf, 0x1c, 0xff, 0xf7, 0xdf, 0xff,
    0xf7, 0xdf, 0xff, 0xf7, 0xdf, 0xff, 0xf7, 0xdf, 0xff, 0x63, 0xb0, 0xff, 0x11, 0x27, 0xff, 0x4a, 0xcd, 0xff, 0xf7, 0xdf, 0xff, 0xdf, 0x1c, 0xff,
    0x11, 0x27, 0xff, 0x11, 0x27, 0xff, 0xbe, 0x39, 0xff, 0xbe, 0x39, 0xff, 0x11, 0x27, 0xff, 0x11, 0x27, 0xff, 0xce, 0x9b, 0xff, 0x63, 0xb0, 0xff,
    0x11, 0x27, 0xff, 0x29, 0xea, 0xff, 0xf7, 0xdf, 0xff, 0xf7, 0xdf, 0xff, 0xf7, 0xdf, 0xff, 0xf7, 0xdf, 0xff, 0xf7, 0xdf, 0xff, 0xf7, 0xdf, 0xff,
    0x11, 0x27, 0xff, 0x11, 0x27, 0xff, 0x11, 0x27, 0xff, 0x11, 0x27, 0xff, 0x11, 0x27, 0xff, 0x11, 0x27, 0xff, 0x11, 0x27, 0xff, 0x11, 0x27, 0xff,
    0x11, 0x27, 0xff, 0x11, 0x27, 0xff, 0x11, 0x27, 0xff, 0x11, 0x27, 0xff, 0x11, 0x27, 0xff, 0x11, 0x27, 0xff, 0x11, 0x27, 0xff, 0xa5, 0x56, 0xff,
    0xf7, 0xdf, 0xff, 0xf7, 0xdf, 0xff, 0x63, 0xb0, 0xff, 0x11, 0x27, 0xff, 0x4a, 0xcd, 0xff, 0xf7, 0xdf, 0xff, 0xdf, 0x1c, 0xff, 0xf7, 0xdf, 0xff,
    0x29, 0xea, 0xff, 0x11, 0x27, 0xff, 0x63, 0xb0, 0xff, 0xf7, 0xdf, 0xff, 0xf7, 0xdf, 0xff, 0xa5, 0x56, 0xff, 0x11, 0x27, 0xff, 0x11, 0x27, 0xff,
    0xa5, 0x56, 0xff, 0xf7, 0xdf, 0xff, 0xf7, 0xdf, 0xff, 0xf7, 0xdf, 0xff, 0xf7, 0xdf, 0xff, 0xf7, 0xdf, 0xff, 0x4a, 0xcd, 0xff, 0x11, 0x27, 0xff,
    0x4a, 0xcd, 0xff, 0xdf, 0x1c, 0xff, 0xdf, 0x1c, 0xff, 0xdf, 0x1c, 0xff, 0x11, 0x27, 0xff, 0x11, 0x27, 0xff, 0x74, 0x12, 0xff, 0xdf, 0x1c, 0xff,
    0xdf, 0x1c, 0xff, 0x74, 0x12, 0xff, 0x11, 0x27, 0xff, 0x11, 0x27, 0xff, 0xdf, 0x1c, 0xff, 0xf7, 0xdf, 0xff, 0xf7, 0xdf, 0xff, 0xf7, 0xdf, 0xff,
    0xf7, 0xdf, 0xff, 0x4a, 0xcd, 0xff, 0x11, 0x27, 0xff, 0x5b, 0x2f, 0xff, 0xf7, 0xdf, 0xff, 0xf7, 0xdf, 0xff, 0x29, 0xea, 0xff, 0x11, 0x27, 0xff,
    0x63, 0xb0, 0xff, 0xef, 0x7e, 0xff, 0x19, 0x89, 0xff, 0x5b, 0x2f, 0xff, 0xad, 0xb8, 0xff, 0x11, 0x27, 0xff, 0x11, 0x27, 0xff, 0xa5, 0x56, 0xff,
    0xf7, 0xdf, 0xff, 0xf7, 0xdf, 0xff, 0xf7, 0xdf, 0xff, 0xf7, 0xdf, 0xff, 0xf7, 0xdf, 0xff, 0xef, 0x7e, 0xff, 0x11, 0x27, 0xff, 0x11, 0x27, 0xff,
    0x11, 0x27, 0xff, 0x11, 0x27, 0xff, 0x11, 0x27, 0xff, 0x11, 0x27, 0xff, 0x11, 0x27, 0xff, 0x11, 0x27, 0xff, 0x11, 0x27, 0xff, 0x11, 0x27, 0xff,
    0x11, 0x27, 0xff, 0x11, 0x27, 0xff, 0x11, 0x27, 0xff, 0x11, 0x27, 0xff, 0x11, 0x27, 0xff, 0xa5, 0x56, 0xff, 0xf7, 0xdf, 0xff, 0xf7, 0xdf, 0xff,
    0x63, 0xb0, 0xff, 0x11, 0x27, 0xff, 0x3a, 0x6c, 0xff, 0x63, 0xb0, 0xff, 0x4a, 0xcd, 0xff, 0xf7, 0xdf, 0xff, 0xbe, 0x39, 0xff, 0x11, 0x27, 0xff,
    0x11, 0x27, 0xff, 0x84, 0x73, 0xff, 0xce, 0x9b, 0xff, 0x19, 0x89, 0xff, 0x11, 0x27, 0xff, 0x63, 0xb0, 0xff, 0xf7, 0xdf, 0xff, 0xf7, 0xdf, 0xff,
    0xf7, 0xdf, 0xff, 0xf7, 0xdf, 0xff, 0xf7, 0xdf, 0xff, 0xf7, 0xdf, 0xff, 0x4a, 0xcd, 0xff, 0x11, 0x27, 0xff, 0x19, 0x89, 0xff, 0x4a, 0xcd, 0xff,
    0x4a, 0xcd, 0xff, 0x4a, 0xcd, 0xff, 0x11, 0x27, 0xff, 0x11, 0x27, 0xff, 0x29, 0xea, 0xff, 0x4a, 0xcd, 0xff, 0x4a, 0xcd, 0xff, 0x29, 0xea, 0xff,
    0x11, 0x27, 0xff, 0x11, 0x27, 0xff, 0xdf, 0x1c, 0xff, 0xf7, 0xdf, 0xff, 0xf7, 0xdf, 0xff, 0xf7, 0xdf, 0xff, 0xf7, 0xdf, 0xff, 0x3a, 0x6c, 0xff,
    0x11, 0x27, 0xff, 0x74, 0x12, 0xff, 0xf7, 0xdf, 0xff, 0xf7, 0xdf, 0xff, 0x74, 0x12, 0xff, 0x19, 0x89, 0xff, 0x94, 0xf5, 0xff, 0xf7, 0xdf, 0xff,
    0xf7, 0xdf, 0xff, 0xf7, 0xdf, 0xff, 0x63, 0xb0, 0xff, 0x11, 0x27, 0xff, 0x29, 0xea, 0xff, 0xf7, 0xdf, 0xff, 0xf7, 0xdf, 0xff, 0xf7, 0xdf, 0xff,
    0xf7, 0xdf, 0xff, 0xf7, 0xdf, 0xff, 0xf7, 0xdf, 0xff, 0xbe, 0x39, 0xff, 0x11, 0x27, 0xff, 0x11, 0x27, 0xff, 0xbe, 0x39, 0xff, 0xdf, 0x1c, 0xff,
    0xdf, 0x1c, 0xff, 0xdf, 0x1c, 0xff, 0x3a, 0x6c, 0xff, 0x11, 0x27, 0xff, 0x4a, 0xcd, 0xff, 0xdf, 0x1c, 0xff, 0xdf, 0x1c, 0xff, 0xdf, 0x1c, 0xff,
    0xdf, 0x1c, 0xff, 0x11, 0x27, 0xff, 0x11, 0x27, 0xff, 0xa5, 0x56, 0xff, 0xf7, 0xdf, 0xff, 0xf7, 0xdf, 0xff, 0x63, 0xb0, 0xff, 0x11, 0x27, 0xff,
    0x11, 0x27, 0xff, 0x11, 0x27, 0xff, 0x11, 0x27, 0xff, 0xdf, 0x1c, 0xff, 0xf7, 0xdf, 0xff, 0x94, 0xf5, 0xff, 0x11, 0x27, 0xff, 0x11, 0x27, 0xff,
    0x11, 0x27, 0xff, 0x11, 0x27, 0xff, 0x29, 0xea, 0xff, 0xdf, 0x1c, 0xff, 0xf7, 0xdf, 0xff, 0xf7, 0xdf, 0xff, 0xf7, 0xdf, 0xff, 0xf7, 0xdf, 0xff,
    0xf7, 0xdf, 0xff, 0xf7, 0xdf, 0xff, 0x4a, 0xcd, 0xff, 0x11, 0x27, 0xff, 0x11, 0x27, 0xff, 0x11, 0x27, 0xff, 0x11, 0x27, 0xff, 0x11, 0x27, 0xff,
    0x11, 0x27, 0xff, 0x11, 0x27, 0xff, 0x11, 0x27, 0xff, 0x11, 0x27, 0xff, 0x11, 0x27, 0xff, 0x11, 0x27, 0xff, 0x11, 0x27, 0xff, 0x11, 0x27, 0xff,
    0xdf, 0x1c, 0xff, 0xf7, 0xdf, 0xff, 0xf7, 0xdf, 0xff, 0xf7, 0xdf, 0xff, 0xef, 0x7e, 0xff, 0x11, 0x27, 0xff, 0x11, 0x27, 0xff, 0x94, 0xf5, 0xff,
    0xf7, 0xdf, 0xff, 0xf7, 0xdf, 0xff, 0xdf, 0x1c, 0xff, 0xef, 0x7e, 0xff, 0xf7, 0xdf, 0xff, 0xf7, 0xdf, 0xff, 0xf7, 0xdf, 0xff, 0xdf, 0x1c, 0xff,
    0x11, 0x27, 0xff, 0x11, 0x27, 0xff, 0xa5, 0x56, 0xff, 0xf7, 0xdf, 0xff, 0xf7, 0xdf, 0xff, 0xf7, 0xdf, 0xff, 0xf7, 0xdf, 0xff, 0xf7, 0xdf, 0xff,
    0xf7, 0xdf, 0xff, 0x74, 0x12, 0xff, 0x11, 0x27, 0xff, 0x19, 0x89, 0xff, 0xf7, 0xdf, 0xff, 0xf7, 0xdf, 0xff, 0xf7, 0xdf, 0xff, 0xf7, 0xdf, 0xff,
    0x4a, 0xcd, 0xff, 0x11, 0x27, 0xff, 0x4a, 0xcd, 0xff, 0xf7, 0xdf, 0xff, 0xf7, 0xdf, 0xff, 0xf7, 0xdf, 0xff, 0xf7, 0xdf, 0xff, 0x11, 0x27, 0xff,
    0x11, 0x27, 0xff, 0xa5, 0x56, 0xff, 0xf7, 0xdf, 0xff, 0xf7, 0xdf, 0xff, 0x4a, 0xcd, 0xff, 0x11, 0x27, 0xff, 0x11, 0x27, 0xff, 0x19, 0x89, 0xff,
    0xbe, 0x39, 0xff, 0xf7, 0xdf, 0xff, 0xf7, 0xdf, 0xff, 0xbe, 0x39, 0xff, 0x19, 0x89, 0xff, 0x11, 0x27, 0xff, 0x11, 0x27, 0xff, 0x11, 0x27, 0xff,
    0x74, 0x12, 0xff, 0xdf, 0x1c, 0xff, 0xf7, 0xdf, 0xff, 0xf7, 0xdf, 0xff, 0xf7, 0xdf, 0xff, 0xf7, 0xdf, 0xff, 0xf7, 0xdf, 0xff, 0xf7, 0xdf, 0xff,
    0x4a, 0xcd, 0xff, 0x11, 0x27, 0xff, 0x4a, 0xcd, 0xff, 0xdf, 0x1c, 0xff, 0xdf, 0x1c, 0xff, 0xdf, 0x1c, 0xff, 0x11, 0x27, 0xff, 0x11, 0x27, 0xff,
    0x74, 0x12, 0xff, 0xdf, 0x1c, 0xff, 0xdf, 0x1c, 0xff, 0x74, 0x12, 0xff, 0x11, 0x27, 0xff, 0x11, 0x27, 0xff, 0xdf, 0x1c, 0xff, 0xf7, 0xdf, 0xff,
    0xf7, 0xdf, 0xff, 0xf7, 0xdf, 0xff, 0xbe, 0x39, 0xff, 0x11, 0x27, 0xff, 0x11, 0x27, 0xff, 0xbe, 0x39, 0xff, 0xf7, 0xdf, 0xff, 0xf7, 0xdf, 0xff,
    0xf7, 0xdf, 0xff, 0xf7, 0xdf, 0xff, 0xf7, 0xdf, 0xff, 0xf7, 0xdf, 0xff, 0xf7, 0xdf, 0xff, 0x63, 0xb0, 0xff, 0x11, 0x27, 0xff, 0x29, 0xea, 0xff,
    0xf7, 0xdf, 0xff, 0xf7, 0xdf, 0xff, 0xf7, 0xdf, 0xff, 0xf7, 0xdf, 0xff, 0xf7, 0xdf, 0xff, 0xf7, 0xdf, 0xff, 0xf7, 0xdf, 0xff, 0x29, 0xea, 0xff,
    0x11, 0x27, 0xff, 0x63, 0xb0, 0xff, 0xf7, 0xdf, 0xff, 0xf7, 0xdf, 0xff, 0xf7, 0xdf, 0xff, 0xf7, 0xdf, 0xff, 0x4a, 0xcd, 0xff, 0x11, 0x27, 0xff,
    0x4a, 0xcd, 0xff, 0xf7, 0xdf, 0xff, 0xf7, 0xdf, 0xff, 0xf7, 0xdf, 0xff, 0xf7, 0xdf, 0xff, 0x11, 0x27, 0xff, 0x11, 0x27, 0xff, 0xa5, 0x56, 0xff,
    0xf7, 0xdf, 0xff, 0x94, 0xf5, 0xff, 0x11, 0x27, 0xff, 0x11, 0x27, 0xff, 0x29, 0xea, 0xff, 0xce, 0x9b, 0xff, 0xad, 0xb8, 0xff, 0x74, 0x12, 0xff,
    0x19, 0x89, 0xff, 0x11, 0x27, 0xff, 0x11, 0x27, 0xff, 0x11, 0x27, 0xff, 0x19, 0x89, 0xff, 0x11, 0x27, 0xff, 0x11, 0x27, 0xff, 0x11, 0x27, 0xff,
    0x5b, 0x2f, 0xff, 0xa5, 0x56, 0xff, 0xdf, 0x1c, 0xff, 0xf7, 0xdf, 0xff, 0xf7, 0xdf, 0xff, 0xf7, 0xdf, 0xff, 0x4a, 0xcd, 0xff, 0x11, 0x27, 0xff,
    0x19, 0x89, 0xff, 0x63, 0xb0, 0xff, 0x63, 0xb0, 0xff, 0x63, 0xb0, 0xff, 0x11, 0x27, 0xff, 0x11, 0x27, 0xff, 0x3a, 0x6c, 0xff, 0x63, 0xb0, 0xff,
    0x63, 0xb0, 0xff, 0x3a, 0x6c, 0xff, 0x11, 0x27, 0xff, 0x11, 0x27, 0xff, 0xdf, 0x1c, 0xff, 0xf7, 0xdf, 0xff, 0xf7, 0xdf, 0xff, 0xf7, 0xdf, 0xff,
    0x63, 0xb0, 0xff, 0x11, 0x27, 0xff, 0x11, 0x27, 0xff, 0xa5, 0x56, 0xff, 0x11, 0x27, 0xff, 0x11, 0x27, 0xff, 0x11, 0x27, 0xff, 0x11, 0x27, 0xff,
    0x11, 0x27, 0xff, 0x11, 0x27, 0xff, 0x11, 0x27, 0xff, 0x11, 0x27, 0xff, 0x11, 0x27, 0xff, 0x11, 0x27, 0xff, 0x11, 0x27, 0xff, 0x11, 0x27, 0xff,
    0x11, 0x27, 0xff, 0x11, 0x27, 0xff, 0x84, 0x73, 0xff, 0xf7, 0xdf, 0xff, 0x94, 0xf5, 0xff, 0x11, 0x27, 0xff, 0x11, 0x27, 0xff, 0xad, 0xd8, 0xff,
    0xf7, 0xdf, 0xff, 0xf7, 0xdf, 0xff, 0xf7, 0xdf, 0xff, 0xf7, 0xdf, 0xff, 0x4a, 0xcd, 0xff, 0x11, 0x27, 0xff, 0x4a, 0xcd, 0xff, 0xdf, 0x1c, 0xff,
    0xa5, 0x56, 0xff, 0xa5, 0x56, 0xff, 0xa5, 0x56, 0xff, 0x11, 0x27, 0xff, 0x11, 0x27, 0xff, 0xad, 0xd8, 0xff, 0xf7, 0xdf, 0xff, 0xef, 0x7e, 0xff,
    0x19, 0x89, 0xff, 0x3a, 0x4c, 0xff, 0xdf, 0x1c, 0xff, 0xdf, 0x1c, 0xff, 0x19, 0x89, 0xff, 0x11, 0x27, 0xff, 0x11, 0x27, 0xff, 0x11, 0x27, 0xff,
    0x4a, 0xcd, 0xff, 0xbe, 0x39, 0xff, 0xdf, 0x1c, 0xff, 0x63, 0xb0, 0xff, 0x11, 0x27, 0xff, 0x11, 0x27, 0xff, 0x11, 0x27, 0xff, 0x11, 0x27, 0xff,
    0xad, 0xb8, 0xff, 0xf7, 0xdf, 0xff, 0xf7, 0xdf, 0xff, 0xf7, 0xdf, 0xff, 0x4a, 0xcd, 0xff, 0x11, 0x27, 0xff, 0x11, 0x27, 0xff, 0x11, 0x27, 0xff,
    0x11, 0x27, 0xff, 0x11, 0x27, 0xff, 0x11, 0x27, 0xff, 0x11, 0x27, 0xff, 0x11, 0x27, 0xff, 0x11, 0x27, 0xff, 0x11, 0x27, 0xff, 0x11, 0x27, 0xff,
    0x11, 0x27, 0xff, 0x11, 0x27, 0xff, 0xdf, 0x1c, 0xff, 0xf7, 0xdf, 0xff, 0xf7, 0xdf, 0xff, 0xef, 0x7e, 0xff, 0x29, 0xea, 0xff, 0x11, 0x27, 0xff,
    0x5b, 0x2f, 0xff, 0xa5, 0x56, 0xff, 0x11, 0x27, 0xff, 0x11, 0x27, 0xff, 0x11, 0x27, 0xff, 0x11, 0x27, 0xff, 0x11, 0x27, 0xff, 0x11, 0x27, 0xff,
    0x11, 0x27, 0xff, 0x11, 0x27, 0xff, 0x11, 0x27, 0xff, 0x11, 0x27, 0xff, 0x11, 0x27, 0xff, 0x11, 0x27, 0xff, 0x11, 0x27, 0xff, 0x11, 0x27, 0xff,
    0x84, 0x73, 0xff, 0xf7, 0xdf, 0xff, 0x19, 0x89, 0xff, 0x11, 0x27, 0xff, 0x29, 0xea, 0xff, 0xf7, 0xdf, 0xff, 0xf7, 0xdf, 0xff, 0xf7, 0xdf, 0xff,
    0xf7, 0xdf, 0xff, 0xf7, 0xdf, 0xff, 0x4a, 0xcd, 0xff, 0x11, 0x27, 0xff, 0x4a, 0xcd, 0xff, 0xef, 0x7e, 0xff, 0x19, 0x89, 0xff, 0x11, 0x27, 0xff,
    0x11, 0x27, 0xff, 0x11, 0x27, 0xff, 0x11, 0x27, 0xff, 0xdf, 0x1c, 0xff, 0xf7, 0xdf, 0xff, 0xf7, 0xdf, 0xff, 0xa5, 0x56, 0xff, 0xef, 0x7e, 0xff,
    0xf7, 0xdf, 0xff, 0xf7, 0xdf, 0xff, 0x84, 0x73, 0xff, 0x4a, 0xcd, 0xff, 0x94, 0xf5, 0xff, 0xef, 0x7e, 0xff, 0xf7, 0xdf, 0xff, 0xf7, 0xdf, 0xff,
    0xf7, 0xdf, 0xff, 0xf7, 0xdf, 0xff, 0xdf, 0x1c, 0xff, 0x84, 0x73, 0xff, 0x3a, 0x6c, 0xff, 0x63, 0xb0, 0xff, 0xf7, 0xdf, 0xff, 0xf7, 0xdf, 0xff,
    0xf7, 0xdf, 0xff, 0xf7, 0xdf, 0xff, 0x4a, 0xcd, 0xff, 0x11, 0x27, 0xff, 0x29, 0xea, 0xff, 0x84, 0x73, 0xff, 0x84, 0x73, 0xff, 0x84, 0x73, 0xff,
    0x84, 0x73, 0xff, 0x84, 0x73, 0xff, 0x84, 0x73, 0xff, 0x84, 0x73, 0xff, 0x84, 0x73, 0xff, 0x4a, 0xcd, 0xff, 0x11, 0x27, 0xff, 0x11, 0x27, 0xff,
    0xdf, 0x1c, 0xff, 0xf7, 0xdf, 0xff, 0xf7, 0xdf, 0xff, 0xf7, 0xdf, 0xff, 0xdf, 0x1c, 0xff, 0x29, 0xea, 0xff, 0xa5, 0x56, 0xff, 0xdf, 0x1c, 0xff,
    0xbe, 0x39, 0xff, 0xbe, 0x39, 0xff, 0xbe, 0x39, 0xff, 0xbe, 0x39, 0xff, 0xbe, 0x39, 0xff, 0xbe, 0x39, 0xff, 0xbe, 0x39, 0xff, 0xbe, 0x39, 0xff,
    0xbe, 0x39, 0xff, 0xbe, 0x39, 0xff, 0xbe, 0x39, 0xff, 0xbe, 0x39, 0xff, 0xbe, 0x39, 0xff, 0xbe, 0x39, 0xff, 0xdf, 0x1c, 0xff, 0xf7, 0xdf, 0xff,
    0xdf, 0x1c, 0xff, 0x29, 0xea, 0xff, 0xdf, 0x1c, 0xff, 0xf7, 0xdf, 0xff, 0xf7, 0xdf, 0xff, 0xf7, 0xdf, 0xff, 0xf7, 0xdf, 0xff, 0xf7, 0xdf, 0xff,
    0x74, 0x12, 0xff, 0x4a, 0xcd, 0xff, 0x74, 0x12, 0xff, 0xf7, 0xdf, 0xff, 0x5b, 0x2f, 0xff, 0x29, 0xea, 0xff, 0x29, 0xea, 0xff, 0x5b, 0x2f, 0xff,
    0xad, 0xb8, 0xff, 0xf7, 0xdf, 0xff, 0xf7, 0xdf, 0xff, 0xf7, 0xdf, 0xff, 0xf7, 0xdf, 0xff, 0xf7, 0xdf, 0xff, 0xf7, 0xdf, 0xff, 0xf7, 0xdf, 0xff,
    0xf7, 0xdf, 0xff, 0xf7, 0xdf, 0xff, 0xf7, 0xdf, 0xff, 0xf7, 0xdf, 0xff, 0xf7, 0xdf, 0xff, 0xf7, 0xdf, 0xff, 0xf7, 0xdf, 0xff, 0xf7, 0xdf, 0xff,
    0xf7, 0xdf, 0xff, 0xf7, 0xdf, 0xff, 0xf7, 0xdf, 0xff, 0xf7, 0xdf, 0xff, 0xf7, 0xdf, 0xff, 0xf7, 0xdf, 0xff, 0xf7, 0xdf, 0xff, 0xf7, 0xdf, 0xff,
    0xf7, 0xdf, 0xff, 0xf7, 0xdf, 0xff, 0xf7, 0xdf, 0xff, 0xf7, 0xdf, 0xff, 0xf7, 0xdf, 0xff, 0xf7, 0xdf, 0xff, 0xf7, 0xdf, 0xff, 0xf7, 0xdf, 0xff,
    0xf7, 0xdf, 0xff, 0xf7, 0xdf, 0xff, 0xf7, 0xdf, 0xff, 0xf7, 0xdf, 0xff, 0xf7, 0xdf, 0xff, 0xf7, 0xdf, 0xff, 0xf7, 0xdf, 0xff, 0xf7, 0xdf, 0xff,
    0xf7, 0xdf, 0xff, 0xf7, 0xdf, 0xff, 0xf7, 0xdf, 0xff, 0xf7, 0xdf, 0xff, 0xf7, 0xdf, 0xff, 0xf7, 0xdf, 0xff, 0xf7, 0xdf, 0xff, 0xf7, 0xdf, 0xff,
    0xf7, 0xdf, 0xff, 0xf7, 0xdf, 0xff, 0xf7, 0xdf, 0xff, 0xf7, 0xdf, 0xff, 0xf7, 0xdf, 0xff, 0xf7, 0xdf, 0xff, 0xf7, 0xdf, 0xff, 0xf7, 0xdf, 0xff,
    0xf7, 0xdf, 0xff, 0xf7, 0xdf, 0xff, 0xf7, 0xdf, 0xff, 0xf7, 0xdf, 0xff, 0xf7, 0xdf, 0xff, 0xf7, 0xdf, 0xff, 0xf7, 0xdf, 0xff, 0xef, 0x7e, 0xff,
    0xf7, 0xdf, 0xff, 0xf7, 0xdf, 0xff, 0xf7, 0xdf, 0xff, 0xf7, 0xdf, 0xff, 0xf7, 0xdf, 0xff, 0xf7, 0xdf, 0xff, 0xf7, 0xdf, 0xff, 0xf7, 0xdf, 0xff,
    0xf7, 0xdf, 0xff, 0xf7, 0xdf, 0xff, 0xf7, 0xdf, 0xff, 0xf7, 0xdf, 0xff, 0xf7, 0xdf, 0xff, 0xf7, 0xdf, 0xff, 0xf7, 0xdf, 0xff, 0xf7, 0xdf, 0xff,
};

const lv_img_dsc_t home_text_title_img = {
    .header.cf = LV_IMG_CF_TRUE_COLOR_ALPHA,
    .header.always_zero = 0,
    .header.reserved = 0,
    .header.w = 78,
    .header.h = 20,
    .data_size = 78 * 20 * LV_IMG_PX_SIZE_ALPHA_BYTE,
    .data = home_text_title_img_map,
};

static const LV_ATTRIBUTE_MEM_ALIGN LV_ATTRIBUTE_LARGE_CONST uint8_t home_text_view_img_map[] = {
    0xff, 0xff, 0xff, 0xff, 0xff, 0xff, 0xff, 0xff, 0xff, 0xff, 0xff, 0xff, 0xff, 0xff, 0xff, 0xff, 0xff, 0xff, 0xff, 0xff, 0xff, 0xff, 0xff, 0xff,
    0x4a, 0xcd, 0xff, 0x11, 0x27, 0xff, 0x6b, 0xb0, 0xff, 0xff, 0xff, 0xff, 0xff, 0xff, 0xff, 0xff, 0xff, 0xff, 0xff, 0xff, 0xff, 0xff, 0xff, 0xff,
    0xff, 0xff, 0xff, 0xff, 0xff, 0xff, 0xff, 0xff, 0xff, 0xff, 0xff, 0xff, 0xff, 0xff, 0xff, 0xf7, 0x9e, 0xff, 0xe7, 0x1c, 0xff, 0xe7, 0x1c, 0xff,
    0xe7, 0x1c, 0xff, 0xe7, 0x1c, 0xff, 0xd6, 0xbb, 0xff, 0xc6, 0x59, 0xff, 0xc6, 0x59, 0xff, 0xa5, 0x76, 0xff, 0xa5, 0x76, 0xff, 0x94, 0xf5, 0xff,
    0x84, 0x93, 0xff, 0x6b, 0xb0, 0xff, 0x5b, 0x4f, 0xff, 0x2a, 0x0a, 0xff, 0xc6, 0x59, 0xff, 0xff, 0xff, 0xff, 0xff, 0xff, 0xff, 0xff, 0xff, 0xff,
    0xff, 0xff, 0xff, 0xff, 0xff, 0xff, 0xff, 0xff, 0xff, 0xff, 0xff, 0xff, 0xff, 0xff, 0xff, 0xff, 0xff, 0xff, 0xff, 0xff, 0xff, 0x4a, 0xcd, 0xff,
    0x11, 0x27, 0xff, 0x6b, 0xb0, 0xff, 0xff, 0xff, 0xff, 0xff, 0xff, 0xff, 0xff, 0xff, 0xff, 0xff, 0xff, 0xff, 0xff, 0xff, 0xff, 0xff, 0xff, 0xff,
    0xff, 0xff, 0xff, 0xff, 0xff, 0xff, 0xff, 0xff, 0xff, 0xff, 0xff, 0xff, 0xf7, 0x9e, 0xff, 0x19, 0x89, 0xff, 0x11, 0x27, 0xff, 0x11, 0x27, 0xff,
    0x11, 0x27, 0xff, 0x11, 0x27, 0xff, 0x11, 0x27, 0xff, 0x11, 0x27, 0xff, 0x11, 0x27, 0xff, 0x11, 0x27, 0xff, 0x11, 0x27, 0xff, 0x11, 0x27, 0xff,
    0x11, 0x27, 0xff, 0x11, 0x27, 0xff, 0x11, 0x27, 0xff, 0x4a, 0xcd, 0xff, 0xf7, 0x9e, 0xff, 0xff, 0xff, 0xff, 0xc6, 0x59, 0xff, 0x4a, 0xcd, 0xff,
    0x4a, 0xcd, 0xff, 0x4a, 0xcd, 0xff, 0x4a, 0xcd, 0xff, 0x4a, 0xcd, 0xff, 0x4a, 0xcd, 0xff, 0x4a, 0xcd, 0xff, 0x19, 0x89, 0xff, 0x11, 0x27, 0xff,
    0x29, 0xea, 0xff, 0x4a, 0xcd, 0xff, 0x4a, 0xcd, 0xff, 0x4a, 0xcd, 0xff, 0x4a, 0xcd, 0xff, 0x4a, 0xcd, 0xff, 0x4a, 0xcd, 0xff, 0x4a, 0xcd, 0xff,
    0xa5, 0x76, 0xff, 0xff, 0xff, 0xff, 0xff, 0xff, 0xff, 0xff, 0xff, 0xff, 0x84, 0x93, 0xff, 0x6b, 0xb0, 0xff, 0x6b, 0xb0, 0xff, 0x6b, 0xb0, 0xff,
    0x6b, 0xb0, 0xff, 0x19, 0x89, 0xff, 0x11, 0x27, 0xff, 0x29, 0xea, 0xff, 0x84, 0x93, 0xff, 0xa5, 0x76, 0xff, 0xa5, 0x76, 0xff, 0xc6, 0x39, 0xff,
    0xe7, 0x1c, 0xff, 0xf7, 0x9e, 0xff, 0xff, 0xff, 0xff, 0xff, 0xff, 0xff, 0xff, 0xff, 0xff, 0xa5, 0x76, 0xff, 0x11, 0x27, 0xff, 0x11, 0x27, 0xff,
    0x11, 0x27, 0xff, 0x11, 0x27, 0xff, 0x11, 0x27, 0xff, 0x11, 0x27, 0xff, 0x11, 0x27, 0xff, 0x11, 0x27, 0xff, 0x11, 0x27, 0xff, 0x11, 0x27, 0xff,
    0x11, 0x27, 0xff, 0x11, 0x27, 0xff, 0x11, 0x27, 0xff, 0x11, 0x27, 0xff, 0x11, 0x27, 0xff, 0x11, 0x27, 0xff, 0x11, 0x27, 0xff, 0x84, 0x93, 0xff,
    0xff, 0xff, 0xff, 0xff, 0xff, 0xff, 0xff, 0xff, 0xff, 0x84, 0x93, 0xff, 0x84, 0x93, 0xff, 0x84, 0x93, 0xff, 0x84, 0x93, 0xff, 0x84, 0x93, 0xff,
    0x11, 0x27, 0xff, 0x11, 0x27, 0xff, 0x4a, 0xcd, 0xff, 0x84, 0x93, 0xff, 0x84, 0x93, 0xff, 0x84, 0x93, 0xff, 0x84, 0x93, 0xff, 0x84, 0x93, 0xff,
    0x84, 0x93, 0xff, 0x84, 0x93, 0xff, 0xd6, 0xbb, 0xff, 0xff, 0xff, 0xff, 0xe7, 0x1c, 0xff, 0xa5, 0x76, 0xff, 0xa5, 0x76, 0xff, 0xa5, 0x76, 0xff,
    0xa5, 0x76, 0xff, 0x4a, 0xcd, 0xff, 0x11, 0x27, 0xff, 0x11, 0x27, 0xff, 0x11, 0x27, 0xff, 0x11, 0x27, 0xff, 0x11, 0x27, 0xff, 0x11, 0x27, 0xff,
    0x11, 0x27, 0xff, 0x84, 0x93, 0xff, 0xa5, 0x76, 0xff, 0xa5, 0x76, 0xff, 0xa5, 0x76, 0xff, 0xa5, 0x76, 0xff, 0xd6, 0xbb, 0xff, 0xff, 0xff, 0xff,
    0xff, 0xff, 0xff, 0xff, 0xff, 0xff, 0x11, 0x27, 0xff, 0x11, 0x27, 0xff, 0x11, 0x27, 0xff, 0x11, 0x27, 0xff, 0x11, 0x27, 0xff, 0x11, 0x27, 0xff,
    0x11, 0x27, 0xff, 0x11, 0x27, 0xff, 0x11, 0x27, 0xff, 0x11, 0x27, 0xff, 0x11, 0x27, 0xff, 0x11, 0x27, 0xff, 0x11, 0x27, 0xff, 0x11, 0x27, 0xff,
    0x11, 0x27, 0xff, 0xa5, 0x76, 0xff, 0xff, 0xff, 0xff, 0xff, 0xff, 0xff, 0xff, 0xff, 0xff, 0xff, 0xff, 0xff, 0xff, 0xff, 0xff, 0x94, 0xf5, 0xff,
    0x11, 0x27, 0xff, 0x11, 0x27, 0xff, 0x4a, 0xcd, 0xff, 0x4a, 0xcd, 0xff, 0x11, 0x27, 0xff, 0x5b, 0x4f, 0xff, 0x3a, 0x6c, 0xff, 0x11, 0x27, 0xff,
    0x19, 0x89, 0xff, 0x94, 0xf5, 0xff, 0xff, 0xff, 0xff, 0xff, 0xff, 0xff, 0xff, 0xff, 0xff, 0xff, 0xff, 0xff, 0xff, 0xff, 0xff, 0xff, 0xff, 0xff,
    0xff, 0xff, 0xff, 0xc6, 0x39, 0xff, 0xc6, 0x39, 0xff, 0xc6, 0x39, 0xff, 0xc6, 0x39, 0xff, 0x19, 0x89, 0xff, 0x11, 0x27, 0xff, 0x3a, 0x6c, 0xff,
    0xc6, 0x39, 0xff, 0xc6, 0x39, 0xff, 0xc6, 0x39, 0xff, 0xc6, 0x39, 0xff, 0xc6, 0x39, 0xff, 0xc6, 0x39, 0xff, 0xc6, 0x39, 0xff, 0xc6, 0x39, 0xff,
    0xf7, 0x9e, 0xff, 0xff, 0xff, 0xff, 0xff, 0xff, 0xff, 0xff, 0xff, 0xff, 0xc6, 0x59, 0xff, 0x4a, 0xcd, 0xff, 0x11, 0x27, 0xff, 0x11, 0x27, 0xff,
    0x4a, 0xcd, 0xff, 0xf7, 0x9e, 0xff, 0x4a, 0xcd, 0xff, 0x11, 0x27, 0xff, 0x6b, 0xb0, 0xff, 0xf7, 0x9e, 0xff, 0x4a, 0xcd, 0xff, 0x11, 0x27, 0xff,
    0x11, 0x27, 0xff, 0x29, 0xea, 0xff, 0xc6, 0x59, 0xff, 0xff, 0xff, 0xff, 0xff, 0xff, 0xff, 0xff, 0xff, 0xff, 0xb5, 0xd8, 0xff, 0x2a, 0x0a, 0xff,
    0x2a, 0x0a, 0xff, 0x2a, 0x0a, 0xff, 0x2a, 0x0a, 0xff, 0x2a, 0x0a, 0xff, 0x11, 0x27, 0xff, 0x11, 0x27, 0xff, 0x19, 0x89, 0xff, 0x2a, 0x0a, 0xff,
    0x2a, 0x0a, 0xff, 0x2a, 0x0a, 0xff, 0x2a, 0x0a, 0xff, 0x2a, 0x0a, 0xff, 0x2a, 0x0a, 0xff, 0x2a, 0x0a, 0xff, 0x2a, 0x0a, 0xff, 0x2a, 0x0a, 0xff,
    0x94, 0xf5, 0xff, 0xc6, 0x59, 0xff, 0x4a, 0xcd, 0xff, 0x11, 0x27, 0xff, 0x11, 0x27, 0xff, 0x11, 0x27, 0xff, 0x7c, 0x12, 0xff, 0xff, 0xff, 0xff,
    0xff, 0xff, 0xff, 0x6b, 0xb0, 0xff, 0x29, 0xea, 0xff, 0x7c, 0x12, 0xff, 0xff, 0xff, 0xff, 0xff, 0xff, 0xff, 0x84, 0x93, 0xff, 0x11, 0x27, 0xff,
    0x11, 0x27, 0xff, 0x11, 0x27, 0xff, 0x29, 0xea, 0xff, 0xa5, 0x76, 0xff, 0xff, 0xff, 0xff, 0xa5, 0x76, 0xff, 0x11, 0x27, 0xff, 0x11, 0x27, 0xff,
    0x11, 0x27, 0xff, 0x11, 0x27, 0xff, 0x11, 0x27, 0xff, 0x11, 0x27, 0xff, 0x11, 0x27, 0xff, 0x11, 0x27, 0xff, 0x11, 0x27, 0xff, 0x11, 0x27, 0xff,
    0x11, 0x27, 0xff, 0x11, 0x27, 0xff, 0x11, 0x27, 0xff, 0x11, 0x27, 0xff, 0x11, 0x27, 0xff, 0x11, 0x27, 0xff, 0x11, 0x27, 0xff, 0x84, 0x93, 0xff,
    0x84, 0x93, 0xff, 0x11, 0x27, 0xff, 0x11, 0x27, 0xff, 0x11, 0x27, 0xff, 0x4a, 0xcd, 0xff, 0x84, 0x93, 0xff, 0x84, 0x93, 0xff, 0x84, 0x93, 0xff,
    0x84, 0x93, 0xff, 0x84, 0x93, 0xff, 0x84, 0x93, 0xff, 0x84, 0x93, 0xff, 0x84, 0x93, 0xff, 0x84, 0x93, 0xff, 0x5b, 0x2f, 0xff, 0x19, 0x89, 0xff,
    0x11, 0x27, 0xff, 0x11, 0x27, 0xff, 0xc6, 0x59, 0xff, 0xff, 0xff, 0xff, 0xff, 0xff, 0xff, 0xff, 0xff, 0xff, 0xff, 0xff, 0xff, 0xff, 0xff, 0xff,
    0x94, 0xf5, 0xff, 0x11, 0x27, 0xff, 0x11, 0x27, 0xff, 0x84, 0x93, 0xff, 0xe7, 0x1c, 0xff, 0xe7, 0x1c, 0xff, 0xe7, 0x1c, 0xff, 0xe7, 0x1c, 0xff,
    0xe7, 0x1c, 0xff, 0xe7, 0x1c, 0xff, 0xe7, 0x1c, 0xff, 0xe7, 0x1c, 0xff, 0xf7, 0x9e, 0xff, 0xff, 0xff, 0xff, 0xff, 0xff, 0xff, 0xff, 0xff, 0xff,
    0x94, 0xf5, 0xff, 0xa5, 0x76, 0xff, 0xa5, 0x76, 0xff, 0x11, 0x27, 0xff, 0x11, 0x27, 0xff, 0x11, 0x27, 0xff, 0x11, 0x27, 0xff, 0x11, 0x27, 0xff,
    0x11, 0x27, 0xff, 0x11, 0x27, 0xff, 0x11, 0x27, 0xff, 0x11, 0x27, 0xff, 0x11, 0x27, 0xff, 0x11, 0x27, 0xff, 0xc6, 0x59, 0xff, 0xc6, 0x39, 0xff,
    0x94, 0xf5, 0xff, 0xff, 0xff, 0xff, 0xff, 0xff, 0xff, 0xff, 0xff, 0xff, 0xff, 0xff, 0xff, 0xff, 0xff, 0xff, 0xe7, 0x3c, 0xff, 0x11, 0x27, 0xff,
    0x11, 0x27, 0xff, 0x11, 0x27, 0xff, 0x11, 0x27, 0xff, 0x11, 0x27, 0xff, 0x11, 0x27, 0xff, 0x11, 0x27, 0xff, 0x11, 0x27, 0xff, 0x11, 0x27, 0xff,
    0x11, 0x27, 0xff, 0x11, 0x27, 0xff, 0x11, 0x27, 0xff, 0x84, 0x93, 0xff, 0xff, 0xff, 0xff, 0xff, 0xff, 0xff, 0xff, 0xff, 0xff, 0xff, 0xff, 0xff,
    0xff, 0xff, 0xff, 0xa5, 0x76, 0xff, 0x11, 0x27, 0xff, 0x11, 0x27, 0xff, 0xe7, 0x1c, 0xff, 0xe7, 0x1c, 0xff, 0xe7, 0x1c, 0xff, 0xe7, 0x1c, 0xff,
    0xe7, 0x1c, 0xff, 0xe7, 0x1c, 0xff, 0xa5, 0x76, 0xff, 0x11, 0x27, 0xff, 0x11, 0x27, 0xff, 0xc6, 0x59, 0xff, 0xff, 0xff, 0xff, 0xff, 0xff, 0xff,
    0xff, 0xff, 0xff, 0xff, 0xff, 0xff, 0xff, 0xff, 0xff, 0xff, 0xff, 0xff, 0xe7, 0x3c, 0xff, 0x29, 0xea, 0xff, 0x11, 0x27, 0xff, 0x11, 0x27, 0xff,
    0x19, 0x89, 0xff, 0x6b, 0xb0, 0xff, 0x6b, 0xb0, 0xff, 0x6b, 0xb0, 0xff, 0x6b, 0xb0, 0xff, 0x6b, 0xb0, 0xff, 0x6b, 0xb0, 0xff, 0x6b, 0xb0, 0xff,
    0x19, 0x89, 0xff, 0x11, 0x27, 0xff, 0x84, 0x93, 0xff, 0xff, 0xff, 0xff, 0xff, 0xff, 0xff, 0xff, 0xff, 0xff, 0xff, 0xff, 0xff, 0xff, 0xff, 0xff,
    0xa5, 0x76, 0xff, 0x11, 0x27, 0xff, 0x11, 0x27, 0xff, 0x2a, 0x0a, 0xff, 0x2a, 0x0a, 0xff, 0x2a, 0x0a, 0xff, 0x2a, 0x0a, 0xff, 0x2a, 0x0a, 0xff,
    0x2a, 0x0a, 0xff, 0x2a, 0x0a, 0xff, 0x11, 0x27, 0xff, 0x11, 0x27, 0xff, 0xc6, 0x59, 0xff, 0xff, 0xff, 0xff, 0xff, 0xff, 0xff, 0xff, 0xff, 0xff,
    0xff, 0xff, 0xff, 0xff, 0xff, 0xff, 0xc6, 0x59, 0xff, 0x29, 0xea, 0xff, 0x11, 0x27, 0xff, 0x11, 0x27, 0xff, 0x11, 0x27, 0xff, 0x19, 0x89, 0xff,
    0x84, 0x93, 0xff, 0x84, 0x93, 0xff, 0x84, 0x93, 0xff, 0x84, 0x93, 0xff, 0x84, 0x93, 0xff, 0x84, 0x93, 0xff, 0x84, 0x93, 0xff, 0x19, 0x89, 0xff,
    0x11, 0x27, 0xff, 0x84, 0x93, 0xff, 0xff, 0xff, 0xff, 0xff, 0xff, 0xff, 0xff, 0xff, 0xff, 0xff, 0xff, 0xff, 0xff, 0xff, 0xff, 0xa5, 0x76, 0xff,
    0x11, 0x27, 0xff, 0x11, 0x27, 0xff, 0x6b, 0xb0, 0xff, 0x6b, 0xb0, 0xff, 0x6b, 0xb0, 0xff, 0x6b, 0xb0, 0xff, 0x6b, 0xb0, 0xff, 0x6b, 0xb0, 0xff,
    0x4a, 0xcd, 0xff, 0x11, 0x27, 0xff, 0x11, 0x27, 0xff, 0xc6, 0x59, 0xff, 0xff, 0xff, 0xff, 0xff, 0xff, 0xff, 0xff, 0xff, 0xff, 0xff, 0xff, 0xff,
    0x7c, 0x32, 0xff, 0x11, 0x27, 0xff, 0x11, 0x27, 0xff, 0x11, 0x27, 0xff, 0x5b, 0x4f, 0xff, 0x11, 0x27, 0xff, 0x11, 0x27, 0xff, 0x11, 0x27, 0xff,
    0x11, 0x27, 0xff, 0x11, 0x27, 0xff, 0x11, 0x27, 0xff, 0x11, 0x27, 0xff, 0x11, 0x27, 0xff, 0x11, 0x27, 0xff, 0x11, 0x27, 0xff, 0x11, 0x27, 0xff,
    0x84, 0x93, 0xff, 0xff, 0xff, 0xff, 0xff, 0xff, 0xff, 0xff, 0xff, 0xff, 0xff, 0xff, 0xff, 0xff, 0xff, 0xff, 0xa5, 0x76, 0xff, 0x11, 0x27, 0xff,
    0x11, 0x27, 0xff, 0xa5, 0x76, 0xff, 0xa5, 0x76, 0xff, 0xa5, 0x76, 0xff, 0xa5, 0x76, 0xff, 0xa5, 0x76, 0xff, 0xa5, 0x76, 0xff, 0x84, 0x93, 0xff,
    0x11, 0x27, 0xff, 0x11, 0x27, 0xff, 0xc6, 0x59, 0xff, 0xff, 0xff, 0xff, 0xff, 0xff, 0xff, 0xff, 0xff, 0xff, 0xff, 0xff, 0xff, 0xa5, 0x76, 0xff,
    0x11, 0x27, 0xff, 0x29, 0xea, 0xff, 0xc6, 0x59, 0xff, 0xa5, 0x76, 0xff, 0x11, 0x27, 0xff, 0x29, 0xea, 0xff, 0xe7, 0x1c, 0xff, 0xe7, 0x1c, 0xff,
    0xe7, 0x1c, 0xff, 0xe7, 0x1c, 0xff, 0xe7, 0x1c, 0xff, 0xe7, 0x1c, 0xff, 0xe7, 0x1c, 0xff, 0x29, 0xea, 0xff, 0x11, 0x27, 0xff, 0x84, 0x93, 0xff,
    0xff, 0xff, 0xff, 0xff, 0xff, 0xff, 0xff, 0xff, 0xff, 0xff, 0xff, 0xff, 0xff, 0xff, 0xff, 0xa5, 0x76, 0xff, 0x11, 0x27, 0xff, 0x11, 0x27, 0xff,
    0x11, 0x27, 0xff, 0x11, 0x27, 0xff, 0x11, 0x27, 0xff, 0x11, 0x27, 0xff, 0x11, 0x27, 0xff, 0x11, 0x27, 0xff, 0x11, 0x27, 0xff, 0x11, 0x27, 0xff,
    0x11, 0x27, 0xff, 0xc6, 0x59, 0xff, 0xff, 0xff, 0xff, 0xff, 0xff, 0xff, 0xff, 0xff, 0xff, 0xff, 0xff, 0xff, 0xff, 0xff, 0xff, 0xa5, 0x76, 0xff,
    0xf7, 0x9e, 0xff, 0xff, 0xff, 0xff, 0xa5, 0x76, 0xff, 0x11, 0x27, 0xff, 0x11, 0x27, 0xff, 0x11, 0x27, 0xff, 0x11, 0x27, 0xff, 0x11, 0x27, 0xff,
    0x11, 0x27, 0xff, 0x11, 0x27, 0xff, 0x11, 0x27, 0xff, 0x11, 0x27, 0xff, 0x11, 0x27, 0xff, 0x11, 0x27, 0xff, 0x84, 0x93, 0xff, 0xff, 0xff, 0xff,
    0xff, 0xff, 0xff, 0xff, 0xff, 0xff, 0xff, 0xff, 0xff, 0xff, 0xff, 0xff, 0xe7, 0x1c, 0xff, 0xc6, 0x39, 0xff, 0xc6, 0x39, 0xff, 0xc6, 0x39, 0xff,
    0xc6, 0x39, 0xff, 0xc6, 0x39, 0xff, 0xc6, 0x39, 0xff, 0xc6, 0x39, 0xff, 0xc6, 0x39, 0xff, 0xc6, 0x39, 0xff, 0xc6, 0x39, 0xff, 0xc6, 0x39, 0xff,
    0xf7, 0x9e, 0xff, 0xff, 0xff, 0xff, 0xff, 0xff, 0xff, 0xff, 0xff, 0xff, 0xff, 0xff, 0xff, 0xff, 0xff, 0xff, 0xff, 0xff, 0xff, 0xff, 0xff, 0xff,
    0xff, 0xff, 0xff, 0xa5, 0x76, 0xff, 0x11, 0x27, 0xff, 0x19, 0x89, 0xff, 0xa5, 0x76, 0xff, 0xa5, 0x76, 0xff, 0xa5, 0x76, 0xff, 0xa5, 0x76, 0xff,
    0xa5, 0x76, 0xff, 0xa5, 0x76, 0xff, 0xa5, 0x76, 0xff, 0x19, 0x89, 0xff, 0x11, 0x27, 0xff, 0x84, 0x93, 0xff, 0xff, 0xff, 0xff, 0xff, 0xff, 0xff,
    0xc6, 0x39, 0xff, 0x2a, 0x0a, 0xff, 0x2a, 0x0a, 0xff, 0x2a, 0x0a, 0xff, 0x2a, 0x0a, 0xff, 0x2a, 0x0a, 0xff, 0x2a, 0x0a, 0xff, 0x2a, 0x0a, 0xff,
    0x2a, 0x0a, 0xff, 0x2a, 0x0a, 0xff, 0x2a, 0x0a, 0xff, 0x2a, 0x0a, 0xff, 0x2a, 0x0a, 0xff, 0x2a, 0x0a, 0xff, 0x2a, 0x0a, 0xff, 0x2a, 0x0a, 0xff,
    0x2a, 0x0a, 0xff, 0x2a, 0x0a, 0xff, 0xb5, 0xd8, 0xff, 0xff, 0xff, 0xff, 0xff, 0xff, 0xff, 0xff, 0xff, 0xff, 0xff, 0xff, 0xff, 0xff, 0xff, 0xff,
    0xa5, 0x76, 0xff, 0x11, 0x27, 0xff, 0x19, 0x89, 0xff, 0x4a, 0xcd, 0xff, 0x4a, 0xcd, 0xff, 0x4a, 0xcd, 0xff, 0x4a, 0xcd, 0xff, 0x4a, 0xcd, 0xff,
    0x4a, 0xcd, 0xff, 0x4a, 0xcd, 0xff, 0x11, 0x27, 0xff, 0x11, 0x27, 0xff, 0x84, 0x93, 0xff, 0xff, 0xff, 0xff, 0xff, 0xff, 0xff, 0xc6, 0x39, 0xff,
    0x11, 0x27, 0xff, 0x11, 0x27, 0xff, 0x11, 0x27, 0xff, 0x11, 0x27, 0xff, 0x11, 0x27, 0xff, 0x11, 0x27, 0xff, 0x11, 0x27, 0xff, 0x11, 0x27, 0xff,
    0x11, 0x27, 0xff, 0x11, 0x27, 0xff, 0x11, 0x27, 0xff, 0x11, 0x27, 0xff, 0x11, 0x27, 0xff, 0x11, 0x27, 0xff, 0x11, 0x27, 0xff, 0x11, 0x27, 0xff,
    0x11, 0x27, 0xff, 0xa5, 0x76, 0xff, 0xff, 0xff, 0xff, 0xff, 0xff, 0xff, 0xff, 0xff, 0xff, 0xff, 0xff, 0xff, 0xff, 0xff, 0xff, 0xa5, 0x76, 0xff,
    0x11, 0x27, 0xff, 0x11, 0x27, 0xff, 0x11, 0x27, 0xff, 0x11, 0x27, 0xff, 0x11, 0x27, 0xff, 0x11, 0x27, 0xff, 0x11, 0x27, 0xff, 0x11, 0x27, 0xff,
    0x11, 0x27, 0xff, 0x11, 0x27, 0xff, 0x11, 0x27, 0xff, 0x84, 0x93, 0xff, 0xff, 0xff, 0xff, 0xff, 0xff, 0xff, 0xf7, 0x9e, 0xff, 0xc6, 0x39, 0xff,
    0xc6, 0x39, 0xff, 0xc6, 0x39, 0xff, 0xc6, 0x39, 0xff, 0xc6, 0x39, 0xff, 0xc6, 0x39, 0xff, 0xc6, 0x39, 0xff, 0xc6, 0x39, 0xff, 0xc6, 0x39, 0xff,
    0xc6, 0x39, 0xff, 0xc6, 0x39, 0xff, 0xc6, 0x39, 0xff, 0xc6, 0x39, 0xff, 0xc6, 0x39, 0xff, 0xc6, 0x39, 0xff, 0xc6, 0x39, 0xff, 0xc6, 0x39, 0xff,
    0xf7, 0x9e, 0xff, 0xff, 0xff, 0xff, 0xff, 0xff, 0xff, 0xff, 0xff, 0xff, 0xff, 0xff, 0xff, 0xff, 0xff, 0xff, 0xb5, 0xd8, 0xff, 0x29, 0xea, 0xff,
    0x4a, 0xcd, 0xff, 0xe7, 0x1c, 0xff, 0xe7, 0x1c, 0xff, 0xe7, 0x1c, 0xff, 0xe7, 0x1c, 0xff, 0xe7, 0x1c, 0xff, 0xe7, 0x1c, 0xff, 0xe7, 0x1c, 0xff,
    0x4a, 0xcd, 0xff, 0x29, 0xea, 0xff, 0x94, 0xf5, 0xff, 0xff, 0xff, 0xff, 0xff, 0xff, 0xff,
};

const lv_img_dsc_t home_text_view_img = {
    .header.cf = LV_IMG_CF_TRUE_COLOR_ALPHA,
    .header.always_zero = 0,
    .header.reserved = 0,
    .header.w = 39,
    .header.h = 19,
    .data_size = 39 * 19 * LV_IMG_PX_SIZE_ALPHA_BYTE,
    .data = home_text_view_img_map,
};

static const LV_ATTRIBUTE_MEM_ALIGN LV_ATTRIBUTE_LARGE_CONST uint8_t home_text_view_desc_img_map[] = {
    0xff, 0xff, 0xff, 0xc6, 0x5a, 0xff, 0xef, 0x7e, 0xff, 0xff, 0xff, 0xff, 0xde, 0xfc, 0xff, 0xc6, 0x7a, 0xff, 0xc6, 0x7a, 0xff, 0xc6, 0x7a, 0xff,
    0xc6, 0x7a, 0xff, 0xc6, 0x7a, 0xff, 0xc6, 0x7a, 0xff, 0xc6, 0x7a, 0xff, 0xde, 0xfc, 0xff, 0xff, 0xff, 0xff, 0xff, 0xff, 0xff, 0xff, 0xff, 0xff,
    0xff, 0xff, 0xff, 0xff, 0xff, 0xff, 0xff, 0xff, 0xff, 0xbe, 0x19, 0xff, 0x6b, 0xf2, 0xff, 0xde, 0xfc, 0xff, 0xff, 0xff, 0xff, 0xff, 0xff, 0xff,
    0xff, 0xff, 0xff, 0xff, 0xff, 0xff, 0xff, 0xff, 0xff, 0xff, 0xff, 0xff, 0xff, 0xff, 0xff, 0xc6, 0x7a, 0xff, 0xde, 0xfc, 0xff, 0xde, 0xfc, 0xff,
    0x74, 0x33, 0xff, 0xce, 0xbb, 0xff, 0xff, 0xff, 0xff, 0xe7, 0x3d, 0xff, 0x95, 0x15, 0xff, 0xe7, 0x3d, 0xff, 0xff, 0xff, 0xff, 0xff, 0xff, 0xff,
    0xff, 0xff, 0xff, 0xff, 0xff, 0xff, 0xff, 0xff, 0xff, 0xff, 0xff, 0xff, 0xff, 0xff, 0xff, 0xff, 0xff, 0xff, 0xff, 0xff, 0xff, 0xff, 0xff, 0xff,
    0xff, 0xff, 0xff, 0xff, 0xff, 0xff, 0xff, 0xff, 0xff, 0xef, 0x7e, 0xff, 0xb5, 0xd8, 0xff, 0xb5, 0xd8, 0xff, 0xff, 0xff, 0xff, 0xe7, 0x3d, 0xff,
    0x63, 0xb1, 0xff, 0x74, 0x33, 0xff, 0xef, 0x7e, 0xff, 0x9d, 0x56, 0xff, 0x63, 0xb1, 0xff, 0x63, 0xb1, 0xff, 0x63, 0xb1, 0xff, 0x63, 0xb1, 0xff,
    0x63, 0xb1, 0xff, 0x63, 0xb1, 0xff, 0x63, 0xb1, 0xff, 0x9d, 0x56, 0xff, 0xff, 0xff, 0xff, 0xff, 0xff, 0xff, 0x8c, 0xd4, 0xff, 0x8c, 0xd4, 0xff,
    0x8c, 0xd4, 0xff, 0x8c, 0xd4, 0xff, 0x74, 0x33, 0xff, 0x63, 0xb1, 0xff, 0x74, 0x33, 0xff, 0x8c, 0xd4, 0xff, 0x8c, 0xd4, 0xff, 0x8c, 0xd4, 0xff,
    0x8c, 0xd4, 0xff, 0xef, 0x7e, 0xff, 0xff, 0xff, 0xff, 0xff, 0xff, 0xff, 0x63, 0xb1, 0xff, 0x9d, 0x56, 0xff, 0xde, 0xfc, 0xff, 0x63, 0xb1, 0xff,
    0xc6, 0x5a, 0xff, 0xff, 0xff, 0xff, 0xad, 0x97, 0xff, 0x63, 0xb1, 0xff, 0xe7, 0x3d, 0xff, 0xff, 0xff, 0xff, 0xff, 0xff, 0xff, 0xff, 0xff, 0xff,
    0xff, 0xff, 0xff, 0xc6, 0x5a, 0xff, 0x9d, 0x56, 0xff, 0x9d, 0x56, 0xff, 0x9d, 0x56, 0xff, 0xad, 0x97, 0xff, 0xff, 0xff, 0xff, 0xc6, 0x5a, 0xff,
    0x9d, 0x56, 0xff, 0x74, 0x33, 0xff, 0x63, 0xb1, 0xff, 0x63, 0xb1, 0xff, 0x6b, 0xf2, 0xff, 0xe7, 0x3d, 0xff, 0xff, 0xff, 0xff, 0xe7, 0x3d, 0xff,
    0x6b, 0xf2, 0xff, 0x8c, 0xd4, 0xff, 0xf7, 0xbf, 0xff, 0xef, 0x7e, 0xff, 0xe7, 0x3d, 0xff, 0x63, 0xb1, 0xff, 0x9d, 0x56, 0xff, 0xef, 0x7e, 0xff,
    0xef, 0x7e, 0xff, 0xef, 0x7e, 0xff, 0xf7, 0xbf, 0xff, 0xff, 0xff, 0xff, 0xff, 0xff, 0xff, 0x8c, 0xb4, 0xff, 0x8c, 0xb4, 0xff, 0x74, 0x33, 0xff,
    0x74, 0x33, 0xff, 0x8c, 0xb4, 0xff, 0x8c, 0xb4, 0xff, 0x8c, 0xb4, 0xff, 0x84, 0x73, 0xff, 0x6b, 0xf2, 0xff, 0x8c, 0xb4, 0xff, 0x8c, 0xb4, 0xff,
    0xf7, 0xbf, 0xff, 0xff, 0xff, 0xff, 0xff, 0xff, 0xff, 0x63, 0xb1, 0xff, 0x9d, 0x56, 0xff, 0xde, 0xfc, 0xff, 0x63, 0xb1, 0xff, 0xc6, 0x5a, 0xff,
    0xff, 0xff, 0xff, 0x74, 0x33, 0xff, 0x63, 0xb1, 0xff, 0x63, 0xb1, 0xff, 0x63, 0xb1, 0xff, 0x63, 0xb1, 0xff, 0x8c, 0xd4, 0xff, 0xff, 0xff, 0xff,
    0x9d, 0x56, 0xff, 0x63, 0xb1, 0xff, 0x63, 0xb1, 0xff, 0x63, 0xb1, 0xff, 0x74, 0x33, 0xff, 0xff, 0xff, 0xff, 0x74, 0x33, 0xff, 0x63, 0xb1, 0xff,
    0x95, 0x15, 0xff, 0xb5, 0xd8, 0xff, 0xde, 0xfc, 0xff, 0xff, 0xff, 0xff, 0xff, 0xff, 0xff, 0xff, 0xff, 0xff, 0xff, 0xff, 0xff, 0xce, 0xbb, 0xff,
    0xef, 0x7e, 0xff, 0xef, 0x7e, 0xff, 0x74, 0x33, 0xff, 0x74, 0x33, 0xff, 0x63, 0xb1, 0xff, 0x6b, 0xf2, 0xff, 0x74, 0x33, 0xff, 0x74, 0x33, 0xff,
    0x9d, 0x56, 0xff, 0xff, 0xff, 0xff, 0xff, 0xff, 0xff, 0xff, 0xff, 0xff, 0xff, 0xff, 0xff, 0xf7, 0xbe, 0xff, 0x6b, 0xf2, 0xff, 0x8c, 0xd4, 0xff,
    0xff, 0xff, 0xff, 0xff, 0xff, 0xff, 0xff, 0xff, 0xff, 0x9d, 0x56, 0xff, 0x63, 0xb1, 0xff, 0xc6, 0x5a, 0xff, 0xff, 0xff, 0xff, 0xff, 0xff, 0xff,
    0xff, 0xff, 0xff, 0xff, 0xff, 0xff, 0x63, 0xb1, 0xff, 0x9d, 0x56, 0xff, 0xde, 0xfc, 0xff, 0x63, 0xb1, 0xff, 0xc6, 0x5a, 0xff, 0xc6, 0x5a, 0xff,
    0x63, 0xb1, 0xff, 0x9d, 0x56, 0xff, 0xb5, 0xd8, 0xff, 0xb5, 0xd8, 0xff, 0xb5, 0xd8, 0xff, 0xc6, 0x5a, 0xff, 0xff, 0xff, 0xff, 0x9d, 0x56, 0xff,
    0x63, 0xb1, 0xff, 0xff, 0xff, 0xff, 0x74, 0x33, 0xff, 0x74, 0x33, 0xff, 0xff, 0xff, 0xff, 0x74, 0x33, 0xff, 0x74, 0x33, 0xff, 0xff, 0xff, 0xff,
    0xff, 0xff, 0xff, 0xff, 0xff, 0xff, 0xff, 0xff, 0xff, 0xff, 0xff, 0xff, 0xb5, 0xd8, 0xff, 0xb5, 0xd8, 0xff, 0xb5, 0xd8, 0xff, 0xef, 0x7e, 0xff,
    0xf7, 0xbe, 0xff, 0x9d, 0x56, 0xff, 0x84, 0x74, 0xff, 0x63, 0xb1, 0xff, 0x95, 0x15, 0xff, 0x9d, 0x56, 0xff, 0x6b, 0xf2, 0xff, 0x95, 0x15, 0xff,
    0xff, 0xff, 0xff, 0xff, 0xff, 0xff, 0xc6, 0x5a, 0xff, 0xb5, 0xd8, 0xff, 0xb5, 0xd8, 0xff, 0x6b, 0xf2, 0xff, 0x63, 0xb1, 0xff, 0xa5, 0x97, 0xff,
    0xb5, 0xd8, 0xff, 0xb5, 0xd8, 0xff, 0x74, 0x33, 0xff, 0x63, 0xb1, 0xff, 0xb5, 0xd8, 0xff, 0xb5, 0xd8, 0xff, 0xbe, 0x19, 0xff, 0xff, 0xff, 0xff,
    0xff, 0xff, 0xff, 0x63, 0xb1, 0xff, 0x9d, 0x56, 0xff, 0xde, 0xfc, 0xff, 0x63, 0xb1, 0xff, 0xbe, 0x19, 0xff, 0x74, 0x33, 0xff, 0x74, 0x33, 0xff,
    0xce, 0xbb, 0xff, 0x74, 0x33, 0xff, 0xb5, 0xd8, 0xff, 0xff, 0xff, 0xff, 0xff, 0xff, 0xff, 0xff, 0xff, 0xff, 0x9d, 0x56, 0xff, 0x63, 0xb1, 0xff,
    0xff, 0xff, 0xff, 0x74, 0x33, 0xff, 0x74, 0x33, 0xff, 0xff, 0xff, 0xff, 0x74, 0x33, 0xff, 0x6b, 0xf2, 0xff, 0xc6, 0x7a, 0xff, 0xc6, 0x7a, 0xff,
    0xc6, 0x7a, 0xff, 0xc6, 0x7a, 0xff, 0xce, 0xbb, 0xff, 0x63, 0xb1, 0xff, 0x63, 0xb1, 0xff, 0x63, 0xb1, 0xff, 0xde, 0xfc, 0xff, 0xef, 0x7e, 0xff,
    0xef, 0x7e, 0xff, 0x8c, 0xb4, 0xff, 0x6b, 0xf2, 0xff, 0xef, 0x7e, 0xff, 0xef, 0x7e, 0xff, 0x63, 0xb1, 0xff, 0x95, 0x15, 0xff, 0xef, 0x7e, 0xff,
    0xff, 0xff, 0xff, 0x8c, 0xb4, 0xff, 0x63, 0xb1, 0xff, 0x63, 0xb1, 0xff, 0x63, 0xb1, 0xff, 0x63, 0xb1, 0xff, 0x63, 0xb1, 0xff, 0x63, 0xb1, 0xff,
    0x63, 0xb1, 0xff, 0x63, 0xb1, 0xff, 0x63, 0xb1, 0xff, 0x63, 0xb1, 0xff, 0x63, 0xb1, 0xff, 0x74, 0x33, 0xff, 0xff, 0xff, 0xff, 0xff, 0xff, 0xff,
    0x63, 0xb1, 0xff, 0x9d, 0x56, 0xff, 0xde, 0xfc, 0xff, 0x63, 0xb1, 0xff, 0xa5, 0x97, 0xff, 0x74, 0x33, 0xff, 0xc6, 0x5a, 0xff, 0xf7, 0xbe, 0xff,
    0x84, 0x74, 0xff, 0x63, 0xb1, 0xff, 0xb5, 0xd8, 0xff, 0xff, 0xff, 0xff, 0xff, 0xff, 0xff, 0x9d, 0x56, 0xff, 0x63, 0xb1, 0xff, 0xff, 0xff, 0xff,
    0x74, 0x33, 0xff, 0x74, 0x33, 0xff, 0xff, 0xff, 0xff, 0x74, 0x33, 0xff, 0x63, 0xb1, 0xff, 0x63, 0xb1, 0xff, 0x63, 0xb1, 0xff, 0x63, 0xb1, 0xff,
    0x63, 0xb1, 0xff, 0x74, 0x33, 0xff, 0xff, 0xff, 0xff, 0xc6, 0x7a, 0xff, 0x63, 0xb1, 0xff, 0xc6, 0x7a, 0xff, 0x63, 0xb1, 0xff, 0x63, 0xb1, 0xff,
    0x63, 0xb1, 0xff, 0x63, 0xb1, 0xff, 0x63, 0xb1, 0xff, 0x63, 0xb1, 0xff, 0x63, 0xb1, 0xff, 0x63, 0xb1, 0xff, 0x63, 0xb1, 0xff, 0xef, 0x7e, 0xff,
    0xff, 0xff, 0xff, 0xff, 0xff, 0xff, 0xef, 0x7e, 0xff, 0xef, 0x7e, 0xff, 0xef, 0x7e, 0xff, 0xef, 0x7e, 0xff, 0xef, 0x7e, 0xff, 0xef, 0x7e, 0xff,
    0xef, 0x7e, 0xff, 0xef, 0x7e, 0xff, 0xef, 0x7e, 0xff, 0xff, 0xff, 0xff, 0xff, 0xff, 0xff, 0xff, 0xff, 0xff, 0xff, 0xff, 0xff, 0x9d, 0x56, 0xff,
    0xc6, 0x5a, 0xff, 0xde, 0xfc, 0xff, 0x63, 0xb1, 0xff, 0xc6, 0x5a, 0xff, 0xf7, 0xbf, 0xff, 0xff, 0xff, 0xff, 0xff, 0xff, 0xff, 0xf7, 0xbe, 0xff,
    0x84, 0x74, 0xff, 0x9d, 0x56, 0xff, 0xff, 0xff, 0xff, 0xff, 0xff, 0xff, 0x9d, 0x56, 0xff, 0x63, 0xb1, 0xff, 0xff, 0xff, 0xff, 0x74, 0x33, 0xff,
    0x74, 0x33, 0xff, 0xff, 0xff, 0xff, 0x63, 0xb1, 0xff, 0x84, 0x74, 0xff, 0xde, 0xfc, 0xff, 0xbe, 0x19, 0xff, 0x63, 0xb1, 0xff, 0xa5, 0x97, 0xff,
    0xe7, 0x3d, 0xff, 0xff, 0xff, 0xff, 0xc6, 0x7a, 0xff, 0x63, 0xb1, 0xff, 0xce, 0xbb, 0xff, 0xc6, 0x7a, 0xff, 0xc6, 0x7a, 0xff, 0xc6, 0x7a, 0xff,
    0xc6, 0x7a, 0xff, 0xc6, 0x7a, 0xff, 0xc6, 0x7a, 0xff, 0xc6, 0x7a, 0xff, 0xc6, 0x7a, 0xff, 0xc6, 0x7a, 0xff, 0xf7, 0xbf, 0xff, 0xff, 0xff, 0xff,
    0xff, 0xff, 0xff, 0x63, 0xb1, 0xff, 0x63, 0xb1, 0xff, 0x63, 0xb1, 0xff, 0x63, 0xb1, 0xff, 0x63, 0xb1, 0xff, 0x63, 0xb1, 0xff, 0x63, 0xb1, 0xff,
    0x63, 0xb1, 0xff, 0x63, 0xb1, 0xff, 0xde, 0xfc, 0xff, 0xff, 0xff, 0xff, 0xff, 0xff, 0xff, 0xff, 0xff, 0xff, 0xe7, 0x3d, 0xff, 0xc6, 0x7a, 0xff,
    0xc6, 0x7a, 0xff, 0xc6, 0x7a, 0xff, 0xc6, 0x7a, 0xff, 0xc6, 0x7a, 0xff, 0xc6, 0x7a, 0xff, 0xc6, 0x7a, 0xff, 0xc6, 0x7a, 0xff, 0xbe, 0x19, 0xff,
    0xde, 0xfc, 0xff, 0xff, 0xff, 0xff, 0xff, 0xff, 0xff, 0x9d, 0x56, 0xff, 0x63, 0xb1, 0xff, 0xff, 0xff, 0xff, 0x74, 0x33, 0xff, 0x74, 0x33, 0xff,
    0xff, 0xff, 0xff, 0x63, 0xb1, 0xff, 0x8c, 0xd4, 0xff, 0xff, 0xff, 0xff, 0xde, 0xfc, 0xff, 0x63, 0xb1, 0xff, 0xc6, 0x5a, 0xff, 0xff, 0xff, 0xff,
    0xff, 0xff, 0xff, 0xc6, 0x7a, 0xff, 0x63, 0xb1, 0xff, 0xde, 0xfc, 0xff, 0xff, 0xff, 0xff, 0x74, 0x33, 0xff, 0x74, 0x33, 0xff, 0x74, 0x33, 0xff,
    0x74, 0x33, 0xff, 0x74, 0x33, 0xff, 0x74, 0x33, 0xff, 0x74, 0x33, 0xff, 0xef, 0x7e, 0xff, 0xff, 0xff, 0xff, 0xff, 0xff, 0xff, 0xff, 0xff, 0xff,
    0x63, 0xb1, 0xff, 0x8c, 0xd4, 0xff, 0xde, 0xfc, 0xff, 0xde, 0xfc, 0xff, 0xde, 0xfc, 0xff, 0xde, 0xfc, 0xff, 0xde, 0xfc, 0xff, 0x9d, 0x56, 0xff,
    0x63, 0xb1, 0xff, 0xde, 0xfc, 0xff, 0xff, 0xff, 0xff, 0xff, 0xff, 0xff, 0xff, 0xff, 0xff, 0xb5, 0xd8, 0xff, 0x63, 0xb1, 0xff, 0x63, 0xb1, 0xff,
    0x63, 0xb1, 0xff, 0x63, 0xb1, 0xff, 0x63, 0xb1, 0xff, 0x63, 0xb1, 0xff, 0x63, 0xb1, 0xff, 0x63, 0xb1, 0xff, 0x63, 0xb1, 0xff, 0x9d, 0x56, 0xff,
    0xff, 0xff, 0xff, 0xff, 0xff, 0xff, 0x9d, 0x56, 0xff, 0x63, 0xb1, 0xff, 0x74, 0x33, 0xff, 0x63, 0xb1, 0xff, 0x74, 0x33, 0xff, 0xef, 0x7e, 0xff,
    0x63, 0xb1, 0xff, 0x95, 0x15, 0xff, 0xff, 0xff, 0xff, 0xde, 0xfc, 0xff, 0x63, 0xb1, 0xff, 0xc6, 0x5a, 0xff, 0xff, 0xff, 0xff, 0xff, 0xff, 0xff,
    0xc6, 0x7a, 0xff, 0x63, 0xb1, 0xff, 0xce, 0xbb, 0xff, 0xde, 0xfc, 0xff, 0x63, 0xb1, 0xff, 0x84, 0x74, 0xff, 0x9d, 0x56, 0xff, 0x9d, 0x56, 0xff,
    0x9d, 0x56, 0xff, 0x84, 0x74, 0xff, 0x63, 0xb1, 0xff, 0xef, 0x7e, 0xff, 0xff, 0xff, 0xff, 0xff, 0xff, 0xff, 0xff, 0xff, 0xff, 0x63, 0xb1, 0xff,
    0x6b, 0xf2, 0xff, 0x74, 0x33, 0xff, 0x74, 0x33, 0xff, 0x74, 0x33, 0xff, 0x74, 0x33, 0xff, 0x74, 0x33, 0xff, 0x6b, 0xf2, 0xff, 0x63, 0xb1, 0xff,
    0xde, 0xfc, 0xff, 0xff, 0xff, 0xff, 0xff, 0xff, 0xff, 0xff, 0xff, 0xff, 0xb5, 0xd8, 0xff, 0x63, 0xb1, 0xff, 0xef, 0x7e, 0xff, 0x9d, 0x56, 0xff,
    0x74, 0x33, 0xff, 0xff, 0xff, 0xff, 0x74, 0x33, 0xff, 0x8c, 0xd4, 0xff, 0xff, 0xff, 0xff, 0x63, 0xb1, 0xff, 0x9d, 0x56, 0xff, 0xff, 0xff, 0xff,
    0xff, 0xff, 0xff, 0x9d, 0x56, 0xff, 0x63, 0xb1, 0xff, 0x8c, 0xb4, 0xff, 0x8c, 0xb4, 0xff, 0x9d, 0x56, 0xff, 0xde, 0xfc, 0xff, 0x63, 0xb1, 0xff,
    0xb5, 0xd8, 0xff, 0xff, 0xff, 0xff, 0xde, 0xfc, 0xff, 0x63, 0xb1, 0xff, 0xc6, 0x5a, 0xff, 0xff, 0xff, 0xff, 0xff, 0xff, 0xff, 0xc6, 0x7a, 0xff,
    0x63, 0xb1, 0xff, 0x63, 0xb1, 0xff, 0x74, 0x33, 0xff, 0x63, 0xb1, 0xff, 0xb5, 0xd8, 0xff, 0xff, 0xff, 0xff, 0xff, 0xff, 0xff, 0xff, 0xff, 0xff,
    0xb5, 0xd8, 0xff, 0x63, 0xb1, 0xff, 0xef, 0x7e, 0xff, 0xff, 0xff, 0xff, 0xff, 0xff, 0xff, 0xff, 0xff, 0xff, 0x63, 0xb1, 0xff, 0x84, 0x74, 0xff,
    0xb5, 0xd8, 0xff, 0xb5, 0xd8, 0xff, 0xb5, 0xd8, 0xff, 0xb5, 0xd8, 0xff, 0xb5, 0xd8, 0xff, 0x8c, 0xb4, 0xff, 0x63, 0xb1, 0xff, 0xde, 0xfc, 0xff,
    0xff, 0xff, 0xff, 0xff, 0xff, 0xff, 0xff, 0xff, 0xff, 0xb5, 0xd8, 0xff, 0x63, 0xb1, 0xff, 0xef, 0x7e, 0xff, 0x9d, 0x56, 0xff, 0x74, 0x33, 0xff,
    0xff, 0xff, 0xff, 0x74, 0x33, 0xff, 0x8c, 0xd4, 0xff, 0xff, 0xff, 0xff, 0x63, 0xb1, 0xff, 0x9d, 0x56, 0xff, 0xff, 0xff, 0xff, 0xff, 0xff, 0xff,
    0xa5, 0x97, 0xff, 0x74, 0x33, 0xff, 0xff, 0xff, 0xff, 0xff, 0xff, 0xff, 0xff, 0xff, 0xff, 0x9d, 0x56, 0xff, 0x63, 0xb1, 0xff, 0xde, 0xfc, 0xff,
    0xff, 0xff, 0xff, 0xde, 0xfc, 0xff, 0x63, 0xb1, 0xff, 0xc6, 0x5a, 0xff, 0xff, 0xff, 0xff, 0xff, 0xff, 0xff, 0x84, 0x74, 0xff, 0x63, 0xb1, 0xff,
    0x84, 0x74, 0xff, 0xef, 0x7e, 0xff, 0x63, 0xb1, 0xff, 0x84, 0x74, 0xff, 0x9d, 0x56, 0xff, 0x9d, 0x56, 0xff, 0x9d, 0x56, 0xff, 0x84, 0x74, 0xff,
    0x63, 0xb1, 0xff, 0xef, 0x7e, 0xff, 0xff, 0xff, 0xff, 0xff, 0xff, 0xff, 0xff, 0xff, 0xff, 0x63, 0xb1, 0xff, 0x84, 0x74, 0xff, 0xb5, 0xd8, 0xff,
    0xb5, 0xd8, 0xff, 0xb5, 0xd8, 0xff, 0xb5, 0xd8, 0xff, 0xb5, 0xd8, 0xff, 0x8c, 0xb4, 0xff, 0x63, 0xb1, 0xff, 0xde, 0xfc, 0xff, 0xff, 0xff, 0xff,
    0xff, 0xff, 0xff, 0xbe, 0x19, 0xff, 0x8c, 0xb4, 0xff, 0x63, 0xb1, 0xff, 0xa5, 0x97, 0xff, 0x84, 0x74, 0xff, 0x6b, 0xf2, 0xff, 0xb5, 0xd8, 0xff,
    0x6b, 0xf2, 0xff, 0x74, 0x33, 0xff, 0xb5, 0xd8, 0xff, 0x63, 0xb1, 0xff, 0x84, 0x74, 0xff, 0xbe, 0x19, 0xff, 0xff, 0xff, 0xff, 0xff, 0xff, 0xff,
    0xff, 0xff, 0xff, 0xff, 0xff, 0xff, 0xff, 0xff, 0xff, 0xef, 0x7e, 0xff, 0x74, 0x33, 0xff, 0x74, 0x33, 0xff, 0xff, 0xff, 0xff, 0xff, 0xff, 0xff,
    0xde, 0xfc, 0xff, 0x63, 0xb1, 0xff, 0xc6, 0x5a, 0xff, 0xff, 0xff, 0xff, 0xff, 0xff, 0xff, 0xb5, 0xd8, 0xff, 0xa5, 0x97, 0xff, 0xff, 0xff, 0xff,
    0xff, 0xff, 0xff, 0x63, 0xb1, 0xff, 0x6b, 0xf2, 0xff, 0x74, 0x33, 0xff, 0x74, 0x33, 0xff, 0x74, 0x33, 0xff, 0x6b, 0xf2, 0xff, 0x63, 0xb1, 0xff,
    0xef, 0x7e, 0xff, 0xff, 0xff, 0xff, 0xff, 0xff, 0xff, 0xff, 0xff, 0xff, 0x63, 0xb1, 0xff, 0x6b, 0xf2, 0xff, 0x74, 0x33, 0xff, 0x74, 0x33, 0xff,
    0x74, 0x33, 0xff, 0x74, 0x33, 0xff, 0x74, 0x33, 0xff, 0x6b, 0xf2, 0xff, 0x63, 0xb1, 0xff, 0xde, 0xfc, 0xff, 0xff, 0xff, 0xff, 0xff, 0xff, 0xff,
    0x74, 0x33, 0xff, 0x63, 0xb1, 0xff, 0x63, 0xb1, 0xff, 0x63, 0xb1, 0xff, 0x63, 0xb1, 0xff, 0x63, 0xb1, 0xff, 0x63, 0xb1, 0xff, 0x63, 0xb1, 0xff,
    0x63, 0xb1, 0xff, 0x63, 0xb1, 0xff, 0x63, 0xb1, 0xff, 0x63, 0xb1, 0xff, 0x74, 0x33, 0xff, 0xff, 0xff, 0xff, 0xff, 0xff, 0xff, 0xff, 0xff, 0xff,
    0xff, 0xff, 0xff, 0xff, 0xff, 0xff, 0xde, 0xfc, 0xff, 0x74, 0x33, 0xff, 0xb5, 0xd8, 0xff, 0xff, 0xff, 0xff, 0xff, 0xff, 0xff, 0xde, 0xfc, 0xff,
    0x63, 0xb1, 0xff, 0xc6, 0x5a, 0xff, 0xff, 0xff, 0xff, 0xff, 0xff, 0xff, 0xff, 0xff, 0xff, 0xff, 0xff, 0xff, 0xff, 0xff, 0xff, 0xff, 0xff, 0xff,
    0xde, 0xfc, 0xff, 0xef, 0x7e, 0xff, 0xff, 0xff, 0xff, 0xff, 0xff, 0xff, 0xff, 0xff, 0xff, 0xef, 0x7e, 0xff, 0xde, 0xfc, 0xff, 0xff, 0xff, 0xff,
    0xff, 0xff, 0xff, 0xff, 0xff, 0xff, 0xff, 0xff, 0xff, 0xc6, 0x7a, 0xff, 0xde, 0xfc, 0xff, 0xff, 0xff, 0xff, 0xff, 0xff, 0xff, 0xff, 0xff, 0xff,
    0xff, 0xff, 0xff, 0xff, 0xff, 0xff, 0xe7, 0x3d, 0xff, 0xc6, 0x7a, 0xff, 0xef, 0x7e, 0xff, 0xff, 0xff, 0xff, 0xff, 0xff, 0xff, 0xff, 0xff, 0xff,
    0xff, 0xff, 0xff, 0xff, 0xff, 0xff, 0xff, 0xff, 0xff, 0xff, 0xff, 0xff, 0xff, 0xff, 0xff, 0xff, 0xff, 0xff, 0xff, 0xff, 0xff, 0xff, 0xff, 0xff,
    0xff, 0xff, 0xff, 0xff, 0xff, 0xff, 0xff, 0xff, 0xff, 0xff, 0xff, 0xff, 0xff, 0xff, 0xff, 0xff, 0xff, 0xff, 0xff, 0xff, 0xff, 0xff, 0xff, 0xff,
    0xff, 0xff, 0xff, 0xff, 0xff, 0xff, 0xef, 0x7e, 0xff, 0xff, 0xff, 0xff, 0xff, 0xff, 0xff, 0xff, 0xff, 0xff, 0xf7, 0xbe, 0xff, 0xde, 0xfc, 0xff,
    0xf7, 0xbf, 0xff, 0xff, 0xff, 0xff,
};

const lv_img_dsc_t home_text_view_desc_img = {
    .header.cf = LV_IMG_CF_TRUE_COLOR_ALPHA,
    .header.always_zero = 0,
    .header.reserved = 0,
    .header.w = 55,
    .header.h = 14,
    .data_size = 55 * 14 * LV_IMG_PX_SIZE_ALPHA_BYTE,
    .data = home_text_view_desc_img_map,
};

static const LV_ATTRIBUTE_MEM_ALIGN LV_ATTRIBUTE_LARGE_CONST uint8_t home_text_call_img_map[] = {
    0xff, 0xff, 0xff, 0xff, 0xff, 0xff, 0xff, 0xff, 0xff, 0xff, 0xff, 0xff, 0xff, 0xff, 0xff, 0xff, 0xff, 0xff, 0xff, 0xff, 0xff, 0xff, 0xff, 0xff,
    0xff, 0xff, 0xff, 0xff, 0xff, 0xff, 0xff, 0xff, 0xff, 0xe7, 0x1c, 0xff, 0xb5, 0xd8, 0xff, 0x94, 0xf5, 0xff, 0x6b, 0xb0, 0xff, 0x19, 0x89, 0xff,
    0xa5, 0x76, 0xff, 0xff, 0xff, 0xff, 0xff, 0xff, 0xff, 0xff, 0xff, 0xff, 0xff, 0xff, 0xff, 0xff, 0xff, 0xff, 0xff, 0xff, 0xff, 0xff, 0xff, 0xff,
    0xff, 0xff, 0xff, 0xff, 0xff, 0xff, 0xff, 0xff, 0xff, 0xff, 0xff, 0xff, 0xff, 0xff, 0xff, 0xff, 0xff, 0xff, 0xff, 0xff, 0xff, 0xff, 0xff, 0xff,
    0xff, 0xff, 0xff, 0xff, 0xff, 0xff, 0xb5, 0xd8, 0xff, 0x2a, 0x0a, 0xff, 0x2a, 0x0a, 0xff, 0xe7, 0x1c, 0xff, 0xc6, 0x59, 0xff, 0xc6, 0x59, 0xff,
    0xc6, 0x59, 0xff, 0xc6, 0x59, 0xff, 0xc6, 0x59, 0xff, 0xd6, 0xbb, 0xff, 0x84, 0x93, 0xff, 0x6b, 0xb0, 0xff, 0x4a, 0xcd, 0xff, 0x2a, 0x0a, 0xff,
    0x11, 0x27, 0xff, 0x11, 0x27, 0xff, 0x11, 0x27, 0xff, 0x11, 0x27, 0xff, 0x11, 0x27, 0xff, 0x11, 0x27, 0xff, 0x19, 0x89, 0xff, 0xe7, 0x3c, 0xff,
    0xff, 0xff, 0xff, 0xff, 0xff, 0xff, 0xa5, 0x76, 0xff, 0x84, 0x93, 0xff, 0x84, 0x93, 0xff, 0x84, 0x93, 0xff, 0x84, 0x93, 0xff, 0x84, 0x93, 0xff,
    0x84, 0x93, 0xff, 0xf7, 0x9e, 0xff, 0xf7, 0x9e, 0xff, 0xa5, 0x76, 0xff, 0xa5, 0x76, 0xff, 0xe7, 0x3c, 0xff, 0xff, 0xff, 0xff, 0xff, 0xff, 0xff,
    0xa5, 0x76, 0xff, 0x11, 0x27, 0xff, 0x11, 0x27, 0xff, 0xe7, 0x1c, 0xff, 0x11, 0x27, 0xff, 0x11, 0x27, 0xff, 0x11, 0x27, 0xff, 0x11, 0x27, 0xff,
    0x11, 0x27, 0xff, 0x6b, 0xb0, 0xff, 0x7c, 0x32, 0xff, 0x11, 0x27, 0xff, 0x11, 0x27, 0xff, 0x11, 0x27, 0xff, 0x11, 0x27, 0xff, 0x11, 0x27, 0xff,
    0x11, 0x27, 0xff, 0x3a, 0x6c, 0xff, 0x6b, 0xb0, 0xff, 0x94, 0xf5, 0xff, 0xd6, 0xbb, 0xff, 0xff, 0xff, 0xff, 0xff, 0xff, 0xff, 0xff, 0xff, 0xff,
    0x4a, 0xcd, 0xff, 0x11, 0x27, 0xff, 0x11, 0x27, 0xff, 0x11, 0x27, 0xff, 0x11, 0x27, 0xff, 0x11, 0x27, 0xff, 0x11, 0x27, 0xff, 0xe7, 0x1c, 0xff,
    0xe7, 0x1c, 0xff, 0x11, 0x27, 0xff, 0x11, 0x27, 0xff, 0xa5, 0x76, 0xff, 0xff, 0xff, 0xff, 0xff, 0xff, 0xff, 0xa5, 0x76, 0xff, 0x11, 0x27, 0xff,
    0x11, 0x27, 0xff, 0xe7, 0x1c, 0xff, 0x11, 0x27, 0xff, 0x11, 0x27, 0xff, 0x11, 0x27, 0xff, 0x11, 0x27, 0xff, 0x11, 0x27, 0xff, 0x6b, 0xb0, 0xff,
    0xe7, 0x1c, 0xff, 0xa5, 0x76, 0xff, 0xb5, 0xd8, 0xff, 0xc6, 0x39, 0xff, 0xa5, 0x76, 0xff, 0x11, 0x27, 0xff, 0x11, 0x27, 0xff, 0xe7, 0x1c, 0xff,
    0xff, 0xff, 0xff, 0xc6, 0x59, 0xff, 0xf7, 0x9e, 0xff, 0xff, 0xff, 0xff, 0xff, 0xff, 0xff, 0xff, 0xff, 0xff, 0x4a, 0xcd, 0xff, 0x11, 0x27, 0xff,
    0x4a, 0xcd, 0xff, 0x6b, 0xb0, 0xff, 0x5b, 0x4f, 0xff, 0x11, 0x27, 0xff, 0x11, 0x27, 0xff, 0xe7, 0x1c, 0xff, 0xe7, 0x1c, 0xff, 0x11, 0x27, 0xff,
    0x11, 0x27, 0xff, 0xa5, 0x76, 0xff, 0xff, 0xff, 0xff, 0xff, 0xff, 0xff, 0xa5, 0x76, 0xff, 0x11, 0x27, 0xff, 0x11, 0x27, 0xff, 0xe7, 0x1c, 0xff,
    0x11, 0x27, 0xff, 0x11, 0x27, 0xff, 0xe7, 0x1c, 0xff, 0x84, 0x93, 0xff, 0x11, 0x27, 0xff, 0x6b, 0xb0, 0xff, 0xc6, 0x59, 0xff, 0x4a, 0xcd, 0xff,
    0x4a, 0xcd, 0xff, 0xff, 0xff, 0xff, 0xc6, 0x39, 0xff, 0x11, 0x27, 0xff, 0x11, 0x27, 0xff, 0xe7, 0x1c, 0xff, 0xff, 0xff, 0xff, 0x29, 0xea, 0xff,
    0x11, 0x27, 0xff, 0x94, 0xf5, 0xff, 0xff, 0xff, 0xff, 0xff, 0xff, 0xff, 0x4a, 0xcd, 0xff, 0x11, 0x27, 0xff, 0xa5, 0x76, 0xff, 0xff, 0xff, 0xff,
    0xe7, 0x1c, 0xff, 0x11, 0x27, 0xff, 0x11, 0x27, 0xff, 0xe7, 0x1c, 0xff, 0xe7, 0x1c, 0xff, 0x11, 0x27, 0xff, 0x11, 0x27, 0xff, 0xa5, 0x76, 0xff,
    0xff, 0xff, 0xff, 0xff, 0xff, 0xff, 0xa5, 0x76, 0xff, 0x11, 0x27, 0xff, 0x11, 0x27, 0xff, 0xe7, 0x1c, 0xff, 0x11, 0x27, 0xff, 0x11, 0x27, 0xff,
    0xe7, 0x1c, 0xff, 0x84, 0x93, 0xff, 0x11, 0x27, 0xff, 0x6b, 0xb0, 0xff, 0xd6, 0xbb, 0xff, 0x11, 0x27, 0xff, 0x11, 0x27, 0xff, 0xf7, 0x9e, 0xff,
    0xc6, 0x39, 0xff, 0x11, 0x27, 0xff, 0x11, 0x27, 0xff, 0xe7, 0x1c, 0xff, 0xd6, 0xbb, 0xff, 0x11, 0x27, 0xff, 0x11, 0x27, 0xff, 0xe7, 0x1c, 0xff,
    0xff, 0xff, 0xff, 0xff, 0xff, 0xff, 0x4a, 0xcd, 0xff, 0x11, 0x27, 0xff, 0xa5, 0x76, 0xff, 0xff, 0xff, 0xff, 0xe7, 0x1c, 0xff, 0x11, 0x27, 0xff,
    0x11, 0x27, 0xff, 0xe7, 0x1c, 0xff, 0xe7, 0x1c, 0xff, 0x11, 0x27, 0xff, 0x11, 0x27, 0xff, 0xa5, 0x76, 0xff, 0xff, 0xff, 0xff, 0xff, 0xff, 0xff,
    0xa5, 0x76, 0xff, 0x11, 0x27, 0xff, 0x11, 0x27, 0xff, 0xe7, 0x1c, 0xff, 0x11, 0x27, 0xff, 0x11, 0x27, 0xff, 0xe7, 0x1c, 0xff, 0x84, 0x93, 0xff,
    0x11, 0x27, 0xff, 0x6b, 0xb0, 0xff, 0xff, 0xff, 0xff, 0x4a, 0xcd, 0xff, 0x11, 0x27, 0xff, 0x84, 0x93, 0xff, 0xc6, 0x39, 0xff, 0x11, 0x27, 0xff,
    0x11, 0x27, 0xff, 0xe7, 0x1c, 0xff, 0x6b, 0xb0, 0xff, 0x11, 0x27, 0xff, 0x4a, 0xcd, 0xff, 0xff, 0xff, 0xff, 0xff, 0xff, 0xff, 0xff, 0xff, 0xff,
    0x4a, 0xcd, 0xff, 0x11, 0x27, 0xff, 0xa5, 0x76, 0xff, 0xff, 0xff, 0xff, 0xe7, 0x1c, 0xff, 0x11, 0x27, 0xff, 0x11, 0x27, 0xff, 0xe7, 0x1c, 0xff,
    0xe7, 0x1c, 0xff, 0x11, 0x27, 0xff, 0x11, 0x27, 0xff, 0xa5, 0x76, 0xff, 0xff, 0xff, 0xff, 0xff, 0xff, 0xff, 0xa5, 0x76, 0xff, 0x11, 0x27, 0xff,
    0x11, 0x27, 0xff, 0xe7, 0x1c, 0xff, 0x11, 0x27, 0xff, 0x11, 0x27, 0xff, 0xe7, 0x1c, 0xff, 0x84, 0x93, 0xff, 0x11, 0x27, 0xff, 0x6b, 0xb0, 0xff,
    0xff, 0xff, 0xff, 0x84, 0x93, 0xff, 0x11, 0x27, 0xff, 0x4a, 0xcd, 0xff, 0xc6, 0x39, 0xff, 0x11, 0x27, 0xff, 0x11, 0x27, 0xff, 0xe7, 0x1c, 0xff,
    0x29, 0xea, 0xff, 0x11, 0x27, 0xff, 0xa5, 0x76, 0xff, 0xff, 0xff, 0xff, 0xff, 0xff, 0xff, 0xff, 0xff, 0xff, 0x4a, 0xcd, 0xff, 0x11, 0x27, 0xff,
    0xa5, 0x76, 0xff, 0xff, 0xff, 0xff, 0xe7, 0x1c, 0xff, 0x11, 0x27, 0xff, 0x11, 0x27, 0xff, 0xe7, 0x1c, 0xff, 0xe7, 0x1c, 0xff, 0x11, 0x27, 0xff,
    0x11, 0x27, 0xff, 0xa5, 0x76, 0xff, 0xff, 0xff, 0xff, 0xff, 0xff, 0xff, 0xa5, 0x76, 0xff, 0x11, 0x27, 0xff, 0x11, 0x27, 0xff, 0xe7, 0x1c, 0xff,
    0x11, 0x27, 0xff, 0x11, 0x27, 0xff, 0xe7, 0x1c, 0xff, 0x84, 0x93, 0xff, 0x11, 0x27, 0xff, 0x6b, 0xb0, 0xff, 0xff, 0xff, 0xff, 0xb5, 0xd8, 0xff,
    0x3a, 0x6c, 0xff, 0x94, 0xf5, 0xff, 0xc6, 0x39, 0xff, 0x11, 0x27, 0xff, 0x11, 0x27, 0xff, 0xc6, 0x59, 0xff, 0x4a, 0xcd, 0xff, 0x29, 0xea, 0xff,
    0xff, 0xff, 0xff, 0xff, 0xff, 0xff, 0xff, 0xff, 0xff, 0xff, 0xff, 0xff, 0x4a, 0xcd, 0xff, 0x11, 0x27, 0xff, 0xa5, 0x76, 0xff, 0xff, 0xff, 0xff,
    0xe7, 0x1c, 0xff, 0x11, 0x27, 0xff, 0x11, 0x27, 0xff, 0xe7, 0x1c, 0xff, 0xe7, 0x1c, 0xff, 0x11, 0x27, 0xff, 0x11, 0x27, 0xff, 0xa5, 0x76, 0xff,
    0xff, 0xff, 0xff, 0xff, 0xff, 0xff, 0xa5, 0x76, 0xff, 0x11, 0x27, 0xff, 0x11, 0x27, 0xff, 0xe7, 0x1c, 0xff, 0x11, 0x27, 0xff, 0x11, 0x27, 0xff,
    0xe7, 0x1c, 0xff, 0x84, 0x93, 0xff, 0x11, 0x27, 0xff, 0x6b, 0xb0, 0xff, 0x8c, 0x93, 0xff, 0x6b, 0xb0, 0xff, 0x6b, 0xb0, 0xff, 0x6b, 0xb0, 0xff,
    0x5b, 0x4f, 0xff, 0x11, 0x27, 0xff, 0x11, 0x27, 0xff, 0x5b, 0x4f, 0xff, 0x6b, 0xb0, 0xff, 0x6b, 0xb0, 0xff, 0x6b, 0xb0, 0xff, 0x6b, 0xb0, 0xff,
    0xff, 0xff, 0xff, 0xff, 0xff, 0xff, 0x4a, 0xcd, 0xff, 0x11, 0x27, 0xff, 0xa5, 0x76, 0xff, 0xff, 0xff, 0xff, 0xe7, 0x1c, 0xff, 0x11, 0x27, 0xff,
    0x11, 0x27, 0xff, 0xe7, 0x1c, 0xff, 0xe7, 0x1c, 0xff, 0x11, 0x27, 0xff, 0x11, 0x27, 0xff, 0xa5, 0x76, 0xff, 0xff, 0xff, 0xff, 0xff, 0xff, 0xff,
    0xa5, 0x76, 0xff, 0x11, 0x27, 0xff, 0x11, 0x27, 0xff, 0xe7, 0x1c, 0xff, 0x11, 0x27, 0xff, 0x11, 0x27, 0xff, 0xe7, 0x1c, 0xff, 0x84, 0x93, 0xff,
    0x11, 0x27, 0xff, 0x6b, 0xb0, 0xff, 0x4a, 0xcd, 0xff, 0x11, 0x27, 0xff, 0x11, 0x27, 0xff, 0x11, 0x27, 0xff, 0x11, 0x27, 0xff, 0x11, 0x27, 0xff,
    0x11, 0x27, 0xff, 0x11, 0x27, 0xff, 0x11, 0x27, 0xff, 0x11, 0x27, 0xff, 0x11, 0x27, 0xff, 0x11, 0x27, 0xff, 0xff, 0xff, 0xff, 0xff, 0xff, 0xff,
    0x4a, 0xcd, 0xff, 0x11, 0x27, 0xff, 0xa5, 0x76, 0xff, 0xff, 0xff, 0xff, 0xe7, 0x1c, 0xff, 0x11, 0x27, 0xff, 0x11, 0x27, 0xff, 0xe7, 0x1c, 0xff,
    0xe7, 0x1c, 0xff, 0x11, 0x27, 0xff, 0x11, 0x27, 0xff, 0xa5, 0x76, 0xff, 0xff, 0xff, 0xff, 0xff, 0xff, 0xff, 0xa5, 0x76, 0xff, 0x11, 0x27, 0xff,
    0x11, 0x27, 0xff, 0xe7, 0x1c, 0xff, 0x11, 0x27, 0xff, 0x11, 0x27, 0xff, 0x11, 0x27, 0xff, 0x11, 0x27, 0xff, 0x11, 0x27, 0xff, 0x6b, 0xb0, 0xff,
    0x94, 0xf5, 0xff, 0x6b, 0xb0, 0xff, 0x6b, 0xb0, 0xff, 0x6b, 0xb0, 0xff, 0x4a, 0xcd, 0xff, 0x11, 0x27, 0xff, 0x11, 0x27, 0xff, 0x5b, 0x2f, 0xff,
    0x6b, 0xb0, 0xff, 0x6b, 0xb0, 0xff, 0x6b, 0xb0, 0xff, 0x6b, 0xb0, 0xff, 0xff, 0xff, 0xff, 0xff, 0xff, 0xff, 0x4a, 0xcd, 0xff, 0x11, 0x27, 0xff,
    0x5b, 0x2f, 0xff, 0x84, 0x93, 0xff, 0x7c, 0x32, 0xff, 0x11, 0x27, 0xff, 0x11, 0x27, 0xff, 0xe7, 0x1c, 0xff, 0xd6, 0xbb, 0xff, 0x11, 0x27, 0xff,
    0x11, 0x27, 0xff, 0x7c, 0x32, 0xff, 0x84, 0x93, 0xff, 0x4a, 0xcd, 0xff, 0x19, 0x89, 0xff, 0x11, 0x27, 0xff, 0x11, 0x27, 0xff, 0xe7, 0x1c, 0xff,
    0x11, 0x27, 0xff, 0x11, 0x27, 0xff, 0x11, 0x27, 0xff, 0x11, 0x27, 0xff, 0x11, 0x27, 0xff, 0x6b, 0xb0, 0xff, 0xff, 0xff, 0xff, 0xff, 0xff, 0xff,
    0xff, 0xff, 0xff, 0xff, 0xff, 0xff, 0xc6, 0x39, 0xff, 0x11, 0x27, 0xff, 0x11, 0x27, 0xff, 0xe7, 0x1c, 0xff, 0xff, 0xff, 0xff, 0xff, 0xff, 0xff,
    0xff, 0xff, 0xff, 0xff, 0xff, 0xff, 0xff, 0xff, 0xff, 0xff, 0xff, 0xff, 0x4a, 0xcd, 0xff, 0x11, 0x27, 0xff, 0x11, 0x27, 0xff, 0x11, 0x27, 0xff,
    0x11, 0x27, 0xff, 0x11, 0x27, 0xff, 0x11, 0x27, 0xff, 0xe7, 0x1c, 0xff, 0x84, 0x93, 0xff, 0x11, 0x27, 0xff, 0x11, 0x27, 0xff, 0x11, 0x27, 0xff,
    0x11, 0x27, 0xff, 0x11, 0x27, 0xff, 0x11, 0x27, 0xff, 0x11, 0x27, 0xff, 0x11, 0x27, 0xff, 0xe7, 0x1c, 0xff, 0x11, 0x27, 0xff, 0x11, 0x27, 0xff,
    0xa5, 0x76, 0xff, 0xc6, 0x39, 0xff, 0xc6, 0x39, 0xff, 0xe7, 0x1c, 0xff, 0xff, 0xff, 0xff, 0xff, 0xff, 0xff, 0xff, 0xff, 0xff, 0xff, 0xff, 0xff,
    0xc6, 0x39, 0xff, 0x11, 0x27, 0xff, 0x11, 0x27, 0xff, 0xe7, 0x1c, 0xff, 0xff, 0xff, 0xff, 0xff, 0xff, 0xff, 0xff, 0xff, 0xff, 0xff, 0xff, 0xff,
    0xff, 0xff, 0xff, 0xff, 0xff, 0xff, 0x4a, 0xcd, 0xff, 0x11, 0x27, 0xff, 0x29, 0xea, 0xff, 0x4a, 0xcd, 0xff, 0x4a, 0xcd, 0xff, 0x4a, 0xcd, 0xff,
    0x4a, 0xcd, 0xff, 0xd6, 0xbb, 0xff, 0x11, 0x27, 0xff, 0x11, 0x27, 0xff, 0x11, 0x27, 0xff, 0x11, 0x27, 0xff, 0x29, 0xea, 0xff, 0x7c, 0x12, 0xff,
    0x7c, 0x32, 0xff, 0x11, 0x27, 0xff, 0x11, 0x27, 0xff, 0xe7, 0x1c, 0xff, 0x29, 0xea, 0xff, 0x29, 0xea, 0xff, 0xe7, 0x1c, 0xff, 0xff, 0xff, 0xff,
    0xff, 0xff, 0xff, 0xff, 0xff, 0xff, 0xff, 0xff, 0xff, 0xff, 0xff, 0xff, 0xff, 0xff, 0xff, 0xff, 0xff, 0xff, 0xc6, 0x39, 0xff, 0x11, 0x27, 0xff,
    0x11, 0x27, 0xff, 0xe7, 0x1c, 0xff, 0xff, 0xff, 0xff, 0xff, 0xff, 0xff, 0xff, 0xff, 0xff, 0xff, 0xff, 0xff, 0xff, 0xff, 0xff, 0xff, 0xff, 0xff,
    0x4a, 0xcd, 0xff, 0x11, 0x27, 0xff, 0xa5, 0x76, 0xff, 0xff, 0xff, 0xff, 0xff, 0xff, 0xff, 0xff, 0xff, 0xff, 0xff, 0xff, 0xff, 0xff, 0xff, 0xff,
    0x84, 0x93, 0xff, 0x4a, 0xcd, 0xff, 0x94, 0xf5, 0xff, 0xe7, 0x1c, 0xff, 0xff, 0xff, 0xff, 0xff, 0xff, 0xff, 0xa5, 0x76, 0xff, 0x11, 0x27, 0xff,
    0x11, 0x27, 0xff, 0xe7, 0x1c, 0xff, 0xff, 0xff, 0xff, 0xff, 0xff, 0xff, 0xff, 0xff, 0xff, 0xff, 0xff, 0xff, 0xff, 0xff, 0xff, 0xff, 0xff, 0xff,
    0xff, 0xff, 0xff, 0xff, 0xff, 0xff, 0xff, 0xff, 0xff, 0xff, 0xff, 0xff, 0xc6, 0x39, 0xff, 0x11, 0x27, 0xff, 0x11, 0x27, 0xff, 0xe7, 0x1c, 0xff,
    0xff, 0xff, 0xff, 0xff, 0xff, 0xff, 0xff, 0xff, 0xff, 0xff, 0xff, 0xff, 0xff, 0xff, 0xff, 0xff, 0xff, 0xff, 0xa5, 0x76, 0xff, 0x84, 0x93, 0xff,
    0xd6, 0xbb, 0xff, 0xff, 0xff, 0xff, 0xff, 0xff, 0xff, 0xff, 0xff, 0xff, 0xff, 0xff, 0xff, 0xff, 0xff, 0xff, 0xff, 0xff, 0xff, 0xff, 0xff, 0xff,
    0xff, 0xff, 0xff, 0xff, 0xff, 0xff, 0xff, 0xff, 0xff, 0xff, 0xff, 0xff, 0xa5, 0x76, 0xff, 0x11, 0x27, 0xff, 0x11, 0x27, 0xff, 0xe7, 0x1c, 0xff,
    0xff, 0xff, 0xff, 0xff, 0xff, 0xff, 0xff, 0xff, 0xff, 0xff, 0xff, 0xff, 0xff, 0xff, 0xff, 0xff, 0xff, 0xff, 0xff, 0xff, 0xff, 0xe7, 0x3c, 0xff,
    0x4a, 0xcd, 0xff, 0x4a, 0xcd, 0xff, 0x3a, 0x6c, 0xff, 0x11, 0x27, 0xff, 0x11, 0x27, 0xff, 0xe7, 0x1c, 0xff, 0xff, 0xff, 0xff, 0xff, 0xff, 0xff,
    0xff, 0xff, 0xff, 0xff, 0xff, 0xff, 0xff, 0xff, 0xff, 0xff, 0xff, 0xff, 0xff, 0xff, 0xff, 0xff, 0xff, 0xff, 0xff, 0xff, 0xff, 0xff, 0xff, 0xff,
    0xff, 0xff, 0xff, 0xff, 0xff, 0xff, 0xff, 0xff, 0xff, 0xff, 0xff, 0xff, 0xff, 0xff, 0xff, 0xff, 0xff, 0xff, 0xff, 0xff, 0xff, 0xff, 0xff, 0xff,
    0xff, 0xff, 0xff, 0xff, 0xff, 0xff, 0xa5, 0x76, 0xff, 0x11, 0x27, 0xff, 0x11, 0x27, 0xff, 0xe7, 0x1c, 0xff, 0xff, 0xff, 0xff, 0xff, 0xff, 0xff,
    0xff, 0xff, 0xff, 0xff, 0xff, 0xff, 0xff, 0xff, 0xff, 0xff, 0xff, 0xff, 0xff, 0xff, 0xff, 0xff, 0xff, 0xff, 0x4a, 0xcd, 0xff, 0x11, 0x27, 0xff,
    0x11, 0x27, 0xff, 0x11, 0x27, 0xff, 0x3a, 0x6c, 0xff, 0xff, 0xff, 0xff, 0xff, 0xff, 0xff, 0xff, 0xff, 0xff, 0xff, 0xff, 0xff, 0xff, 0xff, 0xff,
    0xff, 0xff, 0xff, 0xff, 0xff, 0xff, 0xff, 0xff, 0xff, 0xff, 0xff, 0xff, 0xff, 0xff, 0xff, 0xff, 0xff, 0xff, 0xff, 0xff, 0xff, 0xff, 0xff, 0xff,
    0xff, 0xff, 0xff, 0xff, 0xff, 0xff, 0xff, 0xff, 0xff, 0xff, 0xff, 0xff, 0xff, 0xff, 0xff, 0xff, 0xff, 0xff, 0xff, 0xff, 0xff, 0xff, 0xff, 0xff,
    0xa5, 0x76, 0xff, 0x11, 0x27, 0xff, 0x11, 0x27, 0xff, 0xe7, 0x1c, 0xff, 0xff, 0xff, 0xff, 0xff, 0xff, 0xff, 0xff, 0xff, 0xff, 0xff, 0xff, 0xff,
    0xff, 0xff, 0xff, 0xff, 0xff, 0xff, 0xff, 0xff, 0xff, 0xff, 0xff, 0xff, 0xb5, 0xd8, 0xff, 0x84, 0x93, 0xff, 0x94, 0xf5, 0xff, 0xc6, 0x59, 0xff,
    0xff, 0xff, 0xff, 0xff, 0xff, 0xff, 0xff, 0xff, 0xff, 0xff, 0xff, 0xff, 0xff, 0xff, 0xff, 0xff, 0xff, 0xff, 0xff, 0xff, 0xff, 0xff, 0xff, 0xff,
    0xff, 0xff, 0xff, 0xff, 0xff, 0xff, 0xff, 0xff, 0xff, 0xff, 0xff, 0xff, 0xff, 0xff, 0xff, 0xff, 0xff, 0xff, 0xff, 0xff, 0xff, 0xff, 0xff, 0xff,
    0xff, 0xff, 0xff, 0xff, 0xff, 0xff, 0xff, 0xff, 0xff, 0xff, 0xff, 0xff, 0xff, 0xff, 0xff, 0xff, 0xff, 0xff, 0xc6, 0x59, 0xff, 0x6b, 0xb0, 0xff,
    0x6b, 0xb0, 0xff, 0xf7, 0x9e, 0xff,
};

const lv_img_dsc_t home_text_call_img = {
    .header.cf = LV_IMG_CF_TRUE_COLOR_ALPHA,
    .header.always_zero = 0,
    .header.reserved = 0,
    .header.w = 38,
    .header.h = 19,
    .data_size = 38 * 19 * LV_IMG_PX_SIZE_ALPHA_BYTE,
    .data = home_text_call_img_map,
};

static const LV_ATTRIBUTE_MEM_ALIGN LV_ATTRIBUTE_LARGE_CONST uint8_t home_text_call_desc_img_map[] = {
    0xff, 0xff, 0xff, 0xc6, 0x7a, 0xff, 0x63, 0xb1, 0xff, 0xde, 0xfc, 0xff, 0xff, 0xff, 0xff, 0xff, 0xff, 0xff, 0xff, 0xff, 0xff, 0xe7, 0x3d, 0xff,
    0x84, 0x74, 0xff, 0xc6, 0x5a, 0xff, 0xff, 0xff, 0xff, 0xff, 0xff, 0xff, 0xff, 0xff, 0xff, 0xff, 0xff, 0xff, 0xff, 0xff, 0xff, 0xff, 0xff, 0xff,
    0xff, 0xff, 0xff, 0xff, 0xff, 0xff, 0xff, 0xff, 0xff, 0xff, 0xff, 0xff, 0xff, 0xff, 0xff, 0xff, 0xff, 0xff, 0xff, 0xff, 0xff, 0xde, 0xfc, 0xff,
    0xa5, 0x97, 0xff, 0x8c, 0xb4, 0xff, 0xf7, 0xbf, 0xff, 0xff, 0xff, 0xff, 0xff, 0xff, 0xff, 0xff, 0xff, 0xff, 0xff, 0xff, 0xff, 0xce, 0xbb, 0xff,
    0xde, 0xfc, 0xff, 0xff, 0xff, 0xff, 0xff, 0xff, 0xff, 0x63, 0xb1, 0xff, 0x8c, 0xd4, 0xff, 0xff, 0xff, 0xff, 0xff, 0xff, 0xff, 0xce, 0xbb, 0xff,
    0xe7, 0x3d, 0xff, 0xc6, 0x5a, 0xff, 0x84, 0x74, 0xff, 0xe7, 0x3d, 0xff, 0xc6, 0x5a, 0xff, 0xef, 0x7e, 0xff, 0xff, 0xff, 0xff, 0xff, 0xff, 0xff,
    0xff, 0xff, 0xff, 0xb5, 0xd8, 0xff, 0x63, 0xb1, 0xff, 0xde, 0xfc, 0xff, 0xff, 0xff, 0xff, 0xff, 0xff, 0xff, 0xff, 0xff, 0xff, 0xff, 0xff, 0xff,
    0xff, 0xff, 0xff, 0xff, 0xff, 0xff, 0xff, 0xff, 0xff, 0xff, 0xff, 0xff, 0xff, 0xff, 0xff, 0xff, 0xff, 0xff, 0xc6, 0x7a, 0xff, 0x63, 0xb1, 0xff,
    0xde, 0xfc, 0xff, 0xff, 0xff, 0xff, 0x8c, 0xd4, 0xff, 0x8c, 0xd4, 0xff, 0x8c, 0xd4, 0xff, 0x63, 0xb1, 0xff, 0x74, 0x33, 0xff, 0x8c, 0xd4, 0xff,
    0x8c, 0xd4, 0xff, 0x95, 0x15, 0xff, 0xff, 0xff, 0xff, 0xde, 0xfc, 0xff, 0x8c, 0xd4, 0xff, 0x8c, 0xd4, 0xff, 0x8c, 0xd4, 0xff, 0x8c, 0xd4, 0xff,
    0xff, 0xff, 0xff, 0xbe, 0x19, 0xff, 0x8c, 0xb4, 0xff, 0x6b, 0xf2, 0xff, 0x63, 0xb1, 0xff, 0x63, 0xb1, 0xff, 0x74, 0x33, 0xff, 0xc6, 0x5a, 0xff,
    0xff, 0xff, 0xff, 0xff, 0xff, 0xff, 0xff, 0xff, 0xff, 0xff, 0xff, 0xff, 0x84, 0x74, 0xff, 0xa5, 0x97, 0xff, 0xff, 0xff, 0xff, 0xff, 0xff, 0xff,
    0x63, 0xb1, 0xff, 0x8c, 0xd4, 0xff, 0xff, 0xff, 0xff, 0xf7, 0xbe, 0xff, 0x63, 0xb1, 0xff, 0x9d, 0x56, 0xff, 0xad, 0x97, 0xff, 0x63, 0xb1, 0xff,
    0xef, 0x7e, 0xff, 0x74, 0x33, 0xff, 0x74, 0x33, 0xff, 0xef, 0x7e, 0xff, 0xff, 0xff, 0xff, 0xff, 0xff, 0xff, 0xb5, 0xd8, 0xff, 0x63, 0xb1, 0xff,
    0xde, 0xfc, 0xff, 0xff, 0xff, 0xff, 0x74, 0x33, 0xff, 0x74, 0x33, 0xff, 0x74, 0x33, 0xff, 0x74, 0x33, 0xff, 0x74, 0x33, 0xff, 0x74, 0x33, 0xff,
    0x74, 0x33, 0xff, 0xa5, 0x97, 0xff, 0xce, 0xbb, 0xff, 0x9d, 0x56, 0xff, 0x63, 0xb1, 0xff, 0xa5, 0x97, 0xff, 0xef, 0x7e, 0xff, 0x9d, 0x56, 0xff,
    0x84, 0x74, 0xff, 0x8c, 0xb4, 0xff, 0x9d, 0x56, 0xff, 0x9d, 0x56, 0xff, 0x7c, 0x33, 0xff, 0x95, 0x15, 0xff, 0xa5, 0x97, 0xff, 0xff, 0xff, 0xff,
    0xc6, 0x7a, 0xff, 0x63, 0xb1, 0xff, 0x74, 0x33, 0xff, 0x6b, 0xf2, 0xff, 0x63, 0xb1, 0xff, 0xff, 0xff, 0xff, 0x8c, 0xb4, 0xff, 0x63, 0xb1, 0xff,
    0x9d, 0x56, 0xff, 0xbe, 0x19, 0xff, 0xef, 0x7e, 0xff, 0xff, 0xff, 0xff, 0xff, 0xff, 0xff, 0xff, 0xff, 0xff, 0xff, 0xff, 0xff, 0xff, 0xff, 0xff,
    0xef, 0x7e, 0xff, 0x63, 0xb1, 0xff, 0xde, 0xfc, 0xff, 0xef, 0x7e, 0xff, 0xc6, 0x7a, 0xff, 0x63, 0xb1, 0xff, 0x74, 0x33, 0xff, 0xce, 0xbb, 0xff,
    0xc6, 0x5a, 0xff, 0x63, 0xb1, 0xff, 0xde, 0xfc, 0xff, 0x8c, 0xb4, 0xff, 0x74, 0x33, 0xff, 0xff, 0xff, 0xff, 0xef, 0x7e, 0xff, 0x9d, 0x56, 0xff,
    0xf7, 0xbf, 0xff, 0xef, 0x7e, 0xff, 0xc6, 0x7a, 0xff, 0x94, 0xf5, 0xff, 0x63, 0xb1, 0xff, 0xa5, 0x97, 0xff, 0xce, 0xbb, 0xff, 0x8c, 0xb4, 0xff,
    0x8c, 0xb4, 0xff, 0x8c, 0xb4, 0xff, 0x84, 0x73, 0xff, 0x63, 0xb1, 0xff, 0x74, 0x33, 0xff, 0x8c, 0xb4, 0xff, 0xbe, 0x19, 0xff, 0x8c, 0xb4, 0xff,
    0x63, 0xb1, 0xff, 0x63, 0xb1, 0xff, 0x63, 0xb1, 0xff, 0xc6, 0x5a, 0xff, 0xff, 0xff, 0xff, 0x8c, 0xb4, 0xff, 0x74, 0x33, 0xff, 0xff, 0xff, 0xff,
    0xe7, 0x3d, 0xff, 0x63, 0xb1, 0xff, 0xc6, 0x5a, 0xff, 0xff, 0xff, 0xff, 0xff, 0xff, 0xff, 0xc6, 0x7a, 0xff, 0x63, 0xb1, 0xff, 0xde, 0xfc, 0xff,
    0x9d, 0x56, 0xff, 0x63, 0xb1, 0xff, 0xff, 0xff, 0xff, 0x8c, 0xb4, 0xff, 0x63, 0xb1, 0xff, 0xff, 0xff, 0xff, 0xff, 0xff, 0xff, 0xff, 0xff, 0xff,
    0xff, 0xff, 0xff, 0xff, 0xff, 0xff, 0xff, 0xff, 0xff, 0xff, 0xff, 0xff, 0xff, 0xff, 0xff, 0xce, 0xbb, 0xff, 0x63, 0xb1, 0xff, 0xf7, 0xbf, 0xff,
    0xc6, 0x7a, 0xff, 0x63, 0xb1, 0xff, 0x63, 0xb1, 0xff, 0x63, 0xb1, 0xff, 0x74, 0x33, 0xff, 0x74, 0x33, 0xff, 0x63, 0xb1, 0xff, 0x8c, 0xd4, 0xff,
    0x63, 0xb1, 0xff, 0x6b, 0xf2, 0xff, 0x8c, 0xd4, 0xff, 0x8c, 0xd4, 0xff, 0x8c, 0xd4, 0xff, 0xc6, 0x5a, 0xff, 0xde, 0xfc, 0xff, 0x63, 0xb1, 0xff,
    0x63, 0xb1, 0xff, 0x63, 0xb1, 0xff, 0x63, 0xb1, 0xff, 0x74, 0x33, 0xff, 0xff, 0xff, 0xff, 0xff, 0xff, 0xff, 0xff, 0xff, 0xff, 0xc6, 0x7a, 0xff,
    0x63, 0xb1, 0xff, 0xc6, 0x5a, 0xff, 0xff, 0xff, 0xff, 0xff, 0xff, 0xff, 0xe7, 0x3d, 0xff, 0xb5, 0xd8, 0xff, 0x63, 0xb1, 0xff, 0xbe, 0x19, 0xff,
    0xde, 0xfc, 0xff, 0xb5, 0xd8, 0xff, 0x95, 0x15, 0xff, 0x6b, 0xf2, 0xff, 0xb5, 0xd8, 0xff, 0x74, 0x33, 0xff, 0x63, 0xb1, 0xff, 0xb5, 0xd8, 0xff,
    0xb5, 0xd8, 0xff, 0xf7, 0xbf, 0xff, 0xc6, 0x7a, 0xff, 0x63, 0xb1, 0xff, 0xde, 0xfc, 0xff, 0x9d, 0x56, 0xff, 0x63, 0xb1, 0xff, 0xff, 0xff, 0xff,
    0x8c, 0xb4, 0xff, 0x63, 0xb1, 0xff, 0x9d, 0x56, 0xff, 0x9d, 0x56, 0xff, 0x9d, 0x56, 0xff, 0x9d, 0x56, 0xff, 0x9d, 0x56, 0xff, 0xff, 0xff, 0xff,
    0xff, 0xff, 0xff, 0xff, 0xff, 0xff, 0x9d, 0x56, 0xff, 0x8c, 0xd4, 0xff, 0xff, 0xff, 0xff, 0xef, 0x7e, 0xff, 0xde, 0xfc, 0xff, 0x63, 0xb1, 0xff,
    0x84, 0x74, 0xff, 0xe7, 0x3d, 0xff, 0x95, 0x15, 0xff, 0x8c, 0xb4, 0xff, 0x84, 0x73, 0xff, 0x63, 0xb1, 0xff, 0x84, 0x74, 0xff, 0x8c, 0xb4, 0xff,
    0x8c, 0xb4, 0xff, 0x8c, 0xb4, 0xff, 0xc6, 0x5a, 0xff, 0xf7, 0xbe, 0xff, 0xde, 0xfc, 0xff, 0x9d, 0x56, 0xff, 0x63, 0xb1, 0xff, 0xbe, 0x19, 0xff,
    0xe7, 0x3d, 0xff, 0xff, 0xff, 0xff, 0xff, 0xff, 0xff, 0xff, 0xff, 0xff, 0xc6, 0x7a, 0xff, 0x63, 0xb1, 0xff, 0xc6, 0x5a, 0xff, 0xff, 0xff, 0xff,
    0xff, 0xff, 0xff, 0xff, 0xff, 0xff, 0xc6, 0x7a, 0xff, 0x63, 0xb1, 0xff, 0xde, 0xfc, 0xff, 0xce, 0xbb, 0xff, 0x74, 0x33, 0xff, 0x74, 0x33, 0xff,
    0x6b, 0xf2, 0xff, 0x74, 0x33, 0xff, 0x74, 0x33, 0xff, 0x74, 0x33, 0xff, 0x74, 0x33, 0xff, 0x74, 0x33, 0xff, 0xef, 0x7e, 0xff, 0xc6, 0x7a, 0xff,
    0x63, 0xb1, 0xff, 0xde, 0xfc, 0xff, 0x9d, 0x56, 0xff, 0x63, 0xb1, 0xff, 0xff, 0xff, 0xff, 0x8c, 0xb4, 0xff, 0x63, 0xb1, 0xff, 0x63, 0xb1, 0xff,
    0x63, 0xb1, 0xff, 0x63, 0xb1, 0xff, 0x63, 0xb1, 0xff, 0x63, 0xb1, 0xff, 0xff, 0xff, 0xff, 0xff, 0xff, 0xff, 0xff, 0xff, 0xff, 0x84, 0x74, 0xff,
    0xa5, 0x97, 0xff, 0xff, 0xff, 0xff, 0xff, 0xff, 0xff, 0xff, 0xff, 0xff, 0x63, 0xb1, 0xff, 0x8c, 0xd4, 0xff, 0xff, 0xff, 0xff, 0xff, 0xff, 0xff,
    0xff, 0xff, 0xff, 0x9d, 0x56, 0xff, 0x63, 0xb1, 0xff, 0xc6, 0x5a, 0xff, 0xde, 0xfc, 0xff, 0xce, 0xbb, 0xff, 0xde, 0xfc, 0xff, 0xff, 0xff, 0xff,
    0xff, 0xff, 0xff, 0xff, 0xff, 0xff, 0xb5, 0xd8, 0xff, 0x63, 0xb1, 0xff, 0xde, 0xfc, 0xff, 0xf7, 0xbf, 0xff, 0xff, 0xff, 0xff, 0xff, 0xff, 0xff,
    0xff, 0xff, 0xff, 0xc6, 0x7a, 0xff, 0x63, 0xb1, 0xff, 0xc6, 0x5a, 0xff, 0xff, 0xff, 0xff, 0xff, 0xff, 0xff, 0xf7, 0xbf, 0xff, 0xb5, 0xd8, 0xff,
    0x63, 0xb1, 0xff, 0x74, 0x33, 0xff, 0xce, 0xbb, 0xff, 0xff, 0xff, 0xff, 0xff, 0xff, 0xff, 0x9d, 0x56, 0xff, 0x6b, 0xf2, 0xff, 0xf7, 0xbf, 0xff,
    0xff, 0xff, 0xff, 0xff, 0xff, 0xff, 0xff, 0xff, 0xff, 0xff, 0xff, 0xff, 0xc6, 0x7a, 0xff, 0x63, 0xb1, 0xff, 0xde, 0xfc, 0xff, 0x9d, 0x56, 0xff,
    0x63, 0xb1, 0xff, 0xff, 0xff, 0xff, 0x8c, 0xb4, 0xff, 0x63, 0xb1, 0xff, 0xef, 0x7e, 0xff, 0xde, 0xfc, 0xff, 0x63, 0xb1, 0xff, 0x95, 0x15, 0xff,
    0xef, 0x7e, 0xff, 0xff, 0xff, 0xff, 0xff, 0xff, 0xff, 0xef, 0x7e, 0xff, 0x63, 0xb1, 0xff, 0xde, 0xfc, 0xff, 0xff, 0xff, 0xff, 0xff, 0xff, 0xff,
    0xef, 0x7e, 0xff, 0x63, 0xb1, 0xff, 0x6b, 0xf2, 0xff, 0x74, 0x33, 0xff, 0xff, 0xff, 0xff, 0xef, 0x7e, 0xff, 0x63, 0xb1, 0xff, 0x63, 0xb1, 0xff,
    0x63, 0xb1, 0xff, 0x63, 0xb1, 0xff, 0x63, 0xb1, 0xff, 0x63, 0xb1, 0xff, 0xef, 0x7e, 0xff, 0xff, 0xff, 0xff, 0xf7, 0xbf, 0xff, 0x9d, 0x56, 0xff,
    0x63, 0xb1, 0xff, 0x74, 0x33, 0xff, 0x6b, 0xf2, 0xff, 0xff, 0xff, 0xff, 0xff, 0xff, 0xff, 0xff, 0xff, 0xff, 0xc6, 0x7a, 0xff, 0x63, 0xb1, 0xff,
    0xc6, 0x5a, 0xff, 0xff, 0xff, 0xff, 0xff, 0xff, 0xff, 0x74, 0x33, 0xff, 0x63, 0xb1, 0xff, 0x63, 0xb1, 0xff, 0x8c, 0xb4, 0xff, 0x84, 0x74, 0xff,
    0x74, 0x33, 0xff, 0x74, 0x33, 0xff, 0x63, 0xb1, 0xff, 0x63, 0xb1, 0xff, 0x74, 0x33, 0xff, 0x74, 0x33, 0xff, 0x74, 0x33, 0xff, 0x74, 0x33, 0xff,
    0xe7, 0x3d, 0xff, 0xc6, 0x7a, 0xff, 0x63, 0xb1, 0xff, 0xde, 0xfc, 0xff, 0x9d, 0x56, 0xff, 0x63, 0xb1, 0xff, 0xff, 0xff, 0xff, 0x84, 0x74, 0xff,
    0x6b, 0xf2, 0xff, 0xff, 0xff, 0xff, 0xef, 0x7e, 0xff, 0x63, 0xb1, 0xff, 0x9d, 0x56, 0xff, 0xff, 0xff, 0xff, 0xff, 0xff, 0xff, 0xff, 0xff, 0xff,
    0xce, 0xbb, 0xff, 0x63, 0xb1, 0xff, 0xf7, 0xbf, 0xff, 0xff, 0xff, 0xff, 0xbe, 0x19, 0xff, 0x63, 0xb1, 0xff, 0x63, 0xb1, 0xff, 0x6b, 0xf2, 0xff,
    0x9d, 0x56, 0xff, 0xf7, 0xbf, 0xff, 0x8c, 0xb4, 0xff, 0x63, 0xb1, 0xff, 0x95, 0x15, 0xff, 0xef, 0x7e, 0xff, 0xde, 0xfc, 0xff, 0x6b, 0xf2, 0xff,
    0x8c, 0xd4, 0xff, 0xff, 0xff, 0xff, 0xde, 0xfc, 0xff, 0x63, 0xb1, 0xff, 0x63, 0xb1, 0xff, 0x63, 0xb1, 0xff, 0x74, 0x33, 0xff, 0xa5, 0x97, 0xff,
    0xff, 0xff, 0xff, 0xff, 0xff, 0xff, 0xff, 0xff, 0xff, 0xc6, 0x7a, 0xff, 0x63, 0xb1, 0xff, 0xc6, 0x5a, 0xff, 0xff, 0xff, 0xff, 0xff, 0xff, 0xff,
    0xb5, 0xd8, 0xff, 0x95, 0x15, 0xff, 0x63, 0xb1, 0xff, 0xde, 0xfc, 0xff, 0xce, 0xbb, 0xff, 0xb5, 0xd8, 0xff, 0x6b, 0xf2, 0xff, 0x74, 0x33, 0xff,
    0xb5, 0xd8, 0xff, 0xb5, 0xd8, 0xff, 0x63, 0xb1, 0xff, 0x74, 0x33, 0xff, 0xb5, 0xd8, 0xff, 0xef, 0x7e, 0xff, 0xc6, 0x7a, 0xff, 0x63, 0xb1, 0xff,
    0x63, 0xb1, 0xff, 0x63, 0xb1, 0xff, 0x63, 0xb1, 0xff, 0xff, 0xff, 0xff, 0x6b, 0xf2, 0xff, 0x84, 0x73, 0xff, 0xff, 0xff, 0xff, 0xef, 0x7e, 0xff,
    0x63, 0xb1, 0xff, 0x9d, 0x56, 0xff, 0xff, 0xff, 0xff, 0xff, 0xff, 0xff, 0xff, 0xff, 0xff, 0x9d, 0x56, 0xff, 0x8c, 0xd4, 0xff, 0xff, 0xff, 0xff,
    0xff, 0xff, 0xff, 0xde, 0xfc, 0xff, 0xb5, 0xd8, 0xff, 0x63, 0xb1, 0xff, 0x8c, 0xd4, 0xff, 0xff, 0xff, 0xff, 0xb5, 0xd8, 0xff, 0x63, 0xb1, 0xff,
    0x74, 0x33, 0xff, 0x63, 0xb1, 0xff, 0xde, 0xfc, 0xff, 0x94, 0xf5, 0xff, 0x63, 0xb1, 0xff, 0xde, 0xfc, 0xff, 0xff, 0xff, 0xff, 0xf7, 0xbe, 0xff,
    0x95, 0x15, 0xff, 0x8c, 0xb4, 0xff, 0x63, 0xb1, 0xff, 0xde, 0xfc, 0xff, 0xff, 0xff, 0xff, 0xff, 0xff, 0xff, 0xff, 0xff, 0xff, 0xff, 0xff, 0xff,
    0xc6, 0x7a, 0xff, 0x63, 0xb1, 0xff, 0xc6, 0x5a, 0xff, 0xff, 0xff, 0xff, 0xff, 0xff, 0xff, 0xff, 0xff, 0xff, 0xc6, 0x7a, 0xff, 0x63, 0xb1, 0xff,
    0xde, 0xfc, 0xff, 0xff, 0xff, 0xff, 0xb5, 0xd8, 0xff, 0x63, 0xb1, 0xff, 0x8c, 0xb4, 0xff, 0xef, 0x7e, 0xff, 0xbe, 0x19, 0xff, 0x63, 0xb1, 0xff,
    0xc6, 0x5a, 0xff, 0xff, 0xff, 0xff, 0xff, 0xff, 0xff, 0xc6, 0x7a, 0xff, 0x63, 0xb1, 0xff, 0x95, 0x15, 0xff, 0x9d, 0x56, 0xff, 0x9d, 0x56, 0xff,
    0xef, 0x7e, 0xff, 0x63, 0xb1, 0xff, 0x95, 0x15, 0xff, 0xff, 0xff, 0xff, 0xef, 0x7e, 0xff, 0x63, 0xb1, 0xff, 0x9d, 0x56, 0xff, 0xff, 0xff, 0xff,
    0xff, 0xff, 0xff, 0xff, 0xff, 0xff, 0x84, 0x74, 0xff, 0xb5, 0xd8, 0xff, 0xff, 0xff, 0xff, 0xff, 0xff, 0xff, 0xff, 0xff, 0xff, 0xff, 0xff, 0xff,
    0x63, 0xb1, 0xff, 0x8c, 0xd4, 0xff, 0xad, 0x97, 0xff, 0x63, 0xb1, 0xff, 0x74, 0x33, 0xff, 0xf7, 0xbf, 0xff, 0x84, 0x74, 0xff, 0x63, 0xb1, 0xff,
    0x63, 0xb1, 0xff, 0xa5, 0x97, 0xff, 0xff, 0xff, 0xff, 0xff, 0xff, 0xff, 0xff, 0xff, 0xff, 0xff, 0xff, 0xff, 0xb5, 0xd8, 0xff, 0x63, 0xb1, 0xff,
    0xde, 0xfc, 0xff, 0xff, 0xff, 0xff, 0xff, 0xff, 0xff, 0xff, 0xff, 0xff, 0xff, 0xff, 0xff, 0xc6, 0x7a, 0xff, 0x63, 0xb1, 0xff, 0xc6, 0x5a, 0xff,
    0xff, 0xff, 0xff, 0xff, 0xff, 0xff, 0xff, 0xff, 0xff, 0xc6, 0x7a, 0xff, 0x63, 0xb1, 0xff, 0xde, 0xfc, 0xff, 0xff, 0xff, 0xff, 0xde, 0xfc, 0xff,
    0x9d, 0x56, 0xff, 0x74, 0x33, 0xff, 0x63, 0xb1, 0xff, 0x63, 0xb1, 0xff, 0x6b, 0xf2, 0xff, 0xff, 0xff, 0xff, 0xff, 0xff, 0xff, 0xff, 0xff, 0xff,
    0xce, 0xbb, 0xff, 0x8c, 0xb4, 0xff, 0xe7, 0x3d, 0xff, 0xff, 0xff, 0xff, 0xff, 0xff, 0xff, 0xc6, 0x5a, 0xff, 0x63, 0xb1, 0xff, 0xc6, 0x5a, 0xff,
    0xff, 0xff, 0xff, 0xef, 0x7e, 0xff, 0x63, 0xb1, 0xff, 0x9d, 0x56, 0xff, 0xff, 0xff, 0xff, 0xff, 0xff, 0xff, 0xef, 0x7e, 0xff, 0x63, 0xb1, 0xff,
    0xde, 0xfc, 0xff, 0xff, 0xff, 0xff, 0xff, 0xff, 0xff, 0xff, 0xff, 0xff, 0xff, 0xff, 0xff, 0x63, 0xb1, 0xff, 0x8c, 0xd4, 0xff, 0xb5, 0xd8, 0xff,
    0x74, 0x33, 0xff, 0xef, 0x7e, 0xff, 0xef, 0x7e, 0xff, 0x84, 0x74, 0xff, 0x63, 0xb1, 0xff, 0x63, 0xb1, 0xff, 0xbe, 0x19, 0xff, 0xff, 0xff, 0xff,
    0xff, 0xff, 0xff, 0xff, 0xff, 0xff, 0xff, 0xff, 0xff, 0xb5, 0xd8, 0xff, 0x63, 0xb1, 0xff, 0xde, 0xfc, 0xff, 0xff, 0xff, 0xff, 0xff, 0xff, 0xff,
    0xff, 0xff, 0xff, 0xff, 0xff, 0xff, 0xc6, 0x7a, 0xff, 0x63, 0xb1, 0xff, 0xc6, 0x5a, 0xff, 0xff, 0xff, 0xff, 0xff, 0xff, 0xff, 0xce, 0xbb, 0xff,
    0x95, 0x15, 0xff, 0x63, 0xb1, 0xff, 0xe7, 0x3d, 0xff, 0xe7, 0x3d, 0xff, 0xc6, 0x7a, 0xff, 0xa5, 0x97, 0xff, 0x6b, 0xf2, 0xff, 0x63, 0xb1, 0xff,
    0x6b, 0xf2, 0xff, 0x63, 0xb1, 0xff, 0x74, 0x33, 0xff, 0xc6, 0x5a, 0xff, 0xff, 0xff, 0xff, 0xff, 0xff, 0xff, 0xff, 0xff, 0xff, 0xff, 0xff, 0xff,
    0xff, 0xff, 0xff, 0xff, 0xff, 0xff, 0x74, 0x33, 0xff, 0x63, 0xb1, 0xff, 0xef, 0x7e, 0xff, 0xff, 0xff, 0xff, 0xef, 0x7e, 0xff, 0x63, 0xb1, 0xff,
    0x9d, 0x56, 0xff, 0xff, 0xff, 0xff, 0xff, 0xff, 0xff, 0xce, 0xbb, 0xff, 0x63, 0xb1, 0xff, 0xff, 0xff, 0xff, 0xff, 0xff, 0xff, 0xff, 0xff, 0xff,
    0xef, 0x7e, 0xff, 0x9d, 0x56, 0xff, 0x63, 0xb1, 0xff, 0x8c, 0xd4, 0xff, 0xff, 0xff, 0xff, 0xde, 0xfc, 0xff, 0x95, 0x15, 0xff, 0x63, 0xb1, 0xff,
    0x63, 0xb1, 0xff, 0xa5, 0x97, 0xff, 0x74, 0x33, 0xff, 0x63, 0xb1, 0xff, 0x74, 0x33, 0xff, 0xce, 0xbb, 0xff, 0xff, 0xff, 0xff, 0xbe, 0x19, 0xff,
    0x8c, 0xb4, 0xff, 0x63, 0xb1, 0xff, 0xde, 0xfc, 0xff, 0xff, 0xff, 0xff, 0xff, 0xff, 0xff, 0xb5, 0xd8, 0xff, 0x8c, 0xd4, 0xff, 0x74, 0x33, 0xff,
    0x63, 0xb1, 0xff, 0xce, 0xbb, 0xff, 0xff, 0xff, 0xff, 0xff, 0xff, 0xff, 0xc6, 0x7a, 0xff, 0x63, 0xb1, 0xff, 0x8c, 0xb4, 0xff, 0xff, 0xff, 0xff,
    0xbe, 0x19, 0xff, 0x63, 0xb1, 0xff, 0x74, 0x33, 0xff, 0xa5, 0x97, 0xff, 0xde, 0xfc, 0xff, 0xff, 0xff, 0xff, 0xc6, 0x5a, 0xff, 0x74, 0x33, 0xff,
    0xb5, 0xd8, 0xff, 0xff, 0xff, 0xff, 0xff, 0xff, 0xff, 0xff, 0xff, 0xff, 0xff, 0xff, 0xff, 0xff, 0xff, 0xff, 0xf7, 0xbe, 0xff, 0x95, 0x15, 0xff,
    0x9d, 0x56, 0xff, 0xff, 0xff, 0xff, 0xff, 0xff, 0xff, 0xef, 0x7e, 0xff, 0x63, 0xb1, 0xff, 0x9d, 0x56, 0xff, 0xff, 0xff, 0xff, 0xff, 0xff, 0xff,
    0x9d, 0x56, 0xff, 0x8c, 0xd4, 0xff, 0xff, 0xff, 0xff, 0xff, 0xff, 0xff, 0xff, 0xff, 0xff, 0xff, 0xff, 0xff, 0x6b, 0xf2, 0xff, 0x6b, 0xf2, 0xff,
    0xce, 0x9b, 0xff, 0xff, 0xff, 0xff, 0xef, 0x7e, 0xff, 0x6b, 0xf2, 0xff, 0x8c, 0xb4, 0xff, 0xde, 0xfc, 0xff, 0xff, 0xff, 0xff, 0xef, 0x7e, 0xff,
    0x9d, 0x56, 0xff, 0x63, 0xb1, 0xff, 0xde, 0xfc, 0xff, 0xff, 0xff, 0xff, 0x94, 0xf5, 0xff, 0x63, 0xb1, 0xff, 0x8c, 0xb4, 0xff, 0xff, 0xff, 0xff,
    0xff, 0xff, 0xff, 0xff, 0xff, 0xff, 0xbe, 0x19, 0xff, 0x63, 0xb1, 0xff, 0x63, 0xb1, 0xff, 0x8c, 0xb4, 0xff, 0xef, 0x7e, 0xff, 0xff, 0xff, 0xff,
    0xff, 0xff, 0xff, 0xff, 0xff, 0xff, 0xff, 0xff, 0xff, 0xff, 0xff, 0xff, 0xff, 0xff, 0xff, 0xff, 0xff, 0xff, 0xf7, 0xbf, 0xff, 0xff, 0xff, 0xff,
    0xff, 0xff, 0xff, 0xff, 0xff, 0xff, 0xff, 0xff, 0xff, 0xff, 0xff, 0xff, 0xff, 0xff, 0xff, 0xff, 0xff, 0xff, 0xff, 0xff, 0xff, 0xff, 0xff, 0xff,
    0xff, 0xff, 0xff, 0xff, 0xff, 0xff, 0xff, 0xff, 0xff, 0xff, 0xff, 0xff, 0xff, 0xff, 0xff, 0xf7, 0xbf, 0xff, 0xff, 0xff, 0xff, 0xff, 0xff, 0xff,
    0xff, 0xff, 0xff, 0xef, 0x7e, 0xff, 0xf7, 0xbf, 0xff, 0xff, 0xff, 0xff, 0xff, 0xff, 0xff, 0x74, 0x33, 0xff, 0xb5, 0xd8, 0xff, 0xff, 0xff, 0xff,
    0xff, 0xff, 0xff, 0xff, 0xff, 0xff, 0xff, 0xff, 0xff, 0xef, 0x7e, 0xff, 0xf7, 0xbf, 0xff, 0xff, 0xff, 0xff, 0xff, 0xff, 0xff, 0xff, 0xff, 0xff,
    0xf7, 0xbf, 0xff, 0xff, 0xff, 0xff, 0xff, 0xff, 0xff, 0xff, 0xff, 0xff, 0xff, 0xff, 0xff, 0xff, 0xff, 0xff, 0xf7, 0xbf, 0xff, 0xff, 0xff, 0xff,
    0xff, 0xff, 0xff, 0xff, 0xff, 0xff, 0xff, 0xff, 0xff, 0xff, 0xff, 0xff, 0xff, 0xff, 0xff, 0xff, 0xff, 0xff, 0xff, 0xff, 0xff, 0xff, 0xff, 0xff,
    0xf7, 0xbf, 0xff, 0xff, 0xff, 0xff, 0xff, 0xff, 0xff, 0xff, 0xff, 0xff, 0xff, 0xff, 0xff, 0xff, 0xff, 0xff, 0xff, 0xff, 0xff, 0xff, 0xff, 0xff,
    0xff, 0xff, 0xff, 0xff, 0xff, 0xff, 0xff, 0xff, 0xff, 0xff, 0xff, 0xff, 0xff, 0xff, 0xff, 0xff, 0xff, 0xff, 0xff, 0xff, 0xff, 0xff, 0xff, 0xff,
    0xff, 0xff, 0xff, 0xff, 0xff, 0xff, 0xff, 0xff, 0xff, 0xff, 0xff, 0xff, 0xff, 0xff, 0xff, 0xff, 0xff, 0xff, 0xff, 0xff, 0xff, 0xff, 0xff, 0xff,
    0xff, 0xff, 0xff, 0xff, 0xff, 0xff, 0xff, 0xff, 0xff, 0xff, 0xff, 0xff, 0xff, 0xff, 0xff, 0xff, 0xff, 0xff, 0xff, 0xff, 0xff, 0xff, 0xff, 0xff,
    0xff, 0xff, 0xff, 0xff, 0xff, 0xff, 0xc6, 0x7a, 0xff, 0xef, 0x7e, 0xff, 0xff, 0xff, 0xff, 0xff, 0xff, 0xff, 0xff, 0xff, 0xff, 0xff, 0xff, 0xff,
    0xff, 0xff, 0xff, 0xff, 0xff, 0xff, 0xff, 0xff, 0xff, 0xff, 0xff, 0xff, 0xff, 0xff, 0xff, 0xff, 0xff, 0xff, 0xff, 0xff, 0xff, 0xff, 0xff, 0xff,
    0xff, 0xff, 0xff, 0xff, 0xff, 0xff, 0xff, 0xff, 0xff, 0xff, 0xff, 0xff, 0xff, 0xff, 0xff, 0xff, 0xff, 0xff, 0xff, 0xff, 0xff, 0xff, 0xff, 0xff,
    0xff, 0xff, 0xff, 0xff, 0xff, 0xff, 0xff, 0xff, 0xff, 0xff, 0xff, 0xff, 0xff, 0xff, 0xff, 0xff, 0xff, 0xff, 0xff, 0xff, 0xff, 0xff, 0xff, 0xff,
    0xff, 0xff, 0xff, 0xff, 0xff, 0xff, 0xff, 0xff, 0xff,
};

const lv_img_dsc_t home_text_call_desc_img = {
    .header.cf = LV_IMG_CF_TRUE_COLOR_ALPHA,
    .header.always_zero = 0,
    .header.reserved = 0,
    .header.w = 61,
    .header.h = 15,
    .data_size = 61 * 15 * LV_IMG_PX_SIZE_ALPHA_BYTE,
    .data = home_text_call_desc_img_map,
};

static const LV_ATTRIBUTE_MEM_ALIGN LV_ATTRIBUTE_LARGE_CONST uint8_t home_text_wechat_img_map[] = {
    0xff, 0xff, 0xff, 0xff, 0xff, 0xff, 0xff, 0xff, 0xff, 0x4a, 0xcd, 0xff, 0x6b, 0xb0, 0xff, 0xe7, 0x3c, 0xff, 0xff, 0xff, 0xff, 0xff, 0xff, 0xff,
    0x29, 0xea, 0xff, 0x29, 0xea, 0xff, 0xff, 0xff, 0xff, 0xff, 0xff, 0xff, 0xff, 0xff, 0xff, 0xd6, 0xbb, 0xff, 0x3a, 0x6c, 0xff, 0x5b, 0x4f, 0xff,
    0xff, 0xff, 0xff, 0xff, 0xff, 0xff, 0xff, 0xff, 0xff, 0xff, 0xff, 0xff, 0xff, 0xff, 0xff, 0xff, 0xff, 0xff, 0xff, 0xff, 0xff, 0xff, 0xff, 0xff,
    0x84, 0x93, 0xff, 0x6b, 0xb0, 0xff, 0xd6, 0xbb, 0xff, 0xff, 0xff, 0xff, 0xff, 0xff, 0xff, 0xff, 0xff, 0xff, 0xe7, 0x3c, 0xff, 0x7c, 0x12, 0xff,
    0x3a, 0x6c, 0xff, 0xf7, 0x9e, 0xff, 0xff, 0xff, 0xff, 0xff, 0xff, 0xff, 0xff, 0xff, 0xff, 0xff, 0xff, 0xff, 0xff, 0xff, 0xff, 0xff, 0xff, 0xff,
    0xff, 0xff, 0xff, 0xff, 0xff, 0xff, 0xff, 0xff, 0xff, 0xff, 0xff, 0xff, 0xff, 0xff, 0xff, 0xff, 0xff, 0xff, 0xff, 0xff, 0xff, 0xff, 0xff, 0xff,
    0xff, 0xff, 0xff, 0xff, 0xff, 0xff, 0xff, 0xff, 0xff, 0xff, 0xff, 0xff, 0xff, 0xff, 0xff, 0xff, 0xff, 0xff, 0xe7, 0x1c, 0xff, 0xa5, 0x76, 0xff,
    0x7c, 0x12, 0xff, 0xd6, 0xbb, 0xff, 0xff, 0xff, 0xff, 0xff, 0xff, 0xff, 0xff, 0xff, 0xff, 0xff, 0xff, 0xff, 0xff, 0xff, 0xff, 0xff, 0xff, 0xff,
    0xff, 0xff, 0xff, 0xff, 0xff, 0xff, 0xff, 0xff, 0xff, 0xff, 0xff, 0xff, 0xff, 0xff, 0xff, 0xff, 0xff, 0xff, 0xff, 0xff, 0xff, 0xff, 0xff, 0xff,
    0xff, 0xff, 0xff, 0xff, 0xff, 0xff, 0xff, 0xff, 0xff, 0xc6, 0x59, 0xff, 0x6b, 0xb0, 0xff, 0x6b, 0xb0, 0xff, 0xf7, 0x9e, 0xff, 0xff, 0xff, 0xff,
    0xff, 0xff, 0xff, 0x84, 0x93, 0xff, 0x11, 0x27, 0xff, 0x11, 0x27, 0xff, 0xd6, 0xbb, 0xff, 0xc6, 0x59, 0xff, 0xf7, 0x9e, 0xff, 0x29, 0xea, 0xff,
    0x29, 0xea, 0xff, 0xf7, 0x9e, 0xff, 0xc6, 0x59, 0xff, 0xe7, 0x3c, 0xff, 0xb5, 0xd8, 0xff, 0x11, 0x27, 0xff, 0x29, 0xea, 0xff, 0xff, 0xff, 0xff,
    0xff, 0xff, 0xff, 0xff, 0xff, 0xff, 0xff, 0xff, 0xff, 0xff, 0xff, 0xff, 0xff, 0xff, 0xff, 0xff, 0xff, 0xff, 0xe7, 0x3c, 0xff, 0x11, 0x27, 0xff,
    0x11, 0x27, 0xff, 0xa5, 0x76, 0xff, 0xff, 0xff, 0xff, 0xff, 0xff, 0xff, 0xff, 0xff, 0xff, 0xf7, 0x9e, 0xff, 0x19, 0x89, 0xff, 0x11, 0x27, 0xff,
    0x84, 0x93, 0xff, 0xff, 0xff, 0xff, 0xff, 0xff, 0xff, 0xff, 0xff, 0xff, 0xff, 0xff, 0xff, 0xff, 0xff, 0xff, 0xff, 0xff, 0xff, 0xff, 0xff, 0xff,
    0xff, 0xff, 0xff, 0xff, 0xff, 0xff, 0xff, 0xff, 0xff, 0xff, 0xff, 0xff, 0xff, 0xff, 0xff, 0xff, 0xff, 0xff, 0xc6, 0x59, 0xff, 0xa5, 0x76, 0xff,
    0x84, 0x93, 0xff, 0x7c, 0x12, 0xff, 0x5b, 0x4f, 0xff, 0x2a, 0x0a, 0xff, 0x19, 0x89, 0xff, 0x11, 0x27, 0xff, 0x11, 0x27, 0xff, 0x11, 0x27, 0xff,
    0x29, 0xea, 0xff, 0xe7, 0x3c, 0xff, 0xff, 0xff, 0xff, 0xff, 0xff, 0xff, 0xd6, 0xbb, 0xff, 0xc6, 0x59, 0xff, 0xc6, 0x59, 0xff, 0xc6, 0x59, 0xff,
    0xc6, 0x59, 0xff, 0xc6, 0x59, 0xff, 0xc6, 0x59, 0xff, 0xf7, 0x9e, 0xff, 0xff, 0xff, 0xff, 0xe7, 0x1c, 0xff, 0xe7, 0x1c, 0xff, 0xf7, 0x9e, 0xff,
    0xff, 0xff, 0xff, 0xff, 0xff, 0xff, 0xa5, 0x76, 0xff, 0x11, 0x27, 0xff, 0x11, 0x27, 0xff, 0xe7, 0x1c, 0xff, 0xff, 0xff, 0xff, 0x84, 0x93, 0xff,
    0x11, 0x27, 0xff, 0x11, 0x27, 0xff, 0x84, 0x93, 0xff, 0xc6, 0x39, 0xff, 0x11, 0x27, 0xff, 0xc6, 0x59, 0xff, 0x29, 0xea, 0xff, 0x29, 0xea, 0xff,
    0xc6, 0x39, 0xff, 0x11, 0x27, 0xff, 0xa5, 0x76, 0xff, 0x84, 0x93, 0xff, 0x11, 0x27, 0xff, 0x4a, 0xcd, 0xff, 0xff, 0xff, 0xff, 0xff, 0xff, 0xff,
    0xff, 0xff, 0xff, 0xff, 0xff, 0xff, 0xff, 0xff, 0xff, 0xff, 0xff, 0xff, 0xff, 0xff, 0xff, 0xa5, 0x76, 0xff, 0x11, 0x27, 0xff, 0x29, 0xea, 0xff,
    0xff, 0xff, 0xff, 0xff, 0xff, 0xff, 0xff, 0xff, 0xff, 0xff, 0xff, 0xff, 0xff, 0xff, 0xff, 0x84, 0x93, 0xff, 0x11, 0x27, 0xff, 0x29, 0xea, 0xff,
    0xff, 0xff, 0xff, 0xff, 0xff, 0xff, 0xff, 0xff, 0xff, 0xff, 0xff, 0xff, 0xff, 0xff, 0xff, 0xff, 0xff, 0xff, 0xff, 0xff, 0xff, 0x29, 0xea, 0xff,
    0x11, 0x27, 0xff, 0x11, 0x27, 0xff, 0x11, 0x27, 0xff, 0x11, 0x27, 0xff, 0x6b, 0xb0, 0xff, 0x7c, 0x32, 0xff, 0x11, 0x27, 0xff, 0x11, 0x27, 0xff,
    0x11, 0x27, 0xff, 0x11, 0x27, 0xff, 0x11, 0x27, 0xff, 0x11, 0x27, 0xff, 0x11, 0x27, 0xff, 0x29, 0xea, 0xff, 0x5b, 0x4f, 0xff, 0x84, 0x93, 0xff,
    0xd6, 0xbb, 0xff, 0xff, 0xff, 0xff, 0xff, 0xff, 0xff, 0x4a, 0xcd, 0xff, 0x11, 0x27, 0xff, 0x11, 0x27, 0xff, 0x11, 0x27, 0xff, 0x11, 0x27, 0xff,
    0x11, 0x27, 0xff, 0x11, 0x27, 0xff, 0xc6, 0x59, 0xff, 0xff, 0xff, 0xff, 0x11, 0x27, 0xff, 0x11, 0x27, 0xff, 0xa5, 0x76, 0xff, 0xff, 0xff, 0xff,
    0xff, 0xff, 0xff, 0xa5, 0x76, 0xff, 0x11, 0x27, 0xff, 0x11, 0x27, 0xff, 0xe7, 0x1c, 0xff, 0x84, 0x93, 0xff, 0x11, 0x27, 0xff, 0x11, 0x27, 0xff,
    0x7c, 0x12, 0xff, 0xff, 0xff, 0xff, 0xc6, 0x39, 0xff, 0x11, 0x27, 0xff, 0xc6, 0x59, 0xff, 0x29, 0xea, 0xff, 0x29, 0xea, 0xff, 0xc6, 0x39, 0xff,
    0x11, 0x27, 0xff, 0xa5, 0x76, 0xff, 0x5b, 0x4f, 0xff, 0x11, 0x27, 0xff, 0x84, 0x93, 0xff, 0xff, 0xff, 0xff, 0xff, 0xff, 0xff, 0xff, 0xff, 0xff,
    0xff, 0xff, 0xff, 0xff, 0xff, 0xff, 0xff, 0xff, 0xff, 0xff, 0xff, 0xff, 0x29, 0xea, 0xff, 0x11, 0x27, 0xff, 0x6b, 0xb0, 0xff, 0x2a, 0x0a, 0xff,
    0x2a, 0x0a, 0xff, 0x2a, 0x0a, 0xff, 0x2a, 0x0a, 0xff, 0x2a, 0x0a, 0xff, 0x2a, 0x0a, 0xff, 0x11, 0x27, 0xff, 0x2a, 0x0a, 0xff, 0x2a, 0x0a, 0xff,
    0x2a, 0x0a, 0xff, 0x2a, 0x0a, 0xff, 0x2a, 0x0a, 0xff, 0x2a, 0x0a, 0xff, 0xff, 0xff, 0xff, 0xff, 0xff, 0xff, 0x29, 0xea, 0xff, 0x11, 0x27, 0xff,
    0x11, 0x27, 0xff, 0x11, 0x27, 0xff, 0x11, 0x27, 0xff, 0x6b, 0xb0, 0xff, 0xc6, 0x39, 0xff, 0x6b, 0xb0, 0xff, 0x6b, 0xb0, 0xff, 0x84, 0x93, 0xff,
    0x84, 0x93, 0xff, 0x11, 0x27, 0xff, 0x11, 0x27, 0xff, 0xc6, 0x59, 0xff, 0xff, 0xff, 0xff, 0xff, 0xff, 0xff, 0xff, 0xff, 0xff, 0xff, 0xff, 0xff,
    0xff, 0xff, 0xff, 0xff, 0xff, 0xff, 0x4a, 0xcd, 0xff, 0x11, 0x27, 0xff, 0x11, 0x27, 0xff, 0x11, 0x27, 0xff, 0x11, 0x27, 0xff, 0x11, 0x27, 0xff,
    0x11, 0x27, 0xff, 0xc6, 0x59, 0xff, 0xff, 0xff, 0xff, 0x11, 0x27, 0xff, 0x11, 0x27, 0xff, 0xa5, 0x76, 0xff, 0xff, 0xff, 0xff, 0xff, 0xff, 0xff,
    0xa5, 0x76, 0xff, 0x11, 0x27, 0xff, 0x11, 0x27, 0xff, 0xe7, 0x1c, 0xff, 0x94, 0xf5, 0xff, 0x11, 0x27, 0xff, 0x6b, 0xb0, 0xff, 0xb5, 0xd8, 0xff,
    0x94, 0xf5, 0xff, 0xa5, 0x76, 0xff, 0x11, 0x27, 0xff, 0xa5, 0x76, 0xff, 0x29, 0xea, 0xff, 0x29, 0xea, 0xff, 0xb5, 0xd8, 0xff, 0x11, 0x27, 0xff,
    0xa5, 0x76, 0xff, 0x29, 0xea, 0xff, 0x11, 0x27, 0xff, 0x11, 0x27, 0xff, 0x11, 0x27, 0xff, 0x11, 0x27, 0xff, 0x11, 0x27, 0xff, 0xe7, 0x1c, 0xff,
    0xff, 0xff, 0xff, 0xff, 0xff, 0xff, 0x84, 0x93, 0xff, 0x11, 0x27, 0xff, 0x11, 0x27, 0xff, 0xd6, 0xbb, 0xff, 0x11, 0x27, 0xff, 0x11, 0x27, 0xff,
    0x11, 0x27, 0xff, 0x11, 0x27, 0xff, 0x11, 0x27, 0xff, 0x11, 0x27, 0xff, 0x11, 0x27, 0xff, 0x11, 0x27, 0xff, 0x11, 0x27, 0xff, 0x11, 0x27, 0xff,
    0x11, 0x27, 0xff, 0x11, 0x27, 0xff, 0x11, 0x27, 0xff, 0xff, 0xff, 0xff, 0xff, 0xff, 0xff, 0x29, 0xea, 0xff, 0x11, 0x27, 0xff, 0xa5, 0x76, 0xff,
    0x6b, 0xb0, 0xff, 0x11, 0x27, 0xff, 0x6b, 0xb0, 0xff, 0xf7, 0x9e, 0xff, 0x84, 0x93, 0xff, 0x94, 0xf5, 0xff, 0xff, 0xff, 0xff, 0xe7, 0x1c, 0xff,
    0x11, 0x27, 0xff, 0x11, 0x27, 0xff, 0xc6, 0x59, 0xff, 0xff, 0xff, 0xff, 0x4a, 0xcd, 0xff, 0x3a, 0x6c, 0xff, 0x94, 0xf5, 0xff, 0xff, 0xff, 0xff,
    0xff, 0xff, 0xff, 0x4a, 0xcd, 0xff, 0x11, 0x27, 0xff, 0x84, 0x93, 0xff, 0xff, 0xff, 0xff, 0xff, 0xff, 0xff, 0x11, 0x27, 0xff, 0x11, 0x27, 0xff,
    0xc6, 0x59, 0xff, 0xff, 0xff, 0xff, 0x11, 0x27, 0xff, 0x11, 0x27, 0xff, 0xa5, 0x76, 0xff, 0xff, 0xff, 0xff, 0xff, 0xff, 0xff, 0xa5, 0x76, 0xff,
    0x11, 0x27, 0xff, 0x11, 0x27, 0xff, 0xe7, 0x1c, 0xff, 0xff, 0xff, 0xff, 0xa5, 0x76, 0xff, 0xff, 0xff, 0xff, 0x29, 0xea, 0xff, 0x11, 0x27, 0xff,
    0x29, 0xea, 0xff, 0x11, 0x27, 0xff, 0x11, 0x27, 0xff, 0x11, 0x27, 0xff, 0x11, 0x27, 0xff, 0x11, 0x27, 0xff, 0x11, 0x27, 0xff, 0x7c, 0x12, 0xff,
    0x11, 0x27, 0xff, 0x11, 0x27, 0xff, 0x11, 0x27, 0xff, 0x11, 0x27, 0xff, 0x11, 0x27, 0xff, 0x11, 0x27, 0xff, 0xe7, 0x1c, 0xff, 0xff, 0xff, 0xff,
    0xe7, 0x3c, 0xff, 0x11, 0x27, 0xff, 0x11, 0x27, 0xff, 0x11, 0x27, 0xff, 0xe7, 0x1c, 0xff, 0xe7, 0x1c, 0xff, 0xe7, 0x1c, 0xff, 0xe7, 0x1c, 0xff,
    0xe7, 0x1c, 0xff, 0xe7, 0x1c, 0xff, 0xe7, 0x1c, 0xff, 0xe7, 0x1c, 0xff, 0xe7, 0x1c, 0xff, 0xe7, 0x1c, 0xff, 0xe7, 0x1c, 0xff, 0xe7, 0x1c, 0xff,
    0xe7, 0x1c, 0xff, 0xe7, 0x1c, 0xff, 0xff, 0xff, 0xff, 0xff, 0xff, 0xff, 0x29, 0xea, 0xff, 0x11, 0x27, 0xff, 0xe7, 0x1c, 0xff, 0x84, 0x93, 0xff,
    0x11, 0x27, 0xff, 0x6b, 0xb0, 0xff, 0xc6, 0x39, 0xff, 0x11, 0x27, 0xff, 0x11, 0x27, 0xff, 0xf7, 0x9e, 0xff, 0xe7, 0x1c, 0xff, 0x11, 0x27, 0xff,
    0x11, 0x27, 0xff, 0xc6, 0x59, 0xff, 0xf7, 0x9e, 0xff, 0x11, 0x27, 0xff, 0x11, 0x27, 0xff, 0xa5, 0x76, 0xff, 0xff, 0xff, 0xff, 0xff, 0xff, 0xff,
    0x4a, 0xcd, 0xff, 0x11, 0x27, 0xff, 0x84, 0x93, 0xff, 0xff, 0xff, 0xff, 0xff, 0xff, 0xff, 0x11, 0x27, 0xff, 0x11, 0x27, 0xff, 0xc6, 0x59, 0xff,
    0xff, 0xff, 0xff, 0x11, 0x27, 0xff, 0x11, 0x27, 0xff, 0xa5, 0x76, 0xff, 0xff, 0xff, 0xff, 0xff, 0xff, 0xff, 0xa5, 0x76, 0xff, 0x11, 0x27, 0xff,
    0x11, 0x27, 0xff, 0xe7, 0x1c, 0xff, 0xff, 0xff, 0xff, 0xff, 0xff, 0xff, 0x84, 0x93, 0xff, 0x11, 0x27, 0xff, 0x11, 0x27, 0xff, 0xb5, 0xd8, 0xff,
    0x4a, 0xcd, 0xff, 0x4a, 0xcd, 0xff, 0x4a, 0xcd, 0xff, 0x4a, 0xcd, 0xff, 0x4a, 0xcd, 0xff, 0x4a, 0xcd, 0xff, 0x29, 0xea, 0xff, 0x11, 0x27, 0xff,
    0x4a, 0xcd, 0xff, 0xff, 0xff, 0xff, 0x6b, 0xb0, 0xff, 0x11, 0x27, 0xff, 0x94, 0xf5, 0xff, 0xff, 0xff, 0xff, 0xff, 0xff, 0xff, 0x29, 0xea, 0xff,
    0x11, 0x27, 0xff, 0x11, 0x27, 0xff, 0x11, 0x27, 0xff, 0xe7, 0x1c, 0xff, 0xff, 0xff, 0xff, 0x94, 0xf5, 0xff, 0x2a, 0x0a, 0xff, 0x2a, 0x0a, 0xff,
    0x2a, 0x0a, 0xff, 0x2a, 0x0a, 0xff, 0x2a, 0x0a, 0xff, 0x2a, 0x0a, 0xff, 0x2a, 0x0a, 0xff, 0x2a, 0x0a, 0xff, 0x2a, 0x0a, 0xff, 0x94, 0xf5, 0xff,
    0xff, 0xff, 0xff, 0xff, 0xff, 0xff, 0xff, 0xff, 0xff, 0x29, 0xea, 0xff, 0x11, 0x27, 0xff, 0xe7, 0x1c, 0xff, 0x84, 0x93, 0xff, 0x11, 0x27, 0xff,
    0x6b, 0xb0, 0xff, 0xff, 0xff, 0xff, 0x4a, 0xcd, 0xff, 0x11, 0x27, 0xff, 0x84, 0x93, 0xff, 0xe7, 0x1c, 0xff, 0x11, 0x27, 0xff, 0x11, 0x27, 0xff,
    0xc6, 0x59, 0xff, 0xa5, 0x76, 0xff, 0x11, 0x27, 0xff, 0x29, 0xea, 0xff, 0xff, 0xff, 0xff, 0xff, 0xff, 0xff, 0xff, 0xff, 0xff, 0x4a, 0xcd, 0xff,
    0x11, 0x27, 0xff, 0x84, 0x93, 0xff, 0xff, 0xff, 0xff, 0xff, 0xff, 0xff, 0x11, 0x27, 0xff, 0x11, 0x27, 0xff, 0xc6, 0x59, 0xff, 0xff, 0xff, 0xff,
    0x11, 0x27, 0xff, 0x11, 0x27, 0xff, 0xa5, 0x76, 0xff, 0xff, 0xff, 0xff, 0xff, 0xff, 0xff, 0xa5, 0x76, 0xff, 0x11, 0x27, 0xff, 0x11, 0x27, 0xff,
    0xe7, 0x1c, 0xff, 0xff, 0xff, 0xff, 0xe7, 0x3c, 0xff, 0x11, 0x27, 0xff, 0x11, 0x27, 0xff, 0x5b, 0x2f, 0xff, 0xf7, 0x9e, 0xff, 0xe7, 0x1c, 0xff,
    0xe7, 0x1c, 0xff, 0xe7, 0x1c, 0xff, 0xe7, 0x1c, 0xff, 0xe7, 0x1c, 0xff, 0xe7, 0x1c, 0xff, 0x29, 0xea, 0xff, 0x11, 0x27, 0xff, 0x29, 0xea, 0xff,
    0xff, 0xff, 0xff, 0x4a, 0xcd, 0xff, 0x11, 0x27, 0xff, 0xc6, 0x59, 0xff, 0xff, 0xff, 0xff, 0x84, 0x93, 0xff, 0x11, 0x27, 0xff, 0x11, 0x27, 0xff,
    0x11, 0x27, 0xff, 0x11, 0x27, 0xff, 0xe7, 0x1c, 0xff, 0xff, 0xff, 0xff, 0x84, 0x93, 0xff, 0x11, 0x27, 0xff, 0x11, 0x27, 0xff, 0x11, 0x27, 0xff,
    0x11, 0x27, 0xff, 0x11, 0x27, 0xff, 0x11, 0x27, 0xff, 0x11, 0x27, 0xff, 0x11, 0x27, 0xff, 0x11, 0x27, 0xff, 0x84, 0x93, 0xff, 0xff, 0xff, 0xff,
    0xff, 0xff, 0xff, 0xff, 0xff, 0xff, 0x29, 0xea, 0xff, 0x11, 0x27, 0xff, 0xe7, 0x1c, 0xff, 0x84, 0x93, 0xff, 0x11, 0x27, 0xff, 0x6b, 0xb0, 0xff,
    0xff, 0xff, 0xff, 0x84, 0x93, 0xff, 0x11, 0x27, 0xff, 0x4a, 0xcd, 0xff, 0xe7, 0x1c, 0xff, 0x11, 0x27, 0xff, 0x11, 0x27, 0xff, 0xc6, 0x59, 0xff,
    0x4a, 0xcd, 0xff, 0x11, 0x27, 0xff, 0x6b, 0xb0, 0xff, 0xff, 0xff, 0xff, 0xff, 0xff, 0xff, 0xff, 0xff, 0xff, 0x4a, 0xcd, 0xff, 0x11, 0x27, 0xff,
    0x84, 0x93, 0xff, 0xff, 0xff, 0xff, 0xff, 0xff, 0xff, 0x11, 0x27, 0xff, 0x11, 0x27, 0xff, 0xc6, 0x59, 0xff, 0xff, 0xff, 0xff, 0x11, 0x27, 0xff,
    0x11, 0x27, 0xff, 0xa5, 0x76, 0xff, 0xff, 0xff, 0xff, 0xff, 0xff, 0xff, 0xa5, 0x76, 0xff, 0x11, 0x27, 0xff, 0x11, 0x27, 0xff, 0xe7, 0x1c, 0xff,
    0xe7, 0x3c, 0xff, 0x29, 0xea, 0xff, 0x11, 0x27, 0xff, 0x11, 0x27, 0xff, 0x6b, 0xb0, 0xff, 0x84, 0x93, 0xff, 0x11, 0x27, 0xff, 0x11, 0x27, 0xff,
    0x11, 0x27, 0xff, 0x11, 0x27, 0xff, 0x11, 0x27, 0xff, 0x11, 0x27, 0xff, 0x11, 0x27, 0xff, 0x11, 0x27, 0xff, 0x11, 0x27, 0xff, 0xf7, 0x9e, 0xff,
    0x19, 0x89, 0xff, 0x11, 0x27, 0xff, 0xd6, 0xbb, 0xff, 0xff, 0xff, 0xff, 0xc6, 0x39, 0xff, 0x11, 0x27, 0xff, 0x6b, 0xb0, 0xff, 0x11, 0x27, 0xff,
    0x11, 0x27, 0xff, 0xe7, 0x1c, 0xff, 0xff, 0xff, 0xff, 0xff, 0xff, 0xff, 0xff, 0xff, 0xff, 0xff, 0xff, 0xff, 0xff, 0xff, 0xff, 0xff, 0xff, 0xff,
    0xff, 0xff, 0xff, 0xff, 0xff, 0xff, 0xff, 0xff, 0xff, 0xff, 0xff, 0xff, 0xff, 0xff, 0xff, 0xff, 0xff, 0xff, 0xff, 0xff, 0xff, 0xff, 0xff, 0xff,
    0xff, 0xff, 0xff, 0x29, 0xea, 0xff, 0x11, 0x27, 0xff, 0xe7, 0x1c, 0xff, 0x84, 0x93, 0xff, 0x11, 0x27, 0xff, 0x6b, 0xb0, 0xff, 0xff, 0xff, 0xff,
    0xc6, 0x39, 0xff, 0x11, 0x27, 0xff, 0x5b, 0x2f, 0xff, 0xe7, 0x1c, 0xff, 0x11, 0x27, 0xff, 0x11, 0x27, 0xff, 0xb5, 0xd8, 0xff, 0x19, 0x89, 0xff,
    0x11, 0x27, 0xff, 0xe7, 0x1c, 0xff, 0xff, 0xff, 0xff, 0xff, 0xff, 0xff, 0xff, 0xff, 0xff, 0x4a, 0xcd, 0xff, 0x11, 0x27, 0xff, 0x84, 0x93, 0xff,
    0xff, 0xff, 0xff, 0xff, 0xff, 0xff, 0x11, 0x27, 0xff, 0x11, 0x27, 0xff, 0xc6, 0x59, 0xff, 0xff, 0xff, 0xff, 0x11, 0x27, 0xff, 0x11, 0x27, 0xff,
    0xa5, 0x76, 0xff, 0xff, 0xff, 0xff, 0xff, 0xff, 0xff, 0xa5, 0x76, 0xff, 0x11, 0x27, 0xff, 0x11, 0x27, 0xff, 0xe7, 0x1c, 0xff, 0x3a, 0x6c, 0xff,
    0x11, 0x27, 0xff, 0x11, 0x27, 0xff, 0x11, 0x27, 0xff, 0x6b, 0xb0, 0xff, 0x94, 0xf5, 0xff, 0x29, 0xea, 0xff, 0x29, 0xea, 0xff, 0x29, 0xea, 0xff,
    0x29, 0xea, 0xff, 0x29, 0xea, 0xff, 0x29, 0xea, 0xff, 0x4a, 0xcd, 0xff, 0x29, 0xea, 0xff, 0x11, 0x27, 0xff, 0xb5, 0xd8, 0xff, 0x11, 0x27, 0xff,
    0x19, 0x89, 0xff, 0xff, 0xff, 0xff, 0xff, 0xff, 0xff, 0xff, 0xff, 0xff, 0x6b, 0xb0, 0xff, 0xf7, 0x9e, 0xff, 0x11, 0x27, 0xff, 0x11, 0x27, 0xff,
    0xe7, 0x1c, 0xff, 0xff, 0xff, 0xff, 0x94, 0xf5, 0xff, 0x2a, 0x0a, 0xff, 0x2a, 0x0a, 0xff, 0x2a, 0x0a, 0xff, 0x2a, 0x0a, 0xff, 0x2a, 0x0a, 0xff,
    0x2a, 0x0a, 0xff, 0x2a, 0x0a, 0xff, 0x2a, 0x0a, 0xff, 0x2a, 0x0a, 0xff, 0x94, 0xf5, 0xff, 0xff, 0xff, 0xff, 0xff, 0xff, 0xff, 0xff, 0xff, 0xff,
    0x29, 0xea, 0xff, 0x11, 0x27, 0xff, 0xe7, 0x1c, 0xff, 0x84, 0x93, 0xff, 0x11, 0x27, 0xff, 0x6b, 0xb0, 0xff, 0xd6, 0xbb, 0xff, 0xb5, 0xd8, 0xff,
    0xa5, 0x76, 0xff, 0xc6, 0x59, 0xff, 0xa5, 0x76, 0xff, 0x11, 0x27, 0xff, 0x11, 0x27, 0xff, 0x94, 0xf5, 0xff, 0xc6, 0x59, 0xff, 0x84, 0x93, 0xff,
    0xc6, 0x59, 0xff, 0xc6, 0x59, 0xff, 0xff, 0xff, 0xff, 0xff, 0xff, 0xff, 0x4a, 0xcd, 0xff, 0x11, 0x27, 0xff, 0x84, 0x93, 0xff, 0xff, 0xff, 0xff,
    0xff, 0xff, 0xff, 0x11, 0x27, 0xff, 0x11, 0x27, 0xff, 0xc6, 0x59, 0xff, 0xff, 0xff, 0xff, 0x11, 0x27, 0xff, 0x11, 0x27, 0xff, 0xa5, 0x76, 0xff,
    0xff, 0xff, 0xff, 0xff, 0xff, 0xff, 0xa5, 0x76, 0xff, 0x11, 0x27, 0xff, 0x11, 0x27, 0xff, 0xe7, 0x1c, 0xff, 0x94, 0xf5, 0xff, 0x11, 0x27, 0xff,
    0x19, 0x89, 0xff, 0x11, 0x27, 0xff, 0x6b, 0xb0, 0xff, 0xff, 0xff, 0xff, 0xa5, 0x76, 0xff, 0x84, 0x93, 0xff, 0x84, 0x93, 0xff, 0x84, 0x93, 0xff,
    0x84, 0x93, 0xff, 0xa5, 0x76, 0xff, 0xf7, 0x9e, 0xff, 0xa5, 0x76, 0xff, 0x11, 0x27, 0xff, 0x3a, 0x6c, 0xff, 0x11, 0x27, 0xff, 0x4a, 0xcd, 0xff,
    0xff, 0xff, 0xff, 0xff, 0xff, 0xff, 0xff, 0xff, 0xff, 0xff, 0xff, 0xff, 0xff, 0xff, 0xff, 0x11, 0x27, 0xff, 0x11, 0x27, 0xff, 0xe7, 0x1c, 0xff,
    0xff, 0xff, 0xff, 0x84, 0x93, 0xff, 0x11, 0x27, 0xff, 0x11, 0x27, 0xff, 0x11, 0x27, 0xff, 0x11, 0x27, 0xff, 0x11, 0x27, 0xff, 0x11, 0x27, 0xff,
    0x11, 0x27, 0xff, 0x11, 0x27, 0xff, 0x11, 0x27, 0xff, 0x84, 0x93, 0xff, 0xff, 0xff, 0xff, 0xff, 0xff, 0xff, 0xff, 0xff, 0xff, 0x29, 0xea, 0xff,
    0x11, 0x27, 0xff, 0xe7, 0x1c, 0xff, 0x84, 0x93, 0xff, 0x11, 0x27, 0xff, 0x6b, 0xb0, 0xff, 0x4a, 0xcd, 0xff, 0x11, 0x27, 0xff, 0x11, 0x27, 0xff,
    0x11, 0x27, 0xff, 0x11, 0x27, 0xff, 0x11, 0x27, 0xff, 0x11, 0x27, 0xff, 0x11, 0x27, 0xff, 0x11, 0x27, 0xff, 0x11, 0x27, 0xff, 0x11, 0x27, 0xff,
    0x11, 0x27, 0xff, 0xff, 0xff, 0xff, 0xff, 0xff, 0xff, 0x4a, 0xcd, 0xff, 0x11, 0x27, 0xff, 0x84, 0x93, 0xff, 0xff, 0xff, 0xff, 0xff, 0xff, 0xff,
    0x11, 0x27, 0xff, 0x11, 0x27, 0xff, 0xc6, 0x59, 0xff, 0xff, 0xff, 0xff, 0x11, 0x27, 0xff, 0x11, 0x27, 0xff, 0xa5, 0x76, 0xff, 0xff, 0xff, 0xff,
    0xff, 0xff, 0xff, 0xa5, 0x76, 0xff, 0x11, 0x27, 0xff, 0x11, 0x27, 0xff, 0xe7, 0x1c, 0xff, 0xff, 0xff, 0xff, 0x94, 0xf5, 0xff, 0x6b, 0xb0, 0xff,
    0x11, 0x27, 0xff, 0x6b, 0xb0, 0xff, 0xff, 0xff, 0xff, 0x4a, 0xcd, 0xff, 0x11, 0x27, 0xff, 0x11, 0x27, 0xff, 0x11, 0x27, 0xff, 0x11, 0x27, 0xff,
    0x4a, 0xcd, 0xff, 0xff, 0xff, 0xff, 0xe7, 0x1c, 0xff, 0x11, 0x27, 0xff, 0x11, 0x27, 0xff, 0x11, 0x27, 0xff, 0x94, 0xf5, 0xff, 0xff, 0xff, 0xff,
    0xff, 0xff, 0xff, 0xff, 0xff, 0xff, 0xff, 0xff, 0xff, 0xff, 0xff, 0xff, 0x11, 0x27, 0xff, 0x11, 0x27, 0xff, 0xe7, 0x1c, 0xff, 0xff, 0xff, 0xff,
    0xff, 0xff, 0xff, 0xff, 0xff, 0xff, 0xff, 0xff, 0xff, 0xff, 0xff, 0xff, 0xff, 0xff, 0xff, 0xff, 0xff, 0xff, 0xff, 0xff, 0xff, 0xff, 0xff, 0xff,
    0xff, 0xff, 0xff, 0xff, 0xff, 0xff, 0xff, 0xff, 0xff, 0xff, 0xff, 0xff, 0xff, 0xff, 0xff, 0xff, 0xff, 0xff, 0x29, 0xea, 0xff, 0x11, 0x27, 0xff,
    0x4a, 0xcd, 0xff, 0x29, 0xea, 0xff, 0x11, 0x27, 0xff, 0x6b, 0xb0, 0xff, 0x4a, 0xcd, 0xff, 0x11, 0x27, 0xff, 0x11, 0x27, 0xff, 0x11, 0x27, 0xff,
    0x11, 0x27, 0xff, 0x11, 0x27, 0xff, 0x11, 0x27, 0xff, 0x11, 0x27, 0xff, 0x11, 0x27, 0xff, 0x11, 0x27, 0xff, 0x11, 0x27, 0xff, 0x11, 0x27, 0xff,
    0xff, 0xff, 0xff, 0xff, 0xff, 0xff, 0x4a, 0xcd, 0xff, 0x11, 0x27, 0xff, 0x6b, 0xb0, 0xff, 0xc6, 0x59, 0xff, 0xc6, 0x59, 0xff, 0x11, 0x27, 0xff,
    0x11, 0x27, 0xff, 0xc6, 0x59, 0xff, 0xff, 0xff, 0xff, 0x11, 0x27, 0xff, 0x11, 0x27, 0xff, 0xa5, 0x76, 0xff, 0xd6, 0xbb, 0xff, 0x94, 0xf5, 0xff,
    0x3a, 0x6c, 0xff, 0x11, 0x27, 0xff, 0x11, 0x27, 0xff, 0xe7, 0x1c, 0xff, 0xff, 0xff, 0xff, 0xff, 0xff, 0xff, 0x6b, 0xb0, 0xff, 0x11, 0x27, 0xff,
    0x6b, 0xb0, 0xff, 0xff, 0xff, 0xff, 0x4a, 0xcd, 0xff, 0x11, 0x27, 0xff, 0x84, 0x93, 0xff, 0x94, 0xf5, 0xff, 0x11, 0x27, 0xff, 0x4a, 0xcd, 0xff,
    0xff, 0xff, 0xff, 0xff, 0xff, 0xff, 0x29, 0xea, 0xff, 0x11, 0x27, 0xff, 0x11, 0x27, 0xff, 0xe7, 0x1c, 0xff, 0xff, 0xff, 0xff, 0xff, 0xff, 0xff,
    0xff, 0xff, 0xff, 0xff, 0xff, 0xff, 0xff, 0xff, 0xff, 0x11, 0x27, 0xff, 0x11, 0x27, 0xff, 0xe7, 0x1c, 0xff, 0xff, 0xff, 0xff, 0x4a, 0xcd, 0xff,
    0x2a, 0x0a, 0xff, 0x2a, 0x0a, 0xff, 0x2a, 0x0a, 0xff, 0x2a, 0x0a, 0xff, 0x2a, 0x0a, 0xff, 0x2a, 0x0a, 0xff, 0x2a, 0x0a, 0xff, 0x2a, 0x0a, 0xff,
    0x2a, 0x0a, 0xff, 0x6b, 0xb0, 0xff, 0xff, 0xff, 0xff, 0xff, 0xff, 0xff, 0xff, 0xff, 0xff, 0x29, 0xea, 0xff, 0x11, 0x27, 0xff, 0x11, 0x27, 0xff,
    0x11, 0x27, 0xff, 0x11, 0x27, 0xff, 0x6b, 0xb0, 0xff, 0xff, 0xff, 0xff, 0xff, 0xff, 0xff, 0xff, 0xff, 0xff, 0xff, 0xff, 0xff, 0xe7, 0x1c, 0xff,
    0x11, 0x27, 0xff, 0x11, 0x27, 0xff, 0xc6, 0x59, 0xff, 0xff, 0xff, 0xff, 0xff, 0xff, 0xff, 0xff, 0xff, 0xff, 0xff, 0xff, 0xff, 0xff, 0xff, 0xff,
    0xff, 0xff, 0xff, 0x4a, 0xcd, 0xff, 0x11, 0x27, 0xff, 0x11, 0x27, 0xff, 0x11, 0x27, 0xff, 0x11, 0x27, 0xff, 0x11, 0x27, 0xff, 0x11, 0x27, 0xff,
    0xc6, 0x59, 0xff, 0xc6, 0x39, 0xff, 0x11, 0x27, 0xff, 0x11, 0x27, 0xff, 0x11, 0x27, 0xff, 0x11, 0x27, 0xff, 0x11, 0x27, 0xff, 0x11, 0x27, 0xff,
    0x11, 0x27, 0xff, 0x11, 0x27, 0xff, 0xe7, 0x1c, 0xff, 0xff, 0xff, 0xff, 0xff, 0xff, 0xff, 0x6b, 0xb0, 0xff, 0x11, 0x27, 0xff, 0x6b, 0xb0, 0xff,
    0xff, 0xff, 0xff, 0x4a, 0xcd, 0xff, 0x11, 0x27, 0xff, 0xc6, 0x59, 0xff, 0xe7, 0x1c, 0xff, 0x11, 0x27, 0xff, 0x29, 0xea, 0xff, 0x4a, 0xcd, 0xff,
    0xd6, 0xbb, 0xff, 0x5b, 0x4f, 0xff, 0x11, 0x27, 0xff, 0x4a, 0xcd, 0xff, 0xff, 0xff, 0xff, 0xff, 0xff, 0xff, 0xff, 0xff, 0xff, 0xff, 0xff, 0xff,
    0xff, 0xff, 0xff, 0xff, 0xff, 0xff, 0x11, 0x27, 0xff, 0x11, 0x27, 0xff, 0xe7, 0x1c, 0xff, 0xff, 0xff, 0xff, 0x29, 0xea, 0xff, 0x11, 0x27, 0xff,
    0x11, 0x27, 0xff, 0x11, 0x27, 0xff, 0x11, 0x27, 0xff, 0x11, 0x27, 0xff, 0x11, 0x27, 0xff, 0x11, 0x27, 0xff, 0x11, 0x27, 0xff, 0x11, 0x27, 0xff,
    0x4a, 0xcd, 0xff, 0xff, 0xff, 0xff, 0xff, 0xff, 0xff, 0xff, 0xff, 0xff, 0x29, 0xea, 0xff, 0x11, 0x27, 0xff, 0x7c, 0x12, 0xff, 0x84, 0x93, 0xff,
    0x84, 0x93, 0xff, 0xb5, 0xd8, 0xff, 0xff, 0xff, 0xff, 0xff, 0xff, 0xff, 0xff, 0xff, 0xff, 0xff, 0xff, 0xff, 0xe7, 0x1c, 0xff, 0x11, 0x27, 0xff,
    0x11, 0x27, 0xff, 0xc6, 0x59, 0xff, 0xff, 0xff, 0xff, 0xff, 0xff, 0xff, 0xff, 0xff, 0xff, 0xff, 0xff, 0xff, 0xff, 0xff, 0xff, 0xff, 0xff, 0xff,
    0x4a, 0xcd, 0xff, 0x11, 0x27, 0xff, 0x11, 0x27, 0xff, 0x11, 0x27, 0xff, 0x11, 0x27, 0xff, 0x11, 0x27, 0xff, 0x11, 0x27, 0xff, 0xb5, 0xd8, 0xff,
    0x29, 0xea, 0xff, 0x11, 0x27, 0xff, 0x11, 0x27, 0xff, 0x11, 0x27, 0xff, 0x11, 0x27, 0xff, 0x29, 0xea, 0xff, 0x4a, 0xcd, 0xff, 0x11, 0x27, 0xff,
    0x11, 0x27, 0xff, 0xe7, 0x1c, 0xff, 0xff, 0xff, 0xff, 0xff, 0xff, 0xff, 0x6b, 0xb0, 0xff, 0x11, 0x27, 0xff, 0x6b, 0xb0, 0xff, 0xff, 0xff, 0xff,
    0x3a, 0x6c, 0xff, 0x11, 0x27, 0xff, 0xd6, 0xbb, 0xff, 0xc6, 0x39, 0xff, 0x11, 0x27, 0xff, 0x11, 0x27, 0xff, 0x11, 0x27, 0xff, 0x94, 0xf5, 0xff,
    0x11, 0x27, 0xff, 0x11, 0x27, 0xff, 0x11, 0x27, 0xff, 0xe7, 0x3c, 0xff, 0xff, 0xff, 0xff, 0xff, 0xff, 0xff, 0xff, 0xff, 0xff, 0xff, 0xff, 0xff,
    0xff, 0xff, 0xff, 0x11, 0x27, 0xff, 0x11, 0x27, 0xff, 0xe7, 0x1c, 0xff, 0xff, 0xff, 0xff, 0x29, 0xea, 0xff, 0x11, 0x27, 0xff, 0xe7, 0x1c, 0xff,
    0xff, 0xff, 0xff, 0xff, 0xff, 0xff, 0xff, 0xff, 0xff, 0xff, 0xff, 0xff, 0xff, 0xff, 0xff, 0xa5, 0x76, 0xff, 0x11, 0x27, 0xff, 0x4a, 0xcd, 0xff,
    0xff, 0xff, 0xff, 0xff, 0xff, 0xff, 0xff, 0xff, 0xff, 0x29, 0xea, 0xff, 0x11, 0x27, 0xff, 0xe7, 0x1c, 0xff, 0xff, 0xff, 0xff, 0xff, 0xff, 0xff,
    0xff, 0xff, 0xff, 0xff, 0xff, 0xff, 0xff, 0xff, 0xff, 0xff, 0xff, 0xff, 0xff, 0xff, 0xff, 0xe7, 0x1c, 0xff, 0x11, 0x27, 0xff, 0x11, 0x27, 0xff,
    0xc6, 0x59, 0xff, 0xff, 0xff, 0xff, 0xff, 0xff, 0xff, 0xff, 0xff, 0xff, 0xff, 0xff, 0xff, 0xff, 0xff, 0xff, 0xff, 0xff, 0xff, 0x4a, 0xcd, 0xff,
    0x11, 0x27, 0xff, 0x84, 0x93, 0xff, 0xff, 0xff, 0xff, 0xff, 0xff, 0xff, 0xff, 0xff, 0xff, 0xff, 0xff, 0xff, 0xff, 0xff, 0xff, 0x6b, 0xb0, 0xff,
    0x11, 0x27, 0xff, 0x4a, 0xcd, 0xff, 0x94, 0xf5, 0xff, 0xe7, 0x1c, 0xff, 0xff, 0xff, 0xff, 0xa5, 0x76, 0xff, 0x11, 0x27, 0xff, 0x11, 0x27, 0xff,
    0xe7, 0x1c, 0xff, 0xff, 0xff, 0xff, 0xff, 0xff, 0xff, 0x6b, 0xb0, 0xff, 0x11, 0x27, 0xff, 0x6b, 0xb0, 0xff, 0xe7, 0x3c, 0xff, 0x11, 0x27, 0xff,
    0x11, 0x27, 0xff, 0xff, 0xff, 0xff, 0x7c, 0x32, 0xff, 0x11, 0x27, 0xff, 0x29, 0xea, 0xff, 0xb5, 0xd8, 0xff, 0x29, 0xea, 0xff, 0x11, 0x27, 0xff,
    0x11, 0x27, 0xff, 0x11, 0x27, 0xff, 0x29, 0xea, 0xff, 0xf7, 0x9e, 0xff, 0xff, 0xff, 0xff, 0xff, 0xff, 0xff, 0xff, 0xff, 0xff, 0xff, 0xff, 0xff,
    0x11, 0x27, 0xff, 0x11, 0x27, 0xff, 0xe7, 0x1c, 0xff, 0xff, 0xff, 0xff, 0x29, 0xea, 0xff, 0x11, 0x27, 0xff, 0xe7, 0x1c, 0xff, 0xff, 0xff, 0xff,
    0xff, 0xff, 0xff, 0xff, 0xff, 0xff, 0xff, 0xff, 0xff, 0xff, 0xff, 0xff, 0xa5, 0x76, 0xff, 0x11, 0x27, 0xff, 0x4a, 0xcd, 0xff, 0xff, 0xff, 0xff,
    0xff, 0xff, 0xff, 0xff, 0xff, 0xff, 0xe7, 0x1c, 0xff, 0xe7, 0x1c, 0xff, 0xff, 0xff, 0xff, 0xff, 0xff, 0xff, 0xff, 0xff, 0xff, 0xff, 0xff, 0xff,
    0xff, 0xff, 0xff, 0xff, 0xff, 0xff, 0xff, 0xff, 0xff, 0xff, 0xff, 0xff, 0xe7, 0x1c, 0xff, 0x11, 0x27, 0xff, 0x11, 0x27, 0xff, 0xc6, 0x59, 0xff,
    0xff, 0xff, 0xff, 0xff, 0xff, 0xff, 0xff, 0xff, 0xff, 0xff, 0xff, 0xff, 0xff, 0xff, 0xff, 0xff, 0xff, 0xff, 0x7c, 0x32, 0xff, 0x4a, 0xcd, 0xff,
    0xa5, 0x76, 0xff, 0xff, 0xff, 0xff, 0xff, 0xff, 0xff, 0xff, 0xff, 0xff, 0xff, 0xff, 0xff, 0xff, 0xff, 0xff, 0xe7, 0x1c, 0xff, 0xe7, 0x1c, 0xff,
    0xff, 0xff, 0xff, 0xff, 0xff, 0xff, 0xff, 0xff, 0xff, 0xff, 0xff, 0xff, 0xa5, 0x76, 0xff, 0x11, 0x27, 0xff, 0x11, 0x27, 0xff, 0xe7, 0x1c, 0xff,
    0xff, 0xff, 0xff, 0xff, 0xff, 0xff, 0x6b, 0xb0, 0xff, 0x11, 0x27, 0xff, 0x6b, 0xb0, 0xff, 0x6b, 0xb0, 0xff, 0x11, 0x27, 0xff, 0x4a, 0xcd, 0xff,
    0xff, 0xff, 0xff, 0xc6, 0x39, 0xff, 0x6b, 0xb0, 0xff, 0xd6, 0xbb, 0xff, 0x29, 0xea, 0xff, 0x11, 0x27, 0xff, 0x29, 0xea, 0xff, 0xc6, 0x59, 0xff,
    0x19, 0x89, 0xff, 0x11, 0x27, 0xff, 0x29, 0xea, 0xff, 0xe7, 0x3c, 0xff, 0xff, 0xff, 0xff, 0xff, 0xff, 0xff, 0xff, 0xff, 0xff, 0x11, 0x27, 0xff,
    0x11, 0x27, 0xff, 0xe7, 0x1c, 0xff, 0xff, 0xff, 0xff, 0x29, 0xea, 0xff, 0x11, 0x27, 0xff, 0x4a, 0xcd, 0xff, 0x4a, 0xcd, 0xff, 0x4a, 0xcd, 0xff,
    0x4a, 0xcd, 0xff, 0x4a, 0xcd, 0xff, 0x4a, 0xcd, 0xff, 0x29, 0xea, 0xff, 0x11, 0x27, 0xff, 0x4a, 0xcd, 0xff, 0xff, 0xff, 0xff, 0xff, 0xff, 0xff,
    0xff, 0xff, 0xff, 0xff, 0xff, 0xff, 0xff, 0xff, 0xff, 0xff, 0xff, 0xff, 0xff, 0xff, 0xff, 0xff, 0xff, 0xff, 0xff, 0xff, 0xff, 0xff, 0xff, 0xff,
    0xf7, 0x9e, 0xff, 0x84, 0x93, 0xff, 0x84, 0x93, 0xff, 0x6b, 0xb0, 0xff, 0x11, 0x27, 0xff, 0x11, 0x27, 0xff, 0xc6, 0x59, 0xff, 0xff, 0xff, 0xff,
    0xff, 0xff, 0xff, 0xff, 0xff, 0xff, 0xff, 0xff, 0xff, 0xff, 0xff, 0xff, 0xff, 0xff, 0xff, 0xff, 0xff, 0xff, 0xff, 0xff, 0xff, 0xff, 0xff, 0xff,
    0xff, 0xff, 0xff, 0xff, 0xff, 0xff, 0xff, 0xff, 0xff, 0xff, 0xff, 0xff, 0xff, 0xff, 0xff, 0xff, 0xff, 0xff, 0xff, 0xff, 0xff, 0xff, 0xff, 0xff,
    0xff, 0xff, 0xff, 0xff, 0xff, 0xff, 0xff, 0xff, 0xff, 0xa5, 0x76, 0xff, 0x11, 0x27, 0xff, 0x11, 0x27, 0xff, 0xe7, 0x1c, 0xff, 0xff, 0xff, 0xff,
    0xff, 0xff, 0xff, 0x6b, 0xb0, 0xff, 0x11, 0x27, 0xff, 0x6b, 0xb0, 0xff, 0x84, 0x93, 0xff, 0x11, 0x27, 0xff, 0xa5, 0x76, 0xff, 0xff, 0xff, 0xff,
    0xff, 0xff, 0xff, 0xff, 0xff, 0xff, 0x84, 0x93, 0xff, 0x11, 0x27, 0xff, 0x29, 0xea, 0xff, 0xe7, 0x1c, 0xff, 0xff, 0xff, 0xff, 0x94, 0xf5, 0xff,
    0x11, 0x27, 0xff, 0x29, 0xea, 0xff, 0xf7, 0x9e, 0xff, 0xff, 0xff, 0xff, 0xff, 0xff, 0xff, 0xff, 0xff, 0xff, 0x11, 0x27, 0xff, 0x11, 0x27, 0xff,
    0xe7, 0x1c, 0xff, 0xff, 0xff, 0xff, 0x29, 0xea, 0xff, 0x11, 0x27, 0xff, 0x11, 0x27, 0xff, 0x11, 0x27, 0xff, 0x11, 0x27, 0xff, 0x11, 0x27, 0xff,
    0x11, 0x27, 0xff, 0x11, 0x27, 0xff, 0x11, 0x27, 0xff, 0x11, 0x27, 0xff, 0x4a, 0xcd, 0xff, 0xff, 0xff, 0xff, 0xff, 0xff, 0xff, 0xff, 0xff, 0xff,
    0xff, 0xff, 0xff, 0xff, 0xff, 0xff, 0xff, 0xff, 0xff, 0xff, 0xff, 0xff, 0xff, 0xff, 0xff, 0xff, 0xff, 0xff, 0xff, 0xff, 0xff, 0xff, 0xff, 0xff,
    0x4a, 0xcd, 0xff, 0x11, 0x27, 0xff, 0x11, 0x27, 0xff, 0x11, 0x27, 0xff, 0x19, 0x89, 0xff, 0xf7, 0x9e, 0xff, 0xff, 0xff, 0xff, 0xff, 0xff, 0xff,
    0xff, 0xff, 0xff, 0xff, 0xff, 0xff, 0xff, 0xff, 0xff, 0xff, 0xff, 0xff, 0xff, 0xff, 0xff, 0xff, 0xff, 0xff, 0xff, 0xff, 0xff, 0xff, 0xff, 0xff,
    0xff, 0xff, 0xff, 0xff, 0xff, 0xff, 0xff, 0xff, 0xff, 0xff, 0xff, 0xff, 0xff, 0xff, 0xff, 0xff, 0xff, 0xff, 0xff, 0xff, 0xff, 0xff, 0xff, 0xff,
    0xff, 0xff, 0xff, 0xff, 0xff, 0xff, 0xa5, 0x76, 0xff, 0x11, 0x27, 0xff, 0x11, 0x27, 0xff, 0xe7, 0x1c, 0xff, 0xff, 0xff, 0xff, 0xff, 0xff, 0xff,
    0x7c, 0x12, 0xff, 0x29, 0xea, 0xff, 0x7c, 0x12, 0xff, 0xff, 0xff, 0xff, 0xb5, 0xd8, 0xff, 0xff, 0xff, 0xff, 0xff, 0xff, 0xff, 0xff, 0xff, 0xff,
    0xff, 0xff, 0xff, 0xff, 0xff, 0xff, 0x6b, 0xb0, 0xff, 0xe7, 0x1c, 0xff, 0xff, 0xff, 0xff, 0xff, 0xff, 0xff, 0xff, 0xff, 0xff, 0x94, 0xf5, 0xff,
    0xe7, 0x1c, 0xff, 0xff, 0xff, 0xff, 0xff, 0xff, 0xff, 0xff, 0xff, 0xff, 0xff, 0xff, 0xff, 0x29, 0xea, 0xff, 0x29, 0xea, 0xff, 0xe7, 0x1c, 0xff,
    0xff, 0xff, 0xff, 0x5b, 0x4f, 0xff, 0x4a, 0xcd, 0xff, 0xd6, 0xbb, 0xff, 0xe7, 0x1c, 0xff, 0xe7, 0x1c, 0xff, 0xe7, 0x1c, 0xff, 0xe7, 0x1c, 0xff,
    0xe7, 0x1c, 0xff, 0xa5, 0x76, 0xff, 0x4a, 0xcd, 0xff, 0x7c, 0x12, 0xff, 0xff, 0xff, 0xff, 0xff, 0xff, 0xff, 0xff, 0xff, 0xff, 0xff, 0xff, 0xff,
    0xff, 0xff, 0xff, 0xff, 0xff, 0xff, 0xff, 0xff, 0xff, 0xff, 0xff, 0xff, 0xff, 0xff, 0xff, 0xff, 0xff, 0xff, 0xff, 0xff, 0xff, 0xa5, 0x76, 0xff,
    0x4a, 0xcd, 0xff, 0x4a, 0xcd, 0xff, 0x7c, 0x12, 0xff, 0xd6, 0xbb, 0xff, 0xff, 0xff, 0xff, 0xff, 0xff, 0xff, 0xff, 0xff, 0xff, 0xff, 0xff, 0xff,
    0xff, 0xff, 0xff, 0xff, 0xff, 0xff, 0xff, 0xff, 0xff, 0xff, 0xff, 0xff, 0xff, 0xff, 0xff, 0xff, 0xff, 0xff, 0xff, 0xff, 0xff, 0xff, 0xff, 0xff,
    0xff, 0xff, 0xff, 0xff, 0xff, 0xff, 0xff, 0xff, 0xff, 0xff, 0xff, 0xff, 0xff, 0xff, 0xff, 0xff, 0xff, 0xff, 0xff, 0xff, 0xff, 0xff, 0xff, 0xff,
    0xff, 0xff, 0xff, 0xb5, 0xd8, 0xff, 0x29, 0xea, 0xff, 0x29, 0xea, 0xff, 0xe7, 0x1c, 0xff,
};

const lv_img_dsc_t home_text_wechat_img = {
    .header.cf = LV_IMG_CF_TRUE_COLOR_ALPHA,
    .header.always_zero = 0,
    .header.reserved = 0,
    .header.w = 79,
    .header.h = 19,
    .data_size = 79 * 19 * LV_IMG_PX_SIZE_ALPHA_BYTE,
    .data = home_text_wechat_img_map,
};

static const LV_ATTRIBUTE_MEM_ALIGN LV_ATTRIBUTE_LARGE_CONST uint8_t home_text_wechat_desc_img_map[] = {
    0xff, 0xff, 0xff, 0xc6, 0x5a, 0xff, 0xef, 0x7e, 0xff, 0xff, 0xff, 0xff, 0xde, 0xfc, 0xff, 0xc6, 0x7a, 0xff, 0xc6, 0x7a, 0xff, 0xc6, 0x7a, 0xff,
    0xc6, 0x7a, 0xff, 0xc6, 0x7a, 0xff, 0xc6, 0x7a, 0xff, 0xc6, 0x7a, 0xff, 0xde, 0xfc, 0xff, 0xff, 0xff, 0xff, 0xff, 0xff, 0xff, 0xff, 0xff, 0xff,
    0xff, 0xff, 0xff, 0xff, 0xff, 0xff, 0xff, 0xff, 0xff, 0xbe, 0x19, 0xff, 0x6b, 0xf2, 0xff, 0xde, 0xfc, 0xff, 0xff, 0xff, 0xff, 0xff, 0xff, 0xff,
    0xff, 0xff, 0xff, 0xff, 0xff, 0xff, 0xff, 0xff, 0xff, 0xff, 0xff, 0xff, 0xff, 0xff, 0xff, 0xff, 0xff, 0xff, 0xff, 0xff, 0xff, 0xe7, 0x3d, 0xff,
    0xef, 0x7e, 0xff, 0xff, 0xff, 0xff, 0xf7, 0xbf, 0xff, 0xb5, 0xd8, 0xff, 0xc6, 0x5a, 0xff, 0xff, 0xff, 0xff, 0xff, 0xff, 0xff, 0xde, 0xfc, 0xff,
    0xde, 0xfc, 0xff, 0xde, 0xfc, 0xff, 0xde, 0xfc, 0xff, 0xde, 0xfc, 0xff, 0xde, 0xfc, 0xff, 0xde, 0xfc, 0xff, 0xff, 0xff, 0xff, 0xff, 0xff, 0xff,
    0xff, 0xff, 0xff, 0xff, 0xff, 0xff, 0xa5, 0x97, 0xff, 0x8c, 0xd4, 0xff, 0xff, 0xff, 0xff, 0xff, 0xff, 0xff, 0xef, 0x7e, 0xff, 0xef, 0x7e, 0xff,
    0xef, 0x7e, 0xff, 0xef, 0x7e, 0xff, 0xef, 0x7e, 0xff, 0xef, 0x7e, 0xff, 0xf7, 0xbf, 0xff, 0xe7, 0x3d, 0xff, 0x63, 0xb1, 0xff, 0x74, 0x33, 0xff,
    0xef, 0x7e, 0xff, 0x9d, 0x56, 0xff, 0x63, 0xb1, 0xff, 0x63, 0xb1, 0xff, 0x63, 0xb1, 0xff, 0x63, 0xb1, 0xff, 0x63, 0xb1, 0xff, 0x63, 0xb1, 0xff,
    0x63, 0xb1, 0xff, 0x9d, 0x56, 0xff, 0xff, 0xff, 0xff, 0xff, 0xff, 0xff, 0x8c, 0xd4, 0xff, 0x8c, 0xd4, 0xff, 0x8c, 0xd4, 0xff, 0x8c, 0xd4, 0xff,
    0x74, 0x33, 0xff, 0x63, 0xb1, 0xff, 0x74, 0x33, 0xff, 0x8c, 0xd4, 0xff, 0x8c, 0xd4, 0xff, 0x8c, 0xd4, 0xff, 0x8c, 0xd4, 0xff, 0xef, 0x7e, 0xff,
    0xff, 0xff, 0xff, 0xff, 0xff, 0xff, 0xff, 0xff, 0xff, 0xff, 0xff, 0xff, 0x63, 0xb1, 0xff, 0xc6, 0x5a, 0xff, 0xff, 0xff, 0xff, 0xff, 0xff, 0xff,
    0x8c, 0xb4, 0xff, 0x6b, 0xf2, 0xff, 0xf7, 0xbf, 0xff, 0xff, 0xff, 0xff, 0x63, 0xb1, 0xff, 0x63, 0xb1, 0xff, 0x63, 0xb1, 0xff, 0x63, 0xb1, 0xff,
    0x63, 0xb1, 0xff, 0x63, 0xb1, 0xff, 0x74, 0x33, 0xff, 0xff, 0xff, 0xff, 0xff, 0xff, 0xff, 0xad, 0x97, 0xff, 0xce, 0x9b, 0xff, 0x9d, 0x56, 0xff,
    0x6b, 0xf2, 0xff, 0xc6, 0x7a, 0xff, 0xde, 0xfc, 0xff, 0x74, 0x33, 0xff, 0x63, 0xb1, 0xff, 0x63, 0xb1, 0xff, 0x63, 0xb1, 0xff, 0x63, 0xb1, 0xff,
    0x63, 0xb1, 0xff, 0xc6, 0x5a, 0xff, 0xff, 0xff, 0xff, 0xe7, 0x3d, 0xff, 0x6b, 0xf2, 0xff, 0x8c, 0xd4, 0xff, 0xf7, 0xbf, 0xff, 0xef, 0x7e, 0xff,
    0xe7, 0x3d, 0xff, 0x63, 0xb1, 0xff, 0x9d, 0x56, 0xff, 0xef, 0x7e, 0xff, 0xef, 0x7e, 0xff, 0xef, 0x7e, 0xff, 0xf7, 0xbf, 0xff, 0xff, 0xff, 0xff,
    0xff, 0xff, 0xff, 0x8c, 0xb4, 0xff, 0x8c, 0xb4, 0xff, 0x74, 0x33, 0xff, 0x74, 0x33, 0xff, 0x8c, 0xb4, 0xff, 0x8c, 0xb4, 0xff, 0x8c, 0xb4, 0xff,
    0x84, 0x73, 0xff, 0x6b, 0xf2, 0xff, 0x8c, 0xb4, 0xff, 0x8c, 0xb4, 0xff, 0xf7, 0xbf, 0xff, 0xff, 0xff, 0xff, 0xff, 0xff, 0xff, 0xff, 0xff, 0xff,
    0xde, 0xfc, 0xff, 0x63, 0xb1, 0xff, 0xef, 0x7e, 0xff, 0xe7, 0x3d, 0xff, 0xb5, 0xd8, 0xff, 0x95, 0x15, 0xff, 0x6b, 0xf2, 0xff, 0xb5, 0xd8, 0xff,
    0xef, 0x7e, 0xff, 0x63, 0xb1, 0xff, 0x8c, 0xd4, 0xff, 0xde, 0xfc, 0xff, 0xde, 0xfc, 0xff, 0xde, 0xfc, 0xff, 0x84, 0x74, 0xff, 0x74, 0x33, 0xff,
    0xff, 0xff, 0xff, 0xff, 0xff, 0xff, 0x74, 0x33, 0xff, 0xb5, 0xd8, 0xff, 0x9d, 0x56, 0xff, 0x63, 0xb1, 0xff, 0x63, 0xb1, 0xff, 0x9d, 0x56, 0xff,
    0xce, 0xbb, 0xff, 0xc6, 0x7a, 0xff, 0x95, 0x15, 0xff, 0x63, 0xb1, 0xff, 0xc6, 0x7a, 0xff, 0xc6, 0x7a, 0xff, 0xef, 0x7e, 0xff, 0xff, 0xff, 0xff,
    0xff, 0xff, 0xff, 0xce, 0xbb, 0xff, 0xef, 0x7e, 0xff, 0xef, 0x7e, 0xff, 0x74, 0x33, 0xff, 0x74, 0x33, 0xff, 0x63, 0xb1, 0xff, 0x6b, 0xf2, 0xff,
    0x74, 0x33, 0xff, 0x74, 0x33, 0xff, 0x9d, 0x56, 0xff, 0xff, 0xff, 0xff, 0xff, 0xff, 0xff, 0xff, 0xff, 0xff, 0xff, 0xff, 0xff, 0xf7, 0xbe, 0xff,
    0x6b, 0xf2, 0xff, 0x8c, 0xd4, 0xff, 0xff, 0xff, 0xff, 0xff, 0xff, 0xff, 0xff, 0xff, 0xff, 0x9d, 0x56, 0xff, 0x63, 0xb1, 0xff, 0xc6, 0x5a, 0xff,
    0xff, 0xff, 0xff, 0xff, 0xff, 0xff, 0xff, 0xff, 0xff, 0xff, 0xff, 0xff, 0xff, 0xff, 0xff, 0xb5, 0xd8, 0xff, 0x74, 0x33, 0xff, 0xff, 0xff, 0xff,
    0xc6, 0x7a, 0xff, 0x63, 0xb1, 0xff, 0x63, 0xb1, 0xff, 0x63, 0xb1, 0xff, 0x63, 0xb1, 0xff, 0xc6, 0x5a, 0xff, 0x63, 0xb1, 0xff, 0x9d, 0x56, 0xff,
    0xc6, 0x7a, 0xff, 0x63, 0xb1, 0xff, 0xde, 0xfc, 0xff, 0x8c, 0xb4, 0xff, 0x74, 0x33, 0xff, 0xff, 0xff, 0xff, 0xff, 0xff, 0xff, 0x74, 0x33, 0xff,
    0xb5, 0xd8, 0xff, 0x9d, 0x56, 0xff, 0x74, 0x33, 0xff, 0xff, 0xff, 0xff, 0xff, 0xff, 0xff, 0xde, 0xfc, 0xff, 0xc6, 0x7a, 0xff, 0x74, 0x33, 0xff,
    0x84, 0x74, 0xff, 0xc6, 0x7a, 0xff, 0xc6, 0x7a, 0xff, 0xff, 0xff, 0xff, 0xb5, 0xd8, 0xff, 0xb5, 0xd8, 0xff, 0xb5, 0xd8, 0xff, 0xef, 0x7e, 0xff,
    0xf7, 0xbe, 0xff, 0x9d, 0x56, 0xff, 0x84, 0x74, 0xff, 0x63, 0xb1, 0xff, 0x95, 0x15, 0xff, 0x9d, 0x56, 0xff, 0x6b, 0xf2, 0xff, 0x95, 0x15, 0xff,
    0xff, 0xff, 0xff, 0xff, 0xff, 0xff, 0xc6, 0x5a, 0xff, 0xb5, 0xd8, 0xff, 0xb5, 0xd8, 0xff, 0x6b, 0xf2, 0xff, 0x63, 0xb1, 0xff, 0xa5, 0x97, 0xff,
    0xb5, 0xd8, 0xff, 0xb5, 0xd8, 0xff, 0x74, 0x33, 0xff, 0x63, 0xb1, 0xff, 0xb5, 0xd8, 0xff, 0xb5, 0xd8, 0xff, 0xbe, 0x19, 0xff, 0xff, 0xff, 0xff,
    0xff, 0xff, 0xff, 0xff, 0xff, 0xff, 0x8c, 0xb4, 0xff, 0x9d, 0x56, 0xff, 0xff, 0xff, 0xff, 0xff, 0xff, 0xff, 0xff, 0xff, 0xff, 0xff, 0xff, 0xff,
    0x9d, 0x56, 0xff, 0x63, 0xb1, 0xff, 0xef, 0x7e, 0xff, 0x63, 0xb1, 0xff, 0x9d, 0x56, 0xff, 0xc6, 0x7a, 0xff, 0x63, 0xb1, 0xff, 0xde, 0xfc, 0xff,
    0x8c, 0xb4, 0xff, 0x74, 0x33, 0xff, 0xff, 0xff, 0xff, 0xbe, 0x19, 0xff, 0x63, 0xb1, 0xff, 0x74, 0x33, 0xff, 0x6b, 0xf2, 0xff, 0x6b, 0xf2, 0xff,
    0x8c, 0xd4, 0xff, 0x8c, 0xd4, 0xff, 0x9d, 0x56, 0xff, 0x6b, 0xf2, 0xff, 0x74, 0x33, 0xff, 0x74, 0x33, 0xff, 0x6b, 0xf2, 0xff, 0x63, 0xb1, 0xff,
    0xff, 0xff, 0xff, 0x63, 0xb1, 0xff, 0x63, 0xb1, 0xff, 0x63, 0xb1, 0xff, 0xde, 0xfc, 0xff, 0xef, 0x7e, 0xff, 0xef, 0x7e, 0xff, 0x8c, 0xb4, 0xff,
    0x6b, 0xf2, 0xff, 0xef, 0x7e, 0xff, 0xef, 0x7e, 0xff, 0x63, 0xb1, 0xff, 0x95, 0x15, 0xff, 0xef, 0x7e, 0xff, 0xff, 0xff, 0xff, 0x8c, 0xb4, 0xff,
    0x63, 0xb1, 0xff, 0x63, 0xb1, 0xff, 0x63, 0xb1, 0xff, 0x63, 0xb1, 0xff, 0x63, 0xb1, 0xff, 0x63, 0xb1, 0xff, 0x63, 0xb1, 0xff, 0x63, 0xb1, 0xff,
    0x63, 0xb1, 0xff, 0x63, 0xb1, 0xff, 0x63, 0xb1, 0xff, 0x74, 0x33, 0xff, 0xff, 0xff, 0xff, 0xff, 0xff, 0xff, 0xff, 0xff, 0xff, 0x63, 0xb1, 0xff,
    0xc6, 0x5a, 0xff, 0xff, 0xff, 0xff, 0xff, 0xff, 0xff, 0xff, 0xff, 0xff, 0xde, 0xfc, 0xff, 0x63, 0xb1, 0xff, 0xb5, 0xd8, 0xff, 0xff, 0xff, 0xff,
    0x63, 0xb1, 0xff, 0x9d, 0x56, 0xff, 0xc6, 0x7a, 0xff, 0x63, 0xb1, 0xff, 0xde, 0xfc, 0xff, 0x8c, 0xb4, 0xff, 0x74, 0x33, 0xff, 0xff, 0xff, 0xff,
    0xb5, 0xd8, 0xff, 0x8c, 0xb4, 0xff, 0x8c, 0xb4, 0xff, 0x63, 0xb1, 0xff, 0x6b, 0xf2, 0xff, 0x8c, 0xb4, 0xff, 0x8c, 0xb4, 0xff, 0x9d, 0x56, 0xff,
    0x8c, 0xd4, 0xff, 0xce, 0x9b, 0xff, 0xad, 0x97, 0xff, 0xc6, 0x7a, 0xff, 0x63, 0xb1, 0xff, 0xff, 0xff, 0xff, 0xff, 0xff, 0xff, 0xc6, 0x7a, 0xff,
    0x63, 0xb1, 0xff, 0xc6, 0x7a, 0xff, 0x63, 0xb1, 0xff, 0x63, 0xb1, 0xff, 0x63, 0xb1, 0xff, 0x63, 0xb1, 0xff, 0x63, 0xb1, 0xff, 0x63, 0xb1, 0xff,
    0x63, 0xb1, 0xff, 0x63, 0xb1, 0xff, 0x63, 0xb1, 0xff, 0xef, 0x7e, 0xff, 0xff, 0xff, 0xff, 0xff, 0xff, 0xff, 0xef, 0x7e, 0xff, 0xef, 0x7e, 0xff,
    0xef, 0x7e, 0xff, 0xef, 0x7e, 0xff, 0xef, 0x7e, 0xff, 0xef, 0x7e, 0xff, 0xef, 0x7e, 0xff, 0xef, 0x7e, 0xff, 0xef, 0x7e, 0xff, 0xff, 0xff, 0xff,
    0xff, 0xff, 0xff, 0xff, 0xff, 0xff, 0xff, 0xff, 0xff, 0xde, 0xfc, 0xff, 0x63, 0xb1, 0xff, 0xef, 0x7e, 0xff, 0xff, 0xff, 0xff, 0xff, 0xff, 0xff,
    0xef, 0x7e, 0xff, 0x74, 0x33, 0xff, 0x63, 0xb1, 0xff, 0xb5, 0xd8, 0xff, 0xff, 0xff, 0xff, 0x63, 0xb1, 0xff, 0x9d, 0x56, 0xff, 0xb5, 0xd8, 0xff,
    0x63, 0xb1, 0xff, 0xe7, 0x3d, 0xff, 0x8c, 0xb4, 0xff, 0x74, 0x33, 0xff, 0xff, 0xff, 0xff, 0xff, 0xff, 0xff, 0xc6, 0x5a, 0xff, 0xde, 0xfc, 0xff,
    0x63, 0xb1, 0xff, 0x9d, 0x56, 0xff, 0xe7, 0x3d, 0xff, 0xe7, 0x3d, 0xff, 0x9d, 0x56, 0xff, 0x8c, 0xd4, 0xff, 0xb5, 0xd8, 0xff, 0x74, 0x33, 0xff,
    0xc6, 0x7a, 0xff, 0x63, 0xb1, 0xff, 0xff, 0xff, 0xff, 0xff, 0xff, 0xff, 0xc6, 0x7a, 0xff, 0x63, 0xb1, 0xff, 0xce, 0xbb, 0xff, 0xc6, 0x7a, 0xff,
    0xc6, 0x7a, 0xff, 0xc6, 0x7a, 0xff, 0xc6, 0x7a, 0xff, 0xc6, 0x7a, 0xff, 0xc6, 0x7a, 0xff, 0xc6, 0x7a, 0xff, 0xc6, 0x7a, 0xff, 0xc6, 0x7a, 0xff,
    0xf7, 0xbf, 0xff, 0xff, 0xff, 0xff, 0xff, 0xff, 0xff, 0x63, 0xb1, 0xff, 0x63, 0xb1, 0xff, 0x63, 0xb1, 0xff, 0x63, 0xb1, 0xff, 0x63, 0xb1, 0xff,
    0x63, 0xb1, 0xff, 0x63, 0xb1, 0xff, 0x63, 0xb1, 0xff, 0x63, 0xb1, 0xff, 0xde, 0xfc, 0xff, 0xff, 0xff, 0xff, 0xff, 0xff, 0xff, 0xff, 0xff, 0xff,
    0xb5, 0xd8, 0xff, 0x74, 0x33, 0xff, 0xff, 0xff, 0xff, 0xff, 0xff, 0xff, 0xe7, 0x3d, 0xff, 0x74, 0x33, 0xff, 0x63, 0xb1, 0xff, 0x6b, 0xf2, 0xff,
    0x63, 0xb1, 0xff, 0xc6, 0x5a, 0xff, 0x63, 0xb1, 0xff, 0x9d, 0x56, 0xff, 0x9d, 0x56, 0xff, 0x63, 0xb1, 0xff, 0xff, 0xff, 0xff, 0x8c, 0xb4, 0xff,
    0x74, 0x33, 0xff, 0xff, 0xff, 0xff, 0xff, 0xff, 0xff, 0x74, 0x33, 0xff, 0x9d, 0x56, 0xff, 0x63, 0xb1, 0xff, 0x9d, 0x56, 0xff, 0x9d, 0x56, 0xff,
    0x74, 0x33, 0xff, 0x9d, 0x56, 0xff, 0x8c, 0xd4, 0xff, 0xb5, 0xd8, 0xff, 0x74, 0x33, 0xff, 0xc6, 0x7a, 0xff, 0x63, 0xb1, 0xff, 0xff, 0xff, 0xff,
    0xff, 0xff, 0xff, 0xc6, 0x7a, 0xff, 0x63, 0xb1, 0xff, 0xde, 0xfc, 0xff, 0xff, 0xff, 0xff, 0x74, 0x33, 0xff, 0x74, 0x33, 0xff, 0x74, 0x33, 0xff,
    0x74, 0x33, 0xff, 0x74, 0x33, 0xff, 0x74, 0x33, 0xff, 0x74, 0x33, 0xff, 0xef, 0x7e, 0xff, 0xff, 0xff, 0xff, 0xff, 0xff, 0xff, 0xff, 0xff, 0xff,
    0x63, 0xb1, 0xff, 0x8c, 0xd4, 0xff, 0xde, 0xfc, 0xff, 0xde, 0xfc, 0xff, 0xde, 0xfc, 0xff, 0xde, 0xfc, 0xff, 0xde, 0xfc, 0xff, 0x9d, 0x56, 0xff,
    0x63, 0xb1, 0xff, 0xde, 0xfc, 0xff, 0xff, 0xff, 0xff, 0xff, 0xff, 0xff, 0xff, 0xff, 0xff, 0x8c, 0xb4, 0xff, 0x9d, 0x56, 0xff, 0xff, 0xff, 0xff,
    0xff, 0xff, 0xff, 0xb5, 0xd8, 0xff, 0x63, 0xb1, 0xff, 0x6b, 0xf2, 0xff, 0x8c, 0xd4, 0xff, 0x8c, 0xb4, 0xff, 0xbe, 0x19, 0xff, 0xde, 0xfc, 0xff,
    0xef, 0x7e, 0xff, 0x74, 0x33, 0xff, 0x6b, 0xf2, 0xff, 0xa5, 0x97, 0xff, 0xe7, 0x3d, 0xff, 0xe7, 0x3d, 0xff, 0xff, 0xff, 0xff, 0xc6, 0x5a, 0xff,
    0x63, 0xb1, 0xff, 0xef, 0x7e, 0xff, 0x63, 0xb1, 0xff, 0x8c, 0xb4, 0xff, 0x6b, 0xf2, 0xff, 0x9d, 0x56, 0xff, 0x9d, 0x56, 0xff, 0x8c, 0xd4, 0xff,
    0xad, 0x97, 0xff, 0x8c, 0xd4, 0xff, 0xc6, 0x7a, 0xff, 0x63, 0xb1, 0xff, 0xff, 0xff, 0xff, 0xff, 0xff, 0xff, 0xc6, 0x7a, 0xff, 0x63, 0xb1, 0xff,
    0xce, 0xbb, 0xff, 0xde, 0xfc, 0xff, 0x63, 0xb1, 0xff, 0x84, 0x74, 0xff, 0x9d, 0x56, 0xff, 0x9d, 0x56, 0xff, 0x9d, 0x56, 0xff, 0x84, 0x74, 0xff,
    0x63, 0xb1, 0xff, 0xef, 0x7e, 0xff, 0xff, 0xff, 0xff, 0xff, 0xff, 0xff, 0xff, 0xff, 0xff, 0x63, 0xb1, 0xff, 0x6b, 0xf2, 0xff, 0x74, 0x33, 0xff,
    0x74, 0x33, 0xff, 0x74, 0x33, 0xff, 0x74, 0x33, 0xff, 0x74, 0x33, 0xff, 0x6b, 0xf2, 0xff, 0x63, 0xb1, 0xff, 0xde, 0xfc, 0xff, 0xff, 0xff, 0xff,
    0xff, 0xff, 0xff, 0xff, 0xff, 0xff, 0x63, 0xb1, 0xff, 0xce, 0xbb, 0xff, 0xff, 0xff, 0xff, 0xff, 0xff, 0xff, 0xf7, 0xbe, 0xff, 0xce, 0x9b, 0xff,
    0x8c, 0xb4, 0xff, 0x8c, 0xd4, 0xff, 0xf7, 0xbf, 0xff, 0xff, 0xff, 0xff, 0xff, 0xff, 0xff, 0xbe, 0x19, 0xff, 0x63, 0xb1, 0xff, 0x63, 0xb1, 0xff,
    0x8c, 0xd4, 0xff, 0xff, 0xff, 0xff, 0xf7, 0xbf, 0xff, 0xff, 0xff, 0xff, 0xce, 0xbb, 0xff, 0xb5, 0xd8, 0xff, 0xff, 0xff, 0xff, 0x63, 0xb1, 0xff,
    0x6b, 0xf2, 0xff, 0x63, 0xb1, 0xff, 0xef, 0x7e, 0xff, 0x9d, 0x56, 0xff, 0x8c, 0xd4, 0xff, 0x8c, 0xb4, 0xff, 0x95, 0x15, 0xff, 0xc6, 0x7a, 0xff,
    0x63, 0xb1, 0xff, 0xff, 0xff, 0xff, 0xff, 0xff, 0xff, 0xc6, 0x7a, 0xff, 0x63, 0xb1, 0xff, 0x63, 0xb1, 0xff, 0x74, 0x33, 0xff, 0x63, 0xb1, 0xff,
    0xb5, 0xd8, 0xff, 0xff, 0xff, 0xff, 0xff, 0xff, 0xff, 0xff, 0xff, 0xff, 0xb5, 0xd8, 0xff, 0x63, 0xb1, 0xff, 0xef, 0x7e, 0xff, 0xff, 0xff, 0xff,
    0xff, 0xff, 0xff, 0xff, 0xff, 0xff, 0x63, 0xb1, 0xff, 0x84, 0x74, 0xff, 0xb5, 0xd8, 0xff, 0xb5, 0xd8, 0xff, 0xb5, 0xd8, 0xff, 0xb5, 0xd8, 0xff,
    0xb5, 0xd8, 0xff, 0x8c, 0xb4, 0xff, 0x63, 0xb1, 0xff, 0xde, 0xfc, 0xff, 0xff, 0xff, 0xff, 0xff, 0xff, 0xff, 0xde, 0xfc, 0xff, 0x63, 0xb1, 0xff,
    0xef, 0x7e, 0xff, 0xff, 0xff, 0xff, 0xff, 0xff, 0xff, 0xff, 0xff, 0xff, 0xff, 0xff, 0xff, 0x8c, 0xb4, 0xff, 0x8c, 0xd4, 0xff, 0xff, 0xff, 0xff,
    0xff, 0xff, 0xff, 0xe7, 0x3d, 0xff, 0x6b, 0xf2, 0xff, 0x74, 0x33, 0xff, 0x8c, 0xb4, 0xff, 0x8c, 0xd4, 0xff, 0xff, 0xff, 0xff, 0x8c, 0xb4, 0xff,
    0xbe, 0x19, 0xff, 0xff, 0xff, 0xff, 0xff, 0xff, 0xff, 0xff, 0xff, 0xff, 0xb5, 0xd8, 0xff, 0x63, 0xb1, 0xff, 0xb5, 0xd8, 0xff, 0xff, 0xff, 0xff,
    0xe7, 0x3d, 0xff, 0xce, 0xbb, 0xff, 0x63, 0xb1, 0xff, 0x74, 0x33, 0xff, 0xb5, 0xd8, 0xff, 0xef, 0x7e, 0xff, 0xff, 0xff, 0xff, 0xff, 0xff, 0xff,
    0x84, 0x74, 0xff, 0x63, 0xb1, 0xff, 0x84, 0x74, 0xff, 0xef, 0x7e, 0xff, 0x63, 0xb1, 0xff, 0x84, 0x74, 0xff, 0x9d, 0x56, 0xff, 0x9d, 0x56, 0xff,
    0x9d, 0x56, 0xff, 0x84, 0x74, 0xff, 0x63, 0xb1, 0xff, 0xef, 0x7e, 0xff, 0xff, 0xff, 0xff, 0xff, 0xff, 0xff, 0xff, 0xff, 0xff, 0x63, 0xb1, 0xff,
    0x84, 0x74, 0xff, 0xb5, 0xd8, 0xff, 0xb5, 0xd8, 0xff, 0xb5, 0xd8, 0xff, 0xb5, 0xd8, 0xff, 0xb5, 0xd8, 0xff, 0x8c, 0xb4, 0xff, 0x63, 0xb1, 0xff,
    0xde, 0xfc, 0xff, 0xff, 0xff, 0xff, 0xff, 0xff, 0xff, 0xad, 0x97, 0xff, 0x84, 0x73, 0xff, 0xff, 0xff, 0xff, 0xff, 0xff, 0xff, 0xff, 0xff, 0xff,
    0xff, 0xff, 0xff, 0xff, 0xff, 0xff, 0x8c, 0xb4, 0xff, 0x8c, 0xd4, 0xff, 0xff, 0xff, 0xff, 0xbe, 0x19, 0xff, 0x6b, 0xf2, 0xff, 0x6b, 0xf2, 0xff,
    0xef, 0x7e, 0xff, 0x8c, 0xb4, 0xff, 0x84, 0x73, 0xff, 0xef, 0x7e, 0xff, 0x74, 0x33, 0xff, 0xbe, 0x19, 0xff, 0xf7, 0xbf, 0xff, 0xde, 0xfc, 0xff,
    0x8c, 0xb4, 0xff, 0x63, 0xb1, 0xff, 0xa5, 0x97, 0xff, 0xff, 0xff, 0xff, 0xff, 0xff, 0xff, 0xde, 0xfc, 0xff, 0x74, 0x33, 0xff, 0x74, 0x33, 0xff,
    0xad, 0x97, 0xff, 0x63, 0xb1, 0xff, 0xa5, 0x97, 0xff, 0xff, 0xff, 0xff, 0xff, 0xff, 0xff, 0xb5, 0xd8, 0xff, 0xa5, 0x97, 0xff, 0xff, 0xff, 0xff,
    0xff, 0xff, 0xff, 0x63, 0xb1, 0xff, 0x6b, 0xf2, 0xff, 0x74, 0x33, 0xff, 0x74, 0x33, 0xff, 0x74, 0x33, 0xff, 0x6b, 0xf2, 0xff, 0x63, 0xb1, 0xff,
    0xef, 0x7e, 0xff, 0xff, 0xff, 0xff, 0xff, 0xff, 0xff, 0xff, 0xff, 0xff, 0x63, 0xb1, 0xff, 0x6b, 0xf2, 0xff, 0x74, 0x33, 0xff, 0x74, 0x33, 0xff,
    0x74, 0x33, 0xff, 0x74, 0x33, 0xff, 0x74, 0x33, 0xff, 0x6b, 0xf2, 0xff, 0x63, 0xb1, 0xff, 0xde, 0xfc, 0xff, 0xff, 0xff, 0xff, 0xff, 0xff, 0xff,
    0x8c, 0xb4, 0xff, 0x9d, 0x56, 0xff, 0xff, 0xff, 0xff, 0xff, 0xff, 0xff, 0xff, 0xff, 0xff, 0xff, 0xff, 0xff, 0xff, 0xff, 0xff, 0x8c, 0xb4, 0xff,
    0x8c, 0xd4, 0xff, 0xf7, 0xbe, 0xff, 0x74, 0x33, 0xff, 0x74, 0x33, 0xff, 0xef, 0x7e, 0xff, 0xff, 0xff, 0xff, 0xb5, 0xd8, 0xff, 0x63, 0xb1, 0xff,
    0x63, 0xb1, 0xff, 0x6b, 0xf2, 0xff, 0xef, 0x7e, 0xff, 0xce, 0xbb, 0xff, 0x63, 0xb1, 0xff, 0x8c, 0xb4, 0xff, 0xde, 0xfc, 0xff, 0xff, 0xff, 0xff,
    0xff, 0xff, 0xff, 0xb5, 0xd8, 0xff, 0x63, 0xb1, 0xff, 0x8c, 0xb4, 0xff, 0xef, 0x7e, 0xff, 0xff, 0xff, 0xff, 0xce, 0xbb, 0xff, 0x6b, 0xf2, 0xff,
    0xbe, 0x19, 0xff, 0xff, 0xff, 0xff, 0xff, 0xff, 0xff, 0xff, 0xff, 0xff, 0xff, 0xff, 0xff, 0xff, 0xff, 0xff, 0xde, 0xfc, 0xff, 0xef, 0x7e, 0xff,
    0xff, 0xff, 0xff, 0xff, 0xff, 0xff, 0xff, 0xff, 0xff, 0xef, 0x7e, 0xff, 0xde, 0xfc, 0xff, 0xff, 0xff, 0xff, 0xff, 0xff, 0xff, 0xff, 0xff, 0xff,
    0xff, 0xff, 0xff, 0xc6, 0x7a, 0xff, 0xde, 0xfc, 0xff, 0xff, 0xff, 0xff, 0xff, 0xff, 0xff, 0xff, 0xff, 0xff, 0xff, 0xff, 0xff, 0xff, 0xff, 0xff,
    0xe7, 0x3d, 0xff, 0xc6, 0x7a, 0xff, 0xef, 0x7e, 0xff, 0xff, 0xff, 0xff, 0xf7, 0xbe, 0xff, 0x63, 0xb1, 0xff, 0xce, 0xbb, 0xff, 0xff, 0xff, 0xff,
    0xff, 0xff, 0xff, 0xff, 0xff, 0xff, 0xff, 0xff, 0xff, 0xff, 0xff, 0xff, 0xe7, 0x3d, 0xff, 0xe7, 0x3d, 0xff, 0xff, 0xff, 0xff, 0xef, 0x7e, 0xff,
    0xf7, 0xbf, 0xff, 0xff, 0xff, 0xff, 0xff, 0xff, 0xff, 0xff, 0xff, 0xff, 0xef, 0x7e, 0xff, 0xef, 0x7e, 0xff, 0xf7, 0xbf, 0xff, 0xff, 0xff, 0xff,
    0xff, 0xff, 0xff, 0xe7, 0x3d, 0xff, 0xff, 0xff, 0xff, 0xff, 0xff, 0xff, 0xff, 0xff, 0xff, 0xff, 0xff, 0xff, 0xf7, 0xbe, 0xff, 0xde, 0xfc, 0xff,
    0xff, 0xff, 0xff, 0xff, 0xff, 0xff, 0xff, 0xff, 0xff, 0xff, 0xff, 0xff, 0xf7, 0xbf, 0xff, 0xff, 0xff, 0xff, 0xff, 0xff, 0xff, 0xff, 0xff, 0xff,
    0xff, 0xff, 0xff, 0xff, 0xff, 0xff, 0xff, 0xff, 0xff, 0xff, 0xff, 0xff, 0xff, 0xff, 0xff, 0xff, 0xff, 0xff, 0xff, 0xff, 0xff, 0xff, 0xff, 0xff,
    0xff, 0xff, 0xff, 0xff, 0xff, 0xff, 0xff, 0xff, 0xff, 0xff, 0xff, 0xff, 0xff, 0xff, 0xff, 0xff, 0xff, 0xff, 0xff, 0xff, 0xff, 0xff, 0xff, 0xff,
    0xff, 0xff, 0xff, 0xff, 0xff, 0xff, 0xff, 0xff, 0xff, 0xff, 0xff, 0xff, 0xff, 0xff, 0xff, 0xff, 0xff, 0xff, 0xff, 0xff, 0xff, 0xff, 0xff, 0xff,
    0xff, 0xff, 0xff, 0xef, 0x7e, 0xff, 0x9d, 0x56, 0xff, 0xef, 0x7e, 0xff, 0xff, 0xff, 0xff, 0xff, 0xff, 0xff, 0xff, 0xff, 0xff, 0xff, 0xff, 0xff,
    0xff, 0xff, 0xff, 0xff, 0xff, 0xff, 0xff, 0xff, 0xff, 0xff, 0xff, 0xff, 0xff, 0xff, 0xff, 0xff, 0xff, 0xff, 0xff, 0xff, 0xff, 0xff, 0xff, 0xff,
    0xff, 0xff, 0xff, 0xff, 0xff, 0xff, 0xff, 0xff, 0xff, 0xff, 0xff, 0xff, 0xff, 0xff, 0xff, 0xff, 0xff, 0xff, 0xff, 0xff, 0xff, 0xff, 0xff, 0xff,
    0xff, 0xff, 0xff, 0xff, 0xff, 0xff, 0xff, 0xff, 0xff, 0xff, 0xff, 0xff, 0xff, 0xff, 0xff, 0xff, 0xff, 0xff, 0xff, 0xff, 0xff, 0xff, 0xff, 0xff,
    0xff, 0xff, 0xff, 0xff, 0xff, 0xff, 0xff, 0xff, 0xff,
};

const lv_img_dsc_t home_text_wechat_desc_img = {
    .header.cf = LV_IMG_CF_TRUE_COLOR_ALPHA,
    .header.always_zero = 0,
    .header.reserved = 0,
    .header.w = 61,
    .header.h = 15,
    .data_size = 61 * 15 * LV_IMG_PX_SIZE_ALPHA_BYTE,
    .data = home_text_wechat_desc_img_map,
};

static const LV_ATTRIBUTE_MEM_ALIGN LV_ATTRIBUTE_LARGE_CONST uint8_t home_text_ai_img_map[] = {
    0xff, 0xff, 0xff, 0xff, 0xff, 0xff, 0xff, 0xff, 0xff, 0xff, 0xff, 0xff, 0xff, 0xff, 0xff, 0xff, 0xff, 0xff, 0xff, 0xff, 0xff, 0xff, 0xff, 0xff,
    0xff, 0xff, 0xff, 0xff, 0xff, 0xff, 0xff, 0xff, 0xff, 0xff, 0xff, 0xff, 0xff, 0xff, 0xff, 0xff, 0xff, 0xff, 0xff, 0xff, 0xff, 0xff, 0xff, 0xff,
    0xff, 0xff, 0xff, 0xff, 0xff, 0xff, 0xff, 0xff, 0xff, 0xff, 0xff, 0xff, 0xff, 0xff, 0xff, 0xff, 0xff, 0xff, 0xff, 0xff, 0xff, 0xff, 0xff, 0xff,
    0xff, 0xff, 0xff, 0xff, 0xff, 0xff, 0xff, 0xff, 0xff, 0xff, 0xff, 0xff, 0xff, 0xff, 0xff, 0xff, 0xff, 0xff, 0xff, 0xff, 0xff, 0xff, 0xff, 0xff,
    0xff, 0xff, 0xff, 0xff, 0xff, 0xff, 0x6b, 0xb0, 0xff, 0x11, 0x27, 0xff, 0x4a, 0xcd, 0xff, 0xff, 0xff, 0xff, 0xff, 0xff, 0xff, 0xff, 0xff, 0xff,
    0xff, 0xff, 0xff, 0xf7, 0x9e, 0xff, 0x7c, 0x12, 0xff, 0xe7, 0x3c, 0xff, 0xff, 0xff, 0xff, 0xff, 0xff, 0xff, 0xff, 0xff, 0xff, 0xff, 0xff, 0xff,
    0xff, 0xff, 0xff, 0x29, 0xea, 0xff, 0x11, 0x27, 0xff, 0x84, 0x93, 0xff, 0xff, 0xff, 0xff, 0xff, 0xff, 0xff, 0x11, 0x27, 0xff, 0x11, 0x27, 0xff,
    0x84, 0x93, 0xff, 0xff, 0xff, 0xff, 0xff, 0xff, 0xff, 0xff, 0xff, 0xff, 0xff, 0xff, 0xff, 0xff, 0xff, 0xff, 0xff, 0xff, 0xff, 0xff, 0xff, 0xff,
    0xff, 0xff, 0xff, 0xff, 0xff, 0xff, 0xff, 0xff, 0xff, 0xff, 0xff, 0xff, 0xff, 0xff, 0xff, 0xff, 0xff, 0xff, 0xff, 0xff, 0xff, 0xff, 0xff, 0xff,
    0xff, 0xff, 0xff, 0xff, 0xff, 0xff, 0xff, 0xff, 0xff, 0xff, 0xff, 0xff, 0xff, 0xff, 0xff, 0xff, 0xff, 0xff, 0xff, 0xff, 0xff, 0xff, 0xff, 0xff,
    0xff, 0xff, 0xff, 0xff, 0xff, 0xff, 0xff, 0xff, 0xff, 0xff, 0xff, 0xff, 0xff, 0xff, 0xff, 0xff, 0xff, 0xff, 0xff, 0xff, 0xff, 0xff, 0xff, 0xff,
    0xff, 0xff, 0xff, 0xff, 0xff, 0xff, 0xff, 0xff, 0xff, 0xff, 0xff, 0xff, 0xff, 0xff, 0xff, 0x6b, 0xb0, 0xff, 0x11, 0x27, 0xff, 0x4a, 0xcd, 0xff,
    0xff, 0xff, 0xff, 0xff, 0xff, 0xff, 0xff, 0xff, 0xff, 0xff, 0xff, 0xff, 0x5b, 0x4f, 0xff, 0x11, 0x27, 0xff, 0x29, 0xea, 0xff, 0xe7, 0x3c, 0xff,
    0xff, 0xff, 0xff, 0xff, 0xff, 0xff, 0xff, 0xff, 0xff, 0xff, 0xff, 0xff, 0x29, 0xea, 0xff, 0x11, 0x27, 0xff, 0x84, 0x93, 0xff, 0xff, 0xff, 0xff,
    0xff, 0xff, 0xff, 0x11, 0x27, 0xff, 0x11, 0x27, 0xff, 0x84, 0x93, 0xff, 0xff, 0xff, 0xff, 0xff, 0xff, 0xff, 0xff, 0xff, 0xff, 0xff, 0xff, 0xff,
    0xff, 0xff, 0xff, 0xff, 0xff, 0xff, 0xb5, 0xd8, 0xff, 0x4a, 0xcd, 0xff, 0x4a, 0xcd, 0xff, 0x4a, 0xcd, 0xff, 0xb5, 0xd8, 0xff, 0xff, 0xff, 0xff,
    0xff, 0xff, 0xff, 0xff, 0xff, 0xff, 0xff, 0xff, 0xff, 0xff, 0xff, 0xff, 0xd6, 0xbb, 0xff, 0x4a, 0xcd, 0xff, 0x4a, 0xcd, 0xff, 0x84, 0x93, 0xff,
    0xff, 0xff, 0xff, 0xff, 0xff, 0xff, 0xd6, 0xbb, 0xff, 0x6b, 0xb0, 0xff, 0x6b, 0xb0, 0xff, 0x6b, 0xb0, 0xff, 0x6b, 0xb0, 0xff, 0x6b, 0xb0, 0xff,
    0x6b, 0xb0, 0xff, 0x7c, 0x12, 0xff, 0xa5, 0x76, 0xff, 0xff, 0xff, 0xff, 0xff, 0xff, 0xff, 0xff, 0xff, 0xff, 0xff, 0xff, 0xff, 0xff, 0xff, 0xff,
    0x6b, 0xb0, 0xff, 0x11, 0x27, 0xff, 0x4a, 0xcd, 0xff, 0xff, 0xff, 0xff, 0xff, 0xff, 0xff, 0xff, 0xff, 0xff, 0xff, 0xff, 0xff, 0xe7, 0x1c, 0xff,
    0x29, 0xea, 0xff, 0x11, 0x27, 0xff, 0x29, 0xea, 0xff, 0xe7, 0x3c, 0xff, 0xff, 0xff, 0xff, 0xff, 0xff, 0xff, 0xff, 0xff, 0xff, 0x29, 0xea, 0xff,
    0x11, 0x27, 0xff, 0x84, 0x93, 0xff, 0xff, 0xff, 0xff, 0xff, 0xff, 0xff, 0x11, 0x27, 0xff, 0x11, 0x27, 0xff, 0x84, 0x93, 0xff, 0xff, 0xff, 0xff,
    0xff, 0xff, 0xff, 0xff, 0xff, 0xff, 0xff, 0xff, 0xff, 0xff, 0xff, 0xff, 0xff, 0xff, 0xff, 0x5b, 0x4f, 0xff, 0x11, 0x27, 0xff, 0x11, 0x27, 0xff,
    0x11, 0x27, 0xff, 0x6b, 0xb0, 0xff, 0xff, 0xff, 0xff, 0xff, 0xff, 0xff, 0xff, 0xff, 0xff, 0xff, 0xff, 0xff, 0xff, 0xff, 0xff, 0xc6, 0x39, 0xff,
    0x11, 0x27, 0xff, 0x11, 0x27, 0xff, 0x6b, 0xb0, 0xff, 0xff, 0xff, 0xff, 0xff, 0xff, 0xff, 0xc6, 0x39, 0xff, 0x11, 0x27, 0xff, 0x11, 0x27, 0xff,
    0x11, 0x27, 0xff, 0x11, 0x27, 0xff, 0x11, 0x27, 0xff, 0x11, 0x27, 0xff, 0x11, 0x27, 0xff, 0x29, 0xea, 0xff, 0xff, 0xff, 0xff, 0xff, 0xff, 0xff,
    0xff, 0xff, 0xff, 0xff, 0xff, 0xff, 0xff, 0xff, 0xff, 0x6b, 0xb0, 0xff, 0x11, 0x27, 0xff, 0x4a, 0xcd, 0xff, 0xff, 0xff, 0xff, 0xff, 0xff, 0xff,
    0xff, 0xff, 0xff, 0xff, 0xff, 0xff, 0xff, 0xff, 0xff, 0xe7, 0x1c, 0xff, 0x19, 0x89, 0xff, 0x11, 0x27, 0xff, 0x84, 0x93, 0xff, 0xf7, 0x9e, 0xff,
    0xc6, 0x59, 0xff, 0xc6, 0x59, 0xff, 0x19, 0x89, 0xff, 0x11, 0x27, 0xff, 0x6b, 0xb0, 0xff, 0xc6, 0x59, 0xff, 0xc6, 0x59, 0xff, 0x11, 0x27, 0xff,
    0x11, 0x27, 0xff, 0x6b, 0xb0, 0xff, 0xc6, 0x59, 0xff, 0xe7, 0x3c, 0xff, 0xff, 0xff, 0xff, 0xff, 0xff, 0xff, 0xff, 0xff, 0xff, 0xff, 0xff, 0xff,
    0x19, 0x89, 0xff, 0x11, 0x27, 0xff, 0x29, 0xea, 0xff, 0x11, 0x27, 0xff, 0x19, 0x89, 0xff, 0xf7, 0x9e, 0xff, 0xff, 0xff, 0xff, 0xff, 0xff, 0xff,
    0xff, 0xff, 0xff, 0xff, 0xff, 0xff, 0xc6, 0x39, 0xff, 0x11, 0x27, 0xff, 0x11, 0x27, 0xff, 0x6b, 0xb0, 0xff, 0xff, 0xff, 0xff, 0xff, 0xff, 0xff,
    0xd6, 0xbb, 0xff, 0x4a, 0xcd, 0xff, 0x4a, 0xcd, 0xff, 0x4a, 0xcd, 0xff, 0x4a, 0xcd, 0xff, 0x4a, 0xcd, 0xff, 0x19, 0x89, 0xff, 0x11, 0x27, 0xff,
    0x4a, 0xcd, 0xff, 0xa5, 0x76, 0xff, 0x84, 0x93, 0xff, 0x84, 0x93, 0xff, 0x84, 0x93, 0xff, 0x84, 0x93, 0xff, 0x3a, 0x6c, 0xff, 0x11, 0x27, 0xff,
    0x29, 0xea, 0xff, 0x84, 0x93, 0xff, 0x94, 0xf5, 0xff, 0xff, 0xff, 0xff, 0xff, 0xff, 0xff, 0xff, 0xff, 0xff, 0xff, 0xff, 0xff, 0xb5, 0xd8, 0xff,
    0x7c, 0x12, 0xff, 0xff, 0xff, 0xff, 0xa5, 0x76, 0xff, 0x11, 0x27, 0xff, 0x11, 0x27, 0xff, 0x11, 0x27, 0xff, 0x11, 0x27, 0xff, 0x11, 0x27, 0xff,
    0x11, 0x27, 0xff, 0x11, 0x27, 0xff, 0x11, 0x27, 0xff, 0x11, 0x27, 0xff, 0x11, 0x27, 0xff, 0x11, 0x27, 0xff, 0x84, 0x93, 0xff, 0xff, 0xff, 0xff,
    0xff, 0xff, 0xff, 0xff, 0xff, 0xff, 0xb5, 0xd8, 0xff, 0x11, 0x27, 0xff, 0x11, 0x27, 0xff, 0xa5, 0x76, 0xff, 0x11, 0x27, 0xff, 0x11, 0x27, 0xff,
    0xc6, 0x59, 0xff, 0xff, 0xff, 0xff, 0xff, 0xff, 0xff, 0xff, 0xff, 0xff, 0xff, 0xff, 0xff, 0xc6, 0x39, 0xff, 0x11, 0x27, 0xff, 0x11, 0x27, 0xff,
    0x6b, 0xb0, 0xff, 0xff, 0xff, 0xff, 0xff, 0xff, 0xff, 0xff, 0xff, 0xff, 0xff, 0xff, 0xff, 0xff, 0xff, 0xff, 0xff, 0xff, 0xff, 0xff, 0xff, 0xff,
    0xff, 0xff, 0xff, 0x3a, 0x6c, 0xff, 0x11, 0x27, 0xff, 0x7c, 0x12, 0xff, 0x4a, 0xcd, 0xff, 0x11, 0x27, 0xff, 0x11, 0x27, 0xff, 0x11, 0x27, 0xff,
    0x11, 0x27, 0xff, 0x11, 0x27, 0xff, 0x11, 0x27, 0xff, 0x11, 0x27, 0xff, 0x11, 0x27, 0xff, 0x29, 0xea, 0xff, 0xff, 0xff, 0xff, 0xff, 0xff, 0xff,
    0xff, 0xff, 0xff, 0xff, 0xff, 0xff, 0xff, 0xff, 0xff, 0xff, 0xff, 0xff, 0xff, 0xff, 0xff, 0xa5, 0x76, 0xff, 0x11, 0x27, 0xff, 0x11, 0x27, 0xff,
    0x11, 0x27, 0xff, 0x11, 0x27, 0xff, 0x11, 0x27, 0xff, 0x11, 0x27, 0xff, 0x11, 0x27, 0xff, 0x11, 0x27, 0xff, 0x11, 0x27, 0xff, 0x11, 0x27, 0xff,
    0x11, 0x27, 0xff, 0x84, 0x93, 0xff, 0xff, 0xff, 0xff, 0xff, 0xff, 0xff, 0xff, 0xff, 0xff, 0x6b, 0xb0, 0xff, 0x11, 0x27, 0xff, 0x29, 0xea, 0xff,
    0xf7, 0x9e, 0xff, 0x19, 0x89, 0xff, 0x11, 0x27, 0xff, 0x7c, 0x12, 0xff, 0xff, 0xff, 0xff, 0xff, 0xff, 0xff, 0xff, 0xff, 0xff, 0xff, 0xff, 0xff,
    0xc6, 0x39, 0xff, 0x11, 0x27, 0xff, 0x11, 0x27, 0xff, 0x6b, 0xb0, 0xff, 0xff, 0xff, 0xff, 0xff, 0xff, 0xff, 0xff, 0xff, 0xff, 0xff, 0xff, 0xff,
    0xd6, 0xbb, 0xff, 0xff, 0xff, 0xff, 0xff, 0xff, 0xff, 0xff, 0xff, 0xff, 0x11, 0x27, 0xff, 0x11, 0x27, 0xff, 0x94, 0xf5, 0xff, 0x7c, 0x32, 0xff,
    0x4a, 0xcd, 0xff, 0x4a, 0xcd, 0xff, 0x4a, 0xcd, 0xff, 0x4a, 0xcd, 0xff, 0x29, 0xea, 0xff, 0x11, 0x27, 0xff, 0x19, 0x89, 0xff, 0x4a, 0xcd, 0xff,
    0x6b, 0xb0, 0xff, 0xff, 0xff, 0xff, 0x4a, 0xcd, 0xff, 0x2a, 0x0a, 0xff, 0x2a, 0x0a, 0xff, 0x2a, 0x0a, 0xff, 0x4a, 0xcd, 0xff, 0xff, 0xff, 0xff,
    0xf7, 0x9e, 0xff, 0xe7, 0x1c, 0xff, 0xe7, 0x1c, 0xff, 0x29, 0xea, 0xff, 0x11, 0x27, 0xff, 0x7c, 0x12, 0xff, 0xe7, 0x1c, 0xff, 0xe7, 0x1c, 0xff,
    0x11, 0x27, 0xff, 0x11, 0x27, 0xff, 0x7c, 0x12, 0xff, 0xe7, 0x1c, 0xff, 0xf7, 0x9e, 0xff, 0xff, 0xff, 0xff, 0xff, 0xff, 0xff, 0xff, 0xff, 0xff,
    0x19, 0x89, 0xff, 0x11, 0x27, 0xff, 0x6b, 0xb0, 0xff, 0xff, 0xff, 0xff, 0x4a, 0xcd, 0xff, 0x11, 0x27, 0xff, 0x19, 0x89, 0xff, 0xff, 0xff, 0xff,
    0xff, 0xff, 0xff, 0xff, 0xff, 0xff, 0xff, 0xff, 0xff, 0xc6, 0x39, 0xff, 0x11, 0x27, 0xff, 0x11, 0x27, 0xff, 0x6b, 0xb0, 0xff, 0xff, 0xff, 0xff,
    0xff, 0xff, 0xff, 0xff, 0xff, 0xff, 0x84, 0x93, 0xff, 0x11, 0x27, 0xff, 0x84, 0x93, 0xff, 0xff, 0xff, 0xff, 0xc6, 0x39, 0xff, 0x11, 0x27, 0xff,
    0x11, 0x27, 0xff, 0xc6, 0x59, 0xff, 0xff, 0xff, 0xff, 0xff, 0xff, 0xff, 0xff, 0xff, 0xff, 0xff, 0xff, 0xff, 0xff, 0xff, 0xff, 0x6b, 0xb0, 0xff,
    0x11, 0x27, 0xff, 0x4a, 0xcd, 0xff, 0xff, 0xff, 0xff, 0xff, 0xff, 0xff, 0xff, 0xff, 0xff, 0x29, 0xea, 0xff, 0x11, 0x27, 0xff, 0x11, 0x27, 0xff,
    0x11, 0x27, 0xff, 0x29, 0xea, 0xff, 0xff, 0xff, 0xff, 0xff, 0xff, 0xff, 0xff, 0xff, 0xff, 0xff, 0xff, 0xff, 0x29, 0xea, 0xff, 0x11, 0x27, 0xff,
    0x84, 0x93, 0xff, 0xff, 0xff, 0xff, 0xff, 0xff, 0xff, 0x11, 0x27, 0xff, 0x11, 0x27, 0xff, 0x84, 0x93, 0xff, 0xff, 0xff, 0xff, 0xff, 0xff, 0xff,
    0xff, 0xff, 0xff, 0xff, 0xff, 0xff, 0xc6, 0x39, 0xff, 0x11, 0x27, 0xff, 0x11, 0x27, 0xff, 0xb5, 0xd8, 0xff, 0xff, 0xff, 0xff, 0x94, 0xf5, 0xff,
    0x11, 0x27, 0xff, 0x11, 0x27, 0xff, 0xc6, 0x59, 0xff, 0xff, 0xff, 0xff, 0xff, 0xff, 0xff, 0xff, 0xff, 0xff, 0xc6, 0x39, 0xff, 0x11, 0x27, 0xff,
    0x11, 0x27, 0xff, 0x6b, 0xb0, 0xff, 0xff, 0xff, 0xff, 0xff, 0xff, 0xff, 0xf7, 0x9e, 0xff, 0x3a, 0x6c, 0xff, 0x11, 0x27, 0xff, 0x11, 0x27, 0xff,
    0x84, 0x93, 0xff, 0x7c, 0x32, 0xff, 0x11, 0x27, 0xff, 0x19, 0x89, 0xff, 0xff, 0xff, 0xff, 0xff, 0xff, 0xff, 0xa5, 0x76, 0xff, 0xe7, 0x3c, 0xff,
    0xff, 0xff, 0xff, 0xff, 0xff, 0xff, 0x6b, 0xb0, 0xff, 0x11, 0x27, 0xff, 0x4a, 0xcd, 0xff, 0xff, 0xff, 0xff, 0xff, 0xff, 0xff, 0xff, 0xff, 0xff,
    0x94, 0xf5, 0xff, 0x84, 0x93, 0xff, 0x4a, 0xcd, 0xff, 0x11, 0x27, 0xff, 0x29, 0xea, 0xff, 0xff, 0xff, 0xff, 0xff, 0xff, 0xff, 0xff, 0xff, 0xff,
    0xff, 0xff, 0xff, 0x29, 0xea, 0xff, 0x11, 0x27, 0xff, 0x84, 0x93, 0xff, 0xff, 0xff, 0xff, 0xff, 0xff, 0xff, 0x11, 0x27, 0xff, 0x11, 0x27, 0xff,
    0x84, 0x93, 0xff, 0xff, 0xff, 0xff, 0xff, 0xff, 0xff, 0xff, 0xff, 0xff, 0xff, 0xff, 0xff, 0x6b, 0xb0, 0xff, 0x11, 0x27, 0xff, 0x11, 0x27, 0xff,
    0xf7, 0x9e, 0xff, 0xff, 0xff, 0xff, 0xd6, 0xbb, 0xff, 0x11, 0x27, 0xff, 0x11, 0x27, 0xff, 0x7c, 0x12, 0xff, 0xff, 0xff, 0xff, 0xff, 0xff, 0xff,
    0xff, 0xff, 0xff, 0xc6, 0x39, 0xff, 0x11, 0x27, 0xff, 0x11, 0x27, 0xff, 0x6b, 0xb0, 0xff, 0xff, 0xff, 0xff, 0xff, 0xff, 0xff, 0xff, 0xff, 0xff,
    0xf7, 0x9e, 0xff, 0x3a, 0x6c, 0xff, 0x11, 0x27, 0xff, 0x11, 0x27, 0xff, 0x19, 0x89, 0xff, 0x11, 0x27, 0xff, 0x5b, 0x2f, 0xff, 0xff, 0xff, 0xff,
    0x5b, 0x4f, 0xff, 0x11, 0x27, 0xff, 0x4a, 0xcd, 0xff, 0xff, 0xff, 0xff, 0xff, 0xff, 0xff, 0x6b, 0xb0, 0xff, 0x11, 0x27, 0xff, 0x4a, 0xcd, 0xff,
    0xff, 0xff, 0xff, 0xff, 0xff, 0xff, 0xff, 0xff, 0xff, 0xff, 0xff, 0xff, 0xff, 0xff, 0xff, 0x84, 0x93, 0xff, 0x11, 0x27, 0xff, 0x29, 0xea, 0xff,
    0xff, 0xff, 0xff, 0xe7, 0x1c, 0xff, 0xe7, 0x1c, 0xff, 0xe7, 0x1c, 0xff, 0x29, 0xea, 0xff, 0x11, 0x27, 0xff, 0x7c, 0x12, 0xff, 0xe7, 0x1c, 0xff,
    0xe7, 0x1c, 0xff, 0x11, 0x27, 0xff, 0x11, 0x27, 0xff, 0x7c, 0x12, 0xff, 0xe7, 0x1c, 0xff, 0xe7, 0x1c, 0xff, 0xff, 0xff, 0xff, 0xff, 0xff, 0xff,
    0x29, 0xea, 0xff, 0x11, 0x27, 0xff, 0x3a, 0x6c, 0xff, 0xe7, 0x1c, 0xff, 0xe7, 0x1c, 0xff, 0xe7, 0x1c, 0xff, 0x19, 0x89, 0xff, 0x11, 0x27, 0xff,
    0x19, 0x89, 0xff, 0xff, 0xff, 0xff, 0xff, 0xff, 0xff, 0xff, 0xff, 0xff, 0xc6, 0x39, 0xff, 0x11, 0x27, 0xff, 0x11, 0x27, 0xff, 0x6b, 0xb0, 0xff,
    0xff, 0xff, 0xff, 0xff, 0xff, 0xff, 0xff, 0xff, 0xff, 0xff, 0xff, 0xff, 0xf7, 0x9e, 0xff, 0x3a, 0x6c, 0xff, 0x11, 0x27, 0xff, 0x11, 0x27, 0xff,
    0x11, 0x27, 0xff, 0xa5, 0x76, 0xff, 0xff, 0xff, 0xff, 0xc6, 0x39, 0xff, 0x11, 0x27, 0xff, 0x11, 0x27, 0xff, 0xc6, 0x59, 0xff, 0xff, 0xff, 0xff,
    0x6b, 0xb0, 0xff, 0x11, 0x27, 0xff, 0x4a, 0xcd, 0xff, 0xff, 0xff, 0xff, 0xff, 0xff, 0xff, 0xff, 0xff, 0xff, 0xff, 0xff, 0xff, 0xff, 0xff, 0xff,
    0x84, 0x93, 0xff, 0x11, 0x27, 0xff, 0x29, 0xea, 0xff, 0xff, 0xff, 0xff, 0x4a, 0xcd, 0xff, 0x11, 0x27, 0xff, 0x11, 0x27, 0xff, 0x11, 0x27, 0xff,
    0x11, 0x27, 0xff, 0x11, 0x27, 0xff, 0x11, 0x27, 0xff, 0x11, 0x27, 0xff, 0x11, 0x27, 0xff, 0x11, 0x27, 0xff, 0x11, 0x27, 0xff, 0x11, 0x27, 0xff,
    0x29, 0xea, 0xff, 0xff, 0xff, 0xff, 0xc6, 0x39, 0xff, 0x11, 0x27, 0xff, 0x11, 0x27, 0xff, 0x11, 0x27, 0xff, 0x11, 0x27, 0xff, 0x11, 0x27, 0xff,
    0x11, 0x27, 0xff, 0x11, 0x27, 0xff, 0x11, 0x27, 0xff, 0x11, 0x27, 0xff, 0xc6, 0x59, 0xff, 0xff, 0xff, 0xff, 0xff, 0xff, 0xff, 0xc6, 0x39, 0xff,
    0x11, 0x27, 0xff, 0x11, 0x27, 0xff, 0x6b, 0xb0, 0xff, 0xff, 0xff, 0xff, 0xff, 0xff, 0xff, 0xff, 0xff, 0xff, 0xff, 0xff, 0xff, 0xff, 0xff, 0xff,
    0xf7, 0x9e, 0xff, 0x29, 0xea, 0xff, 0x11, 0x27, 0xff, 0x11, 0x27, 0xff, 0x84, 0x93, 0xff, 0xff, 0xff, 0xff, 0xff, 0xff, 0xff, 0x4a, 0xcd, 0xff,
    0x11, 0x27, 0xff, 0x4a, 0xcd, 0xff, 0xff, 0xff, 0xff, 0x6b, 0xb0, 0xff, 0x11, 0x27, 0xff, 0x4a, 0xcd, 0xff, 0xff, 0xff, 0xff, 0xff, 0xff, 0xff,
    0xff, 0xff, 0xff, 0xff, 0xff, 0xff, 0xff, 0xff, 0xff, 0x84, 0x93, 0xff, 0x11, 0x27, 0xff, 0x29, 0xea, 0xff, 0xff, 0xff, 0xff, 0x4a, 0xcd, 0xff,
    0x11, 0x27, 0xff, 0x11, 0x27, 0xff, 0x11, 0x27, 0xff, 0x11, 0x27, 0xff, 0x11, 0x27, 0xff, 0x11, 0x27, 0xff, 0x11, 0x27, 0xff, 0x11, 0x27, 0xff,
    0x11, 0x27, 0xff, 0x11, 0x27, 0xff, 0x11, 0x27, 0xff, 0x29, 0xea, 0xff, 0xff, 0xff, 0xff, 0x6b, 0xb0, 0xff, 0x11, 0x27, 0xff, 0x11, 0x27, 0xff,
    0x11, 0x27, 0xff, 0x11, 0x27, 0xff, 0x11, 0x27, 0xff, 0x11, 0x27, 0xff, 0x11, 0x27, 0xff, 0x11, 0x27, 0xff, 0x11, 0x27, 0xff, 0x84, 0x93, 0xff,
    0xff, 0xff, 0xff, 0xff, 0xff, 0xff, 0xc6, 0x39, 0xff, 0x11, 0x27, 0xff, 0x11, 0x27, 0xff, 0x6b, 0xb0, 0xff, 0xff, 0xff, 0xff, 0xff, 0xff, 0xff,
    0xff, 0xff, 0xff, 0xff, 0xff, 0xff, 0xff, 0xff, 0xff, 0xe7, 0x3c, 0xff, 0x11, 0x27, 0xff, 0x11, 0x27, 0xff, 0x11, 0x27, 0xff, 0x11, 0x27, 0xff,
    0xa5, 0x76, 0xff, 0xff, 0xff, 0xff, 0xc6, 0x39, 0xff, 0x11, 0x27, 0xff, 0x19, 0x89, 0xff, 0xe7, 0x1c, 0xff, 0x6b, 0xb0, 0xff, 0x11, 0x27, 0xff,
    0x4a, 0xcd, 0xff, 0xff, 0xff, 0xff, 0xff, 0xff, 0xff, 0xff, 0xff, 0xff, 0xff, 0xff, 0xff, 0xff, 0xff, 0xff, 0x84, 0x93, 0xff, 0x11, 0x27, 0xff,
    0x29, 0xea, 0xff, 0xe7, 0x3c, 0xff, 0xc6, 0x39, 0xff, 0xc6, 0x39, 0xff, 0xb5, 0xd8, 0xff, 0x11, 0x27, 0xff, 0x11, 0x27, 0xff, 0x84, 0x93, 0xff,
    0xc6, 0x39, 0xff, 0xc6, 0x39, 0xff, 0x11, 0x27, 0xff, 0x11, 0x27, 0xff, 0x6b, 0xb0, 0xff, 0xc6, 0x39, 0xff, 0xd6, 0xbb, 0xff, 0xff, 0xff, 0xff,
    0x29, 0xea, 0xff, 0x11, 0x27, 0xff, 0x19, 0x89, 0xff, 0xc6, 0x39, 0xff, 0xc6, 0x39, 0xff, 0xc6, 0x39, 0xff, 0xc6, 0x39, 0xff, 0xc6, 0x39, 0xff,
    0x11, 0x27, 0xff, 0x11, 0x27, 0xff, 0x29, 0xea, 0xff, 0xff, 0xff, 0xff, 0xff, 0xff, 0xff, 0xc6, 0x39, 0xff, 0x11, 0x27, 0xff, 0x11, 0x27, 0xff,
    0x6b, 0xb0, 0xff, 0xff, 0xff, 0xff, 0xff, 0xff, 0xff, 0xff, 0xff, 0xff, 0xff, 0xff, 0xff, 0xff, 0xff, 0xff, 0x4a, 0xcd, 0xff, 0x11, 0x27, 0xff,
    0x11, 0x27, 0xff, 0x19, 0x89, 0xff, 0x11, 0x27, 0xff, 0x19, 0x89, 0xff, 0xe7, 0x3c, 0xff, 0xff, 0xff, 0xff, 0x84, 0x93, 0xff, 0xf7, 0x9e, 0xff,
    0xff, 0xff, 0xff, 0x6b, 0xb0, 0xff, 0x11, 0x27, 0xff, 0x4a, 0xcd, 0xff, 0xff, 0xff, 0xff, 0xff, 0xff, 0xff, 0xff, 0xff, 0xff, 0xff, 0xff, 0xff,
    0xff, 0xff, 0xff, 0x84, 0x93, 0xff, 0x11, 0x27, 0xff, 0x19, 0x89, 0xff, 0x29, 0xea, 0xff, 0x84, 0x93, 0xff, 0xff, 0xff, 0xff, 0xb5, 0xd8, 0xff,
    0x11, 0x27, 0xff, 0x11, 0x27, 0xff, 0xd6, 0xbb, 0xff, 0xff, 0xff, 0xff, 0xff, 0xff, 0xff, 0x11, 0x27, 0xff, 0x11, 0x27, 0xff, 0x84, 0x93, 0xff,
    0xff, 0xff, 0xff, 0xff, 0xff, 0xff, 0xd6, 0xbb, 0xff, 0x11, 0x27, 0xff, 0x11, 0x27, 0xff, 0x5b, 0x2f, 0xff, 0xff, 0xff, 0xff, 0xff, 0xff, 0xff,
    0xff, 0xff, 0xff, 0xff, 0xff, 0xff, 0xff, 0xff, 0xff, 0x3a, 0x6c, 0xff, 0x11, 0x27, 0xff, 0x11, 0x27, 0xff, 0xc6, 0x59, 0xff, 0xff, 0xff, 0xff,
    0xc6, 0x39, 0xff, 0x11, 0x27, 0xff, 0x11, 0x27, 0xff, 0x6b, 0xb0, 0xff, 0xff, 0xff, 0xff, 0xff, 0xff, 0xff, 0xff, 0xff, 0xff, 0xff, 0xff, 0xff,
    0x84, 0x93, 0xff, 0x11, 0x27, 0xff, 0x11, 0x27, 0xff, 0x7c, 0x12, 0xff, 0xc6, 0x39, 0xff, 0x11, 0x27, 0xff, 0x11, 0x27, 0xff, 0x7c, 0x12, 0xff,
    0xff, 0xff, 0xff, 0xff, 0xff, 0xff, 0xff, 0xff, 0xff, 0xff, 0xff, 0xff, 0x6b, 0xb0, 0xff, 0x11, 0x27, 0xff, 0x4a, 0xcd, 0xff, 0xff, 0xff, 0xff,
    0xff, 0xff, 0xff, 0xff, 0xff, 0xff, 0xff, 0xff, 0xff, 0xff, 0xff, 0xff, 0x84, 0x93, 0xff, 0x11, 0x27, 0xff, 0x11, 0x27, 0xff, 0x11, 0x27, 0xff,
    0x3a, 0x6c, 0xff, 0xff, 0xff, 0xff, 0x6b, 0xb0, 0xff, 0x11, 0x27, 0xff, 0x19, 0x89, 0xff, 0xff, 0xff, 0xff, 0xff, 0xff, 0xff, 0xff, 0xff, 0xff,
    0x11, 0x27, 0xff, 0x11, 0x27, 0xff, 0x84, 0x93, 0xff, 0xff, 0xff, 0xff, 0xff, 0xff, 0xff, 0x7c, 0x32, 0xff, 0x11, 0x27, 0xff, 0x11, 0x27, 0xff,
    0xa5, 0x76, 0xff, 0xff, 0xff, 0xff, 0xff, 0xff, 0xff, 0xff, 0xff, 0xff, 0xff, 0xff, 0xff, 0xff, 0xff, 0xff, 0x7c, 0x32, 0xff, 0x11, 0x27, 0xff,
    0x11, 0x27, 0xff, 0x84, 0x93, 0xff, 0xff, 0xff, 0xff, 0xc6, 0x39, 0xff, 0x11, 0x27, 0xff, 0x11, 0x27, 0xff, 0x6b, 0xb0, 0xff, 0xff, 0xff, 0xff,
    0xff, 0xff, 0xff, 0xff, 0xff, 0xff, 0xa5, 0x76, 0xff, 0x11, 0x27, 0xff, 0x11, 0x27, 0xff, 0x29, 0xea, 0xff, 0xf7, 0x9e, 0xff, 0xff, 0xff, 0xff,
    0x7c, 0x32, 0xff, 0x6b, 0xb0, 0xff, 0xff, 0xff, 0xff, 0xff, 0xff, 0xff, 0xff, 0xff, 0xff, 0xff, 0xff, 0xff, 0xff, 0xff, 0xff, 0x5b, 0x4f, 0xff,
    0x11, 0x27, 0xff, 0x4a, 0xcd, 0xff, 0xff, 0xff, 0xff, 0xff, 0xff, 0xff, 0xff, 0xff, 0xff, 0xff, 0xff, 0xff, 0xff, 0xff, 0xff, 0x29, 0xea, 0xff,
    0x11, 0x27, 0xff, 0x11, 0x27, 0xff, 0x29, 0xea, 0xff, 0xe7, 0x1c, 0xff, 0xe7, 0x3c, 0xff, 0x11, 0x27, 0xff, 0x11, 0x27, 0xff, 0x6b, 0xb0, 0xff,
    0xff, 0xff, 0xff, 0xff, 0xff, 0xff, 0xff, 0xff, 0xff, 0x11, 0x27, 0xff, 0x11, 0x27, 0xff, 0x84, 0x93, 0xff, 0xff, 0xff, 0xff, 0xff, 0xff, 0xff,
    0x3a, 0x6c, 0xff, 0x11, 0x27, 0xff, 0x11, 0x27, 0xff, 0xe7, 0x1c, 0xff, 0xff, 0xff, 0xff, 0xff, 0xff, 0xff, 0xff, 0xff, 0xff, 0xff, 0xff, 0xff,
    0xff, 0xff, 0xff, 0xc6, 0x39, 0xff, 0x11, 0x27, 0xff, 0x11, 0x27, 0xff, 0x4a, 0xcd, 0xff, 0xff, 0xff, 0xff, 0xc6, 0x39, 0xff, 0x11, 0x27, 0xff,
    0x11, 0x27, 0xff, 0x6b, 0xb0, 0xff, 0xff, 0xff, 0xff, 0xff, 0xff, 0xff, 0x94, 0xf5, 0xff, 0x11, 0x27, 0xff, 0x11, 0x27, 0xff, 0x19, 0x89, 0xff,
    0xe7, 0x1c, 0xff, 0xff, 0xff, 0xff, 0xff, 0xff, 0xff, 0xf7, 0x9e, 0xff, 0xff, 0xff, 0xff, 0xff, 0xff, 0xff, 0xff, 0xff, 0xff, 0xa5, 0x76, 0xff,
    0x4a, 0xcd, 0xff, 0x4a, 0xcd, 0xff, 0x19, 0x89, 0xff, 0x11, 0x27, 0xff, 0x5b, 0x2f, 0xff, 0xff, 0xff, 0xff, 0xff, 0xff, 0xff, 0xff, 0xff, 0xff,
    0xff, 0xff, 0xff, 0xb5, 0xd8, 0xff, 0x11, 0x27, 0xff, 0x11, 0x27, 0xff, 0x4a, 0xcd, 0xff, 0xf7, 0x9e, 0xff, 0xe7, 0x3c, 0xff, 0x29, 0xea, 0xff,
    0x11, 0x27, 0xff, 0x11, 0x27, 0xff, 0xe7, 0x1c, 0xff, 0xff, 0xff, 0xff, 0xff, 0xff, 0xff, 0xff, 0xff, 0xff, 0x11, 0x27, 0xff, 0x11, 0x27, 0xff,
    0x84, 0x93, 0xff, 0xff, 0xff, 0xff, 0xff, 0xff, 0xff, 0xff, 0xff, 0xff, 0xff, 0xff, 0xff, 0xff, 0xff, 0xff, 0xff, 0xff, 0xff, 0xff, 0xff, 0xff,
    0xff, 0xff, 0xff, 0xff, 0xff, 0xff, 0xff, 0xff, 0xff, 0xff, 0xff, 0xff, 0xff, 0xff, 0xff, 0xff, 0xff, 0xff, 0xff, 0xff, 0xff, 0xff, 0xff, 0xff,
    0xff, 0xff, 0xff, 0xff, 0xff, 0xff, 0xff, 0xff, 0xff, 0xff, 0xff, 0xff, 0xff, 0xff, 0xff, 0xff, 0xff, 0xff, 0xff, 0xff, 0xff, 0xd6, 0xbb, 0xff,
    0x19, 0x89, 0xff, 0x11, 0x27, 0xff, 0xb5, 0xd8, 0xff, 0xff, 0xff, 0xff, 0xff, 0xff, 0xff, 0xff, 0xff, 0xff, 0xff, 0xff, 0xff, 0xff, 0xff, 0xff,
    0xff, 0xff, 0xff, 0xff, 0xff, 0xff, 0xc6, 0x39, 0xff, 0x11, 0x27, 0xff, 0x11, 0x27, 0xff, 0x11, 0x27, 0xff, 0x11, 0x27, 0xff, 0xa5, 0x76, 0xff,
    0xff, 0xff, 0xff, 0xff, 0xff, 0xff, 0xff, 0xff, 0xff, 0xff, 0xff, 0xff, 0xff, 0xff, 0xff, 0x4a, 0xcd, 0xff, 0x7c, 0x12, 0xff, 0xff, 0xff, 0xff,
    0xff, 0xff, 0xff, 0xc6, 0x39, 0xff, 0x29, 0xea, 0xff, 0x11, 0x27, 0xff, 0x84, 0x93, 0xff, 0xff, 0xff, 0xff, 0xff, 0xff, 0xff, 0xff, 0xff, 0xff,
    0xff, 0xff, 0xff, 0x11, 0x27, 0xff, 0x11, 0x27, 0xff, 0x84, 0x93, 0xff, 0xff, 0xff, 0xff, 0xff, 0xff, 0xff, 0xff, 0xff, 0xff, 0xff, 0xff, 0xff,
    0xff, 0xff, 0xff, 0xff, 0xff, 0xff, 0xff, 0xff, 0xff, 0xff, 0xff, 0xff, 0xff, 0xff, 0xff, 0xff, 0xff, 0xff, 0xff, 0xff, 0xff, 0xff, 0xff, 0xff,
    0xff, 0xff, 0xff, 0xff, 0xff, 0xff, 0xff, 0xff, 0xff, 0xff, 0xff, 0xff, 0xff, 0xff, 0xff, 0xff, 0xff, 0xff, 0xff, 0xff, 0xff, 0xff, 0xff, 0xff,
    0xff, 0xff, 0xff, 0xff, 0xff, 0xff, 0xff, 0xff, 0xff, 0xa5, 0x76, 0xff, 0xd6, 0xbb, 0xff, 0xff, 0xff, 0xff, 0xff, 0xff, 0xff, 0xff, 0xff, 0xff,
    0xff, 0xff, 0xff, 0xff, 0xff, 0xff, 0xff, 0xff, 0xff, 0xff, 0xff, 0xff, 0xff, 0xff, 0xff, 0xff, 0xff, 0xff, 0x4a, 0xcd, 0xff, 0x4a, 0xcd, 0xff,
    0x6b, 0xb0, 0xff, 0xa5, 0x76, 0xff, 0xff, 0xff, 0xff, 0xff, 0xff, 0xff, 0xff, 0xff, 0xff, 0xff, 0xff, 0xff, 0xff, 0xff, 0xff, 0xff, 0xff, 0xff,
    0xf7, 0x9e, 0xff, 0xff, 0xff, 0xff, 0xff, 0xff, 0xff, 0xff, 0xff, 0xff, 0xff, 0xff, 0xff, 0xe7, 0x1c, 0xff, 0x94, 0xf5, 0xff, 0xff, 0xff, 0xff,
    0xff, 0xff, 0xff, 0xff, 0xff, 0xff, 0xff, 0xff, 0xff, 0xff, 0xff, 0xff, 0x4a, 0xcd, 0xff, 0x4a, 0xcd, 0xff, 0xa5, 0x76, 0xff, 0xff, 0xff, 0xff,
    0xff, 0xff, 0xff,
};

const lv_img_dsc_t home_text_ai_img = {
    .header.cf = LV_IMG_CF_TRUE_COLOR_ALPHA,
    .header.always_zero = 0,
    .header.reserved = 0,
    .header.w = 59,
    .header.h = 19,
    .data_size = 59 * 19 * LV_IMG_PX_SIZE_ALPHA_BYTE,
    .data = home_text_ai_img_map,
};

static const LV_ATTRIBUTE_MEM_ALIGN LV_ATTRIBUTE_LARGE_CONST uint8_t home_text_ai_desc_img_map[] = {
    0xff, 0xff, 0xff, 0xff, 0xff, 0xff, 0xff, 0xff, 0xff, 0xff, 0xff, 0xff, 0xff, 0xff, 0xff, 0xff, 0xff, 0xff, 0xff, 0xff, 0xff, 0xff, 0xff, 0xff,
    0xff, 0xff, 0xff, 0xff, 0xff, 0xff, 0xff, 0xff, 0xff, 0xff, 0xff, 0xff, 0xff, 0xff, 0xff, 0xff, 0xff, 0xff, 0xff, 0xff, 0xff, 0xff, 0xff, 0xff,
    0xff, 0xff, 0xff, 0xff, 0xff, 0xff, 0xff, 0xff, 0xff, 0xff, 0xff, 0xff, 0xff, 0xff, 0xff, 0xff, 0xff, 0xff, 0xff, 0xff, 0xff, 0xff, 0xff, 0xff,
    0xff, 0xff, 0xff, 0xff, 0xff, 0xff, 0xff, 0xff, 0xff, 0xff, 0xff, 0xff, 0xff, 0xff, 0xff, 0xff, 0xff, 0xff, 0xff, 0xff, 0xff, 0xf7, 0xbf, 0xff,
    0xde, 0xfc, 0xff, 0xf7, 0xbf, 0xff, 0xff, 0xff, 0xff, 0xc6, 0x5a, 0xff, 0xef, 0x7e, 0xff, 0xff, 0xff, 0xff, 0xe7, 0x3d, 0xff, 0xc6, 0x7a, 0xff,
    0xc6, 0x7a, 0xff, 0xc6, 0x7a, 0xff, 0xc6, 0x7a, 0xff, 0xc6, 0x7a, 0xff, 0xc6, 0x7a, 0xff, 0xc6, 0x7a, 0xff, 0xde, 0xfc, 0xff, 0xff, 0xff, 0xff,
    0xff, 0xff, 0xff, 0xff, 0xff, 0xff, 0xff, 0xff, 0xff, 0xff, 0xff, 0xff, 0xff, 0xff, 0xff, 0xc6, 0x5a, 0xff, 0x6b, 0xf2, 0xff, 0xce, 0xbb, 0xff,
    0xff, 0xff, 0xff, 0xff, 0xff, 0xff, 0xff, 0xff, 0xff, 0xff, 0xff, 0xff, 0xff, 0xff, 0xff, 0xff, 0xff, 0xff, 0xff, 0xff, 0xff, 0xbe, 0x19, 0xff,
    0x74, 0x33, 0xff, 0xff, 0xff, 0xff, 0xff, 0xff, 0xff, 0xff, 0xff, 0xff, 0xff, 0xff, 0xff, 0xde, 0xfc, 0xff, 0x8c, 0xb4, 0xff, 0xde, 0xfc, 0xff,
    0xff, 0xff, 0xff, 0xff, 0xff, 0xff, 0xff, 0xff, 0xff, 0xff, 0xff, 0xff, 0xff, 0xff, 0xff, 0xb5, 0xd8, 0xff, 0xe7, 0x3d, 0xff, 0xa5, 0x97, 0xff,
    0x95, 0x15, 0xff, 0xff, 0xff, 0xff, 0xff, 0xff, 0xff, 0xff, 0xff, 0xff, 0xff, 0xff, 0xff, 0xff, 0xff, 0xff, 0xff, 0xff, 0xff, 0x9d, 0x56, 0xff,
    0xc6, 0x5a, 0xff, 0xc6, 0x7a, 0xff, 0xc6, 0x7a, 0xff, 0xef, 0x7e, 0xff, 0xff, 0xff, 0xff, 0xff, 0xff, 0xff, 0xff, 0xff, 0xff, 0xff, 0xff, 0xff,
    0xce, 0xbb, 0xff, 0xc6, 0x7a, 0xff, 0xef, 0x7e, 0xff, 0xff, 0xff, 0xff, 0xff, 0xff, 0xff, 0xff, 0xff, 0xff, 0xff, 0xff, 0xff, 0xde, 0xfc, 0xff,
    0xbe, 0x19, 0xff, 0xb5, 0xd8, 0xff, 0xce, 0xbb, 0xff, 0xff, 0xff, 0xff, 0xff, 0xff, 0xff, 0xff, 0xff, 0xff, 0xce, 0xbb, 0xff, 0xc6, 0x7a, 0xff,
    0xc6, 0x7a, 0xff, 0xce, 0xbb, 0xff, 0xde, 0xfc, 0xff, 0xf7, 0xbf, 0xff, 0xff, 0xff, 0xff, 0xff, 0xff, 0xff, 0xff, 0xff, 0xff, 0xff, 0xff, 0xff,
    0xc6, 0x5a, 0xff, 0x6b, 0xf2, 0xff, 0xff, 0xff, 0xff, 0xef, 0x7e, 0xff, 0x6b, 0xf2, 0xff, 0x74, 0x33, 0xff, 0xef, 0x7e, 0xff, 0xb5, 0xd8, 0xff,
    0x63, 0xb1, 0xff, 0x63, 0xb1, 0xff, 0x63, 0xb1, 0xff, 0x63, 0xb1, 0xff, 0x63, 0xb1, 0xff, 0x63, 0xb1, 0xff, 0x63, 0xb1, 0xff, 0x9d, 0x56, 0xff,
    0xff, 0xff, 0xff, 0xff, 0xff, 0xff, 0x8c, 0xd4, 0xff, 0x8c, 0xd4, 0xff, 0x8c, 0xd4, 0xff, 0x8c, 0xd4, 0xff, 0x74, 0x33, 0xff, 0x63, 0xb1, 0xff,
    0x74, 0x33, 0xff, 0x8c, 0xd4, 0xff, 0x8c, 0xd4, 0xff, 0x8c, 0xd4, 0xff, 0x8c, 0xd4, 0xff, 0xe7, 0x3d, 0xff, 0xff, 0xff, 0xff, 0xff, 0xff, 0xff,
    0xb5, 0xd8, 0xff, 0x63, 0xb1, 0xff, 0xff, 0xff, 0xff, 0xef, 0x7e, 0xff, 0xde, 0xfc, 0xff, 0xde, 0xfc, 0xff, 0xbe, 0x19, 0xff, 0x63, 0xb1, 0xff,
    0x95, 0x15, 0xff, 0xde, 0xfc, 0xff, 0xde, 0xfc, 0xff, 0xde, 0xfc, 0xff, 0xff, 0xff, 0xff, 0xef, 0x7e, 0xff, 0x63, 0xb1, 0xff, 0xbe, 0x19, 0xff,
    0x8c, 0xb4, 0xff, 0x74, 0x33, 0xff, 0xff, 0xff, 0xff, 0xff, 0xff, 0xff, 0xff, 0xff, 0xff, 0xce, 0x9b, 0xff, 0x9d, 0x56, 0xff, 0xf7, 0xbf, 0xff,
    0x63, 0xb1, 0xff, 0x9d, 0x56, 0xff, 0x63, 0xb1, 0xff, 0x63, 0xb1, 0xff, 0xa5, 0x97, 0xff, 0xff, 0xff, 0xff, 0xff, 0xff, 0xff, 0xff, 0xff, 0xff,
    0xe7, 0x3d, 0xff, 0x63, 0xb1, 0xff, 0x63, 0xb1, 0xff, 0xc6, 0x5a, 0xff, 0xff, 0xff, 0xff, 0xff, 0xff, 0xff, 0xff, 0xff, 0xff, 0x9d, 0x56, 0xff,
    0x63, 0xb1, 0xff, 0x63, 0xb1, 0xff, 0x63, 0xb1, 0xff, 0x63, 0xb1, 0xff, 0x74, 0x33, 0xff, 0xf7, 0xbf, 0xff, 0xff, 0xff, 0xff, 0x74, 0x33, 0xff,
    0x63, 0xb1, 0xff, 0x63, 0xb1, 0xff, 0x63, 0xb1, 0xff, 0x63, 0xb1, 0xff, 0x63, 0xb1, 0xff, 0xb5, 0xd8, 0xff, 0xff, 0xff, 0xff, 0xff, 0xff, 0xff,
    0xff, 0xff, 0xff, 0x9d, 0x56, 0xff, 0x8c, 0xd4, 0xff, 0xff, 0xff, 0xff, 0xff, 0xff, 0xff, 0xe7, 0x3d, 0xff, 0x6b, 0xf2, 0xff, 0x8c, 0xd4, 0xff,
    0xf7, 0xbf, 0xff, 0xef, 0x7e, 0xff, 0xe7, 0x3d, 0xff, 0x63, 0xb1, 0xff, 0x95, 0x15, 0xff, 0xef, 0x7e, 0xff, 0xef, 0x7e, 0xff, 0xef, 0x7e, 0xff,
    0xf7, 0xbf, 0xff, 0xff, 0xff, 0xff, 0xff, 0xff, 0xff, 0x8c, 0xb4, 0xff, 0x8c, 0xb4, 0xff, 0x74, 0x33, 0xff, 0x74, 0x33, 0xff, 0x8c, 0xb4, 0xff,
    0x8c, 0xb4, 0xff, 0x8c, 0xb4, 0xff, 0x84, 0x73, 0xff, 0x6b, 0xf2, 0xff, 0x8c, 0xb4, 0xff, 0x8c, 0xb4, 0xff, 0xe7, 0x3d, 0xff, 0xff, 0xff, 0xff,
    0xce, 0xbb, 0xff, 0x94, 0xf5, 0xff, 0x63, 0xb1, 0xff, 0xc6, 0x7a, 0xff, 0xa5, 0x97, 0xff, 0x63, 0xb1, 0xff, 0x63, 0xb1, 0xff, 0x63, 0xb1, 0xff,
    0x63, 0xb1, 0xff, 0x63, 0xb1, 0xff, 0x63, 0xb1, 0xff, 0x63, 0xb1, 0xff, 0x74, 0x33, 0xff, 0xff, 0xff, 0xff, 0xc6, 0x5a, 0xff, 0x63, 0xb1, 0xff,
    0x63, 0xb1, 0xff, 0x63, 0xb1, 0xff, 0x63, 0xb1, 0xff, 0x63, 0xb1, 0xff, 0x63, 0xb1, 0xff, 0xc6, 0x5a, 0xff, 0xb5, 0xd8, 0xff, 0x63, 0xb1, 0xff,
    0xef, 0x7e, 0xff, 0x63, 0xb1, 0xff, 0x9d, 0x56, 0xff, 0x63, 0xb1, 0xff, 0x63, 0xb1, 0xff, 0x6b, 0xf2, 0xff, 0xf7, 0xbf, 0xff, 0xff, 0xff, 0xff,
    0xff, 0xff, 0xff, 0x9d, 0x56, 0xff, 0x63, 0xb1, 0xff, 0x63, 0xb1, 0xff, 0xc6, 0x5a, 0xff, 0xff, 0xff, 0xff, 0xff, 0xff, 0xff, 0xad, 0x97, 0xff,
    0x63, 0xb1, 0xff, 0x74, 0x33, 0xff, 0xbe, 0x19, 0xff, 0xde, 0xfc, 0xff, 0x9d, 0x56, 0xff, 0x95, 0x15, 0xff, 0xff, 0xff, 0xff, 0xff, 0xff, 0xff,
    0x74, 0x33, 0xff, 0x63, 0xb1, 0xff, 0xb5, 0xd8, 0xff, 0xc6, 0x7a, 0xff, 0xbe, 0x19, 0xff, 0x6b, 0xf2, 0xff, 0x63, 0xb1, 0xff, 0xde, 0xfc, 0xff,
    0xff, 0xff, 0xff, 0xff, 0xff, 0xff, 0x74, 0x33, 0xff, 0xbe, 0x19, 0xff, 0xff, 0xff, 0xff, 0xff, 0xff, 0xff, 0xff, 0xff, 0xff, 0xce, 0xbb, 0xff,
    0xef, 0x7e, 0xff, 0xef, 0x7e, 0xff, 0x74, 0x33, 0xff, 0x74, 0x33, 0xff, 0x63, 0xb1, 0xff, 0x6b, 0xf2, 0xff, 0x74, 0x33, 0xff, 0x74, 0x33, 0xff,
    0x9d, 0x56, 0xff, 0xff, 0xff, 0xff, 0xff, 0xff, 0xff, 0xff, 0xff, 0xff, 0xff, 0xff, 0xff, 0xf7, 0xbe, 0xff, 0x6b, 0xf2, 0xff, 0x8c, 0xd4, 0xff,
    0xff, 0xff, 0xff, 0xff, 0xff, 0xff, 0xff, 0xff, 0xff, 0x9d, 0x56, 0xff, 0x63, 0xb1, 0xff, 0xc6, 0x5a, 0xff, 0xff, 0xff, 0xff, 0xff, 0xff, 0xff,
    0xff, 0xff, 0xff, 0x74, 0x33, 0xff, 0x63, 0xb1, 0xff, 0x63, 0xb1, 0xff, 0x63, 0xb1, 0xff, 0x8c, 0xd4, 0xff, 0x63, 0xb1, 0xff, 0xde, 0xfc, 0xff,
    0xe7, 0x3d, 0xff, 0xef, 0x7e, 0xff, 0xe7, 0x3d, 0xff, 0xef, 0x7e, 0xff, 0x95, 0x15, 0xff, 0x74, 0x33, 0xff, 0xff, 0xff, 0xff, 0x74, 0x33, 0xff,
    0x74, 0x33, 0xff, 0xb5, 0xd8, 0xff, 0x74, 0x33, 0xff, 0x6b, 0xf2, 0xff, 0xb5, 0xd8, 0xff, 0xb5, 0xd8, 0xff, 0xe7, 0x3d, 0xff, 0xb5, 0xd8, 0xff,
    0x63, 0xb1, 0xff, 0xef, 0x7e, 0xff, 0x63, 0xb1, 0xff, 0x9d, 0x56, 0xff, 0x63, 0xb1, 0xff, 0x74, 0x33, 0xff, 0x63, 0xb1, 0xff, 0xde, 0xfc, 0xff,
    0xff, 0xff, 0xff, 0xff, 0xff, 0xff, 0x74, 0x33, 0xff, 0x74, 0x33, 0xff, 0x63, 0xb1, 0xff, 0xc6, 0x5a, 0xff, 0xff, 0xff, 0xff, 0xef, 0x7e, 0xff,
    0x63, 0xb1, 0xff, 0x63, 0xb1, 0xff, 0xef, 0x7e, 0xff, 0xff, 0xff, 0xff, 0xff, 0xff, 0xff, 0xff, 0xff, 0xff, 0xf7, 0xbf, 0xff, 0xff, 0xff, 0xff,
    0xff, 0xff, 0xff, 0x74, 0x33, 0xff, 0x63, 0xb1, 0xff, 0xde, 0xfc, 0xff, 0xff, 0xff, 0xff, 0xff, 0xff, 0xff, 0xad, 0x97, 0xff, 0x63, 0xb1, 0xff,
    0xa5, 0x97, 0xff, 0xff, 0xff, 0xff, 0xef, 0x7e, 0xff, 0x63, 0xb1, 0xff, 0xde, 0xfc, 0xff, 0xff, 0xff, 0xff, 0xb5, 0xd8, 0xff, 0xb5, 0xd8, 0xff,
    0xb5, 0xd8, 0xff, 0xef, 0x7e, 0xff, 0xf7, 0xbe, 0xff, 0x9d, 0x56, 0xff, 0x84, 0x74, 0xff, 0x63, 0xb1, 0xff, 0x95, 0x15, 0xff, 0x9d, 0x56, 0xff,
    0x6b, 0xf2, 0xff, 0x8c, 0xd4, 0xff, 0xff, 0xff, 0xff, 0xff, 0xff, 0xff, 0xc6, 0x5a, 0xff, 0xb5, 0xd8, 0xff, 0xb5, 0xd8, 0xff, 0x6b, 0xf2, 0xff,
    0x63, 0xb1, 0xff, 0xa5, 0x97, 0xff, 0xb5, 0xd8, 0xff, 0xb5, 0xd8, 0xff, 0x74, 0x33, 0xff, 0x63, 0xb1, 0xff, 0xb5, 0xd8, 0xff, 0xb5, 0xd8, 0xff,
    0xbe, 0x19, 0xff, 0xff, 0xff, 0xff, 0xef, 0x7e, 0xff, 0xa5, 0x97, 0xff, 0x63, 0xb1, 0xff, 0xef, 0x7e, 0xff, 0xde, 0xfc, 0xff, 0xc6, 0x7a, 0xff,
    0xad, 0x97, 0xff, 0x63, 0xb1, 0xff, 0xde, 0xfc, 0xff, 0x8c, 0xb4, 0xff, 0x74, 0x33, 0xff, 0xce, 0xbb, 0xff, 0xe7, 0x3d, 0xff, 0xff, 0xff, 0xff,
    0x8c, 0xb5, 0xff, 0x94, 0xf5, 0xff, 0xc6, 0x7a, 0xff, 0x84, 0x74, 0xff, 0x6b, 0xf2, 0xff, 0xc6, 0x7a, 0xff, 0xc6, 0x7a, 0xff, 0xce, 0xbb, 0xff,
    0xb5, 0xd8, 0xff, 0x63, 0xb1, 0xff, 0xef, 0x7e, 0xff, 0x63, 0xb1, 0xff, 0x9d, 0x56, 0xff, 0x63, 0xb1, 0xff, 0x95, 0x15, 0xff, 0x6b, 0xf2, 0xff,
    0x8c, 0xd4, 0xff, 0xff, 0xff, 0xff, 0xde, 0xfc, 0xff, 0x63, 0xb1, 0xff, 0x9d, 0x56, 0xff, 0x63, 0xb1, 0xff, 0xc6, 0x5a, 0xff, 0xff, 0xff, 0xff,
    0xbe, 0x19, 0xff, 0x63, 0xb1, 0xff, 0x95, 0x15, 0xff, 0xff, 0xff, 0xff, 0xff, 0xff, 0xff, 0xff, 0xff, 0xff, 0xff, 0xff, 0xff, 0xff, 0xff, 0xff,
    0xff, 0xff, 0xff, 0xff, 0xff, 0xff, 0x74, 0x33, 0xff, 0x63, 0xb1, 0xff, 0xde, 0xfc, 0xff, 0xff, 0xff, 0xff, 0xff, 0xff, 0xff, 0xad, 0x97, 0xff,
    0x63, 0xb1, 0xff, 0xa5, 0x97, 0xff, 0xff, 0xff, 0xff, 0xc6, 0x5a, 0xff, 0x6b, 0xf2, 0xff, 0xff, 0xff, 0xff, 0xff, 0xff, 0xff, 0x63, 0xb1, 0xff,
    0x63, 0xb1, 0xff, 0x63, 0xb1, 0xff, 0xde, 0xfc, 0xff, 0xef, 0x7e, 0xff, 0xef, 0x7e, 0xff, 0x8c, 0xb4, 0xff, 0x63, 0xb1, 0xff, 0xef, 0x7e, 0xff,
    0xef, 0x7e, 0xff, 0x63, 0xb1, 0xff, 0x95, 0x15, 0xff, 0xef, 0x7e, 0xff, 0xff, 0xff, 0xff, 0x8c, 0xb4, 0xff, 0x63, 0xb1, 0xff, 0x63, 0xb1, 0xff,
    0x63, 0xb1, 0xff, 0x63, 0xb1, 0xff, 0x63, 0xb1, 0xff, 0x63, 0xb1, 0xff, 0x63, 0xb1, 0xff, 0x63, 0xb1, 0xff, 0x63, 0xb1, 0xff, 0x63, 0xb1, 0xff,
    0x63, 0xb1, 0xff, 0x74, 0x33, 0xff, 0xff, 0xff, 0xff, 0xff, 0xff, 0xff, 0xb5, 0xd8, 0xff, 0x63, 0xb1, 0xff, 0xff, 0xff, 0xff, 0xef, 0x7e, 0xff,
    0x8c, 0xb4, 0xff, 0x63, 0xb1, 0xff, 0xb5, 0xd8, 0xff, 0xff, 0xff, 0xff, 0xef, 0x7e, 0xff, 0x74, 0x33, 0xff, 0x74, 0x33, 0xff, 0xe7, 0x3d, 0xff,
    0xff, 0xff, 0xff, 0x63, 0xb1, 0xff, 0x63, 0xb1, 0xff, 0x63, 0xb1, 0xff, 0x63, 0xb1, 0xff, 0x63, 0xb1, 0xff, 0x63, 0xb1, 0xff, 0x63, 0xb1, 0xff,
    0x74, 0x33, 0xff, 0xb5, 0xd8, 0xff, 0x63, 0xb1, 0xff, 0xef, 0x7e, 0xff, 0x63, 0xb1, 0xff, 0x9d, 0x56, 0xff, 0x63, 0xb1, 0xff, 0x84, 0x73, 0xff,
    0xad, 0x97, 0xff, 0x6b, 0xf2, 0xff, 0xf7, 0xbf, 0xff, 0x9d, 0x56, 0xff, 0x74, 0x33, 0xff, 0xbe, 0x19, 0xff, 0x63, 0xb1, 0xff, 0xc6, 0x5a, 0xff,
    0xff, 0xff, 0xff, 0xad, 0x97, 0xff, 0x63, 0xb1, 0xff, 0xa5, 0x97, 0xff, 0xff, 0xff, 0xff, 0xff, 0xff, 0xff, 0xff, 0xff, 0xff, 0xff, 0xff, 0xff,
    0xff, 0xff, 0xff, 0xff, 0xff, 0xff, 0xff, 0xff, 0xff, 0x74, 0x33, 0xff, 0x63, 0xb1, 0xff, 0xbe, 0x19, 0xff, 0xde, 0xfc, 0xff, 0xb5, 0xd8, 0xff,
    0x6b, 0xf2, 0xff, 0x63, 0xb1, 0xff, 0xde, 0xfc, 0xff, 0xff, 0xff, 0xff, 0x94, 0xf5, 0xff, 0x8c, 0xd4, 0xff, 0xff, 0xff, 0xff, 0xff, 0xff, 0xff,
    0xff, 0xff, 0xff, 0xde, 0xfc, 0xff, 0x63, 0xb1, 0xff, 0xde, 0xfc, 0xff, 0x63, 0xb1, 0xff, 0x63, 0xb1, 0xff, 0x63, 0xb1, 0xff, 0x63, 0xb1, 0xff,
    0x63, 0xb1, 0xff, 0x63, 0xb1, 0xff, 0x63, 0xb1, 0xff, 0x63, 0xb1, 0xff, 0x63, 0xb1, 0xff, 0xef, 0x7e, 0xff, 0xff, 0xff, 0xff, 0xff, 0xff, 0xff,
    0xef, 0x7e, 0xff, 0xef, 0x7e, 0xff, 0xef, 0x7e, 0xff, 0xef, 0x7e, 0xff, 0xef, 0x7e, 0xff, 0xef, 0x7e, 0xff, 0xef, 0x7e, 0xff, 0xef, 0x7e, 0xff,
    0xef, 0x7e, 0xff, 0xff, 0xff, 0xff, 0xff, 0xff, 0xff, 0xff, 0xff, 0xff, 0xff, 0xff, 0xff, 0xb5, 0xd8, 0xff, 0x63, 0xb1, 0xff, 0xb5, 0xd8, 0xff,
    0xde, 0xfc, 0xff, 0x74, 0x33, 0xff, 0xbe, 0x19, 0xff, 0xff, 0xff, 0xff, 0xff, 0xff, 0xff, 0xff, 0xff, 0xff, 0xef, 0x7e, 0xff, 0x84, 0x74, 0xff,
    0xe7, 0x3d, 0xff, 0xff, 0xff, 0xff, 0xef, 0x7e, 0xff, 0xef, 0x7e, 0xff, 0xef, 0x7e, 0xff, 0x84, 0x74, 0xff, 0x74, 0x33, 0xff, 0xef, 0x7e, 0xff,
    0xef, 0x7e, 0xff, 0xef, 0x7e, 0xff, 0xb5, 0xd8, 0xff, 0x63, 0xb1, 0xff, 0xef, 0x7e, 0xff, 0x63, 0xb1, 0xff, 0x9d, 0x56, 0xff, 0x63, 0xb1, 0xff,
    0x74, 0x33, 0xff, 0xde, 0xfc, 0xff, 0x63, 0xb1, 0xff, 0xc6, 0x5a, 0xff, 0x74, 0x33, 0xff, 0x9d, 0x56, 0xff, 0xb5, 0xd8, 0xff, 0x63, 0xb1, 0xff,
    0xc6, 0x5a, 0xff, 0xff, 0xff, 0xff, 0xad, 0x97, 0xff, 0x63, 0xb1, 0xff, 0xa5, 0x97, 0xff, 0xff, 0xff, 0xff, 0xff, 0xff, 0xff, 0xff, 0xff, 0xff,
    0xff, 0xff, 0xff, 0xff, 0xff, 0xff, 0xff, 0xff, 0xff, 0xff, 0xff, 0xff, 0x74, 0x33, 0xff, 0x63, 0xb1, 0xff, 0x63, 0xb1, 0xff, 0x63, 0xb1, 0xff,
    0x63, 0xb1, 0xff, 0x6b, 0xf2, 0xff, 0xbe, 0x19, 0xff, 0xff, 0xff, 0xff, 0xff, 0xff, 0xff, 0x74, 0x33, 0xff, 0xbe, 0x19, 0xff, 0xff, 0xff, 0xff,
    0xff, 0xff, 0xff, 0xff, 0xff, 0xff, 0xde, 0xfc, 0xff, 0x63, 0xb1, 0xff, 0xde, 0xfc, 0xff, 0xc6, 0x7a, 0xff, 0xc6, 0x7a, 0xff, 0xc6, 0x7a, 0xff,
    0xc6, 0x7a, 0xff, 0xc6, 0x7a, 0xff, 0xc6, 0x7a, 0xff, 0xc6, 0x7a, 0xff, 0xc6, 0x7a, 0xff, 0xc6, 0x7a, 0xff, 0xf7, 0xbf, 0xff, 0xff, 0xff, 0xff,
    0xff, 0xff, 0xff, 0x63, 0xb1, 0xff, 0x63, 0xb1, 0xff, 0x63, 0xb1, 0xff, 0x63, 0xb1, 0xff, 0x63, 0xb1, 0xff, 0x63, 0xb1, 0xff, 0x63, 0xb1, 0xff,
    0x63, 0xb1, 0xff, 0x63, 0xb1, 0xff, 0xde, 0xfc, 0xff, 0xff, 0xff, 0xff, 0xf7, 0xbe, 0xff, 0xa5, 0x97, 0xff, 0x6b, 0xf2, 0xff, 0x63, 0xb1, 0xff,
    0x63, 0xb1, 0xff, 0xce, 0xbb, 0xff, 0x84, 0x74, 0xff, 0x74, 0x33, 0xff, 0x74, 0x33, 0xff, 0x74, 0x33, 0xff, 0x74, 0x33, 0xff, 0x74, 0x33, 0xff,
    0x74, 0x33, 0xff, 0xef, 0x7e, 0xff, 0xff, 0xff, 0xff, 0xce, 0xbb, 0xff, 0x74, 0x33, 0xff, 0x74, 0x33, 0xff, 0x6b, 0xf2, 0xff, 0x63, 0xb1, 0xff,
    0x74, 0x33, 0xff, 0x74, 0x33, 0xff, 0xa5, 0x97, 0xff, 0xb5, 0xd8, 0xff, 0x63, 0xb1, 0xff, 0xef, 0x7e, 0xff, 0x63, 0xb1, 0xff, 0x9d, 0x56, 0xff,
    0x63, 0xb1, 0xff, 0x74, 0x33, 0xff, 0xff, 0xff, 0xff, 0x6b, 0xf2, 0xff, 0x6b, 0xf2, 0xff, 0x63, 0xb1, 0xff, 0xde, 0xfc, 0xff, 0xb5, 0xd8, 0xff,
    0x63, 0xb1, 0xff, 0xc6, 0x5a, 0xff, 0xff, 0xff, 0xff, 0xbe, 0x19, 0xff, 0x63, 0xb1, 0xff, 0x8c, 0xd4, 0xff, 0xff, 0xff, 0xff, 0xff, 0xff, 0xff,
    0xff, 0xff, 0xff, 0xff, 0xff, 0xff, 0xff, 0xff, 0xff, 0xff, 0xff, 0xff, 0xff, 0xff, 0xff, 0x74, 0x33, 0xff, 0x63, 0xb1, 0xff, 0xb5, 0xd8, 0xff,
    0xc6, 0x7a, 0xff, 0xce, 0xbb, 0xff, 0xf7, 0xbf, 0xff, 0xff, 0xff, 0xff, 0xff, 0xff, 0xff, 0xe7, 0x3d, 0xff, 0x63, 0xb1, 0xff, 0xde, 0xfc, 0xff,
    0xff, 0xff, 0xff, 0xff, 0xff, 0xff, 0xff, 0xff, 0xff, 0xde, 0xfc, 0xff, 0x63, 0xb1, 0xff, 0xde, 0xfc, 0xff, 0xff, 0xff, 0xff, 0x74, 0x33, 0xff,
    0x74, 0x33, 0xff, 0x74, 0x33, 0xff, 0x74, 0x33, 0xff, 0x74, 0x33, 0xff, 0x74, 0x33, 0xff, 0x74, 0x33, 0xff, 0xe7, 0x3d, 0xff, 0xff, 0xff, 0xff,
    0xff, 0xff, 0xff, 0xff, 0xff, 0xff, 0x63, 0xb1, 0xff, 0x8c, 0xd4, 0xff, 0xde, 0xfc, 0xff, 0xde, 0xfc, 0xff, 0xde, 0xfc, 0xff, 0xde, 0xfc, 0xff,
    0xde, 0xfc, 0xff, 0x9d, 0x56, 0xff, 0x63, 0xb1, 0xff, 0xde, 0xfc, 0xff, 0xff, 0xff, 0xff, 0xff, 0xff, 0xff, 0x6b, 0xf2, 0xff, 0x6b, 0xf2, 0xff,
    0x63, 0xb1, 0xff, 0xf7, 0xbf, 0xff, 0xff, 0xff, 0xff, 0xa5, 0x97, 0xff, 0x9d, 0x56, 0xff, 0x8c, 0xb4, 0xff, 0x63, 0xb1, 0xff, 0x84, 0x74, 0xff,
    0x9d, 0x56, 0xff, 0x9d, 0x56, 0xff, 0xf7, 0xbf, 0xff, 0xff, 0xff, 0xff, 0xc6, 0x7a, 0xff, 0x63, 0xb1, 0xff, 0x95, 0x15, 0xff, 0x6b, 0xf2, 0xff,
    0x6b, 0xf2, 0xff, 0x9d, 0x56, 0xff, 0x6b, 0xf2, 0xff, 0x9d, 0x56, 0xff, 0xb5, 0xd8, 0xff, 0x63, 0xb1, 0xff, 0xef, 0x7e, 0xff, 0x63, 0xb1, 0xff,
    0x9d, 0x56, 0xff, 0x63, 0xb1, 0xff, 0x74, 0x33, 0xff, 0xff, 0xff, 0xff, 0xb5, 0xd8, 0xff, 0x63, 0xb1, 0xff, 0x74, 0x33, 0xff, 0xff, 0xff, 0xff,
    0xb5, 0xd8, 0xff, 0x63, 0xb1, 0xff, 0xc6, 0x5a, 0xff, 0xff, 0xff, 0xff, 0xf7, 0xbe, 0xff, 0x63, 0xb1, 0xff, 0x63, 0xb1, 0xff, 0xde, 0xfc, 0xff,
    0xff, 0xff, 0xff, 0xff, 0xff, 0xff, 0xf7, 0xbf, 0xff, 0xde, 0xfc, 0xff, 0xff, 0xff, 0xff, 0xff, 0xff, 0xff, 0x74, 0x33, 0xff, 0x63, 0xb1, 0xff,
    0xde, 0xfc, 0xff, 0xff, 0xff, 0xff, 0xff, 0xff, 0xff, 0xff, 0xff, 0xff, 0xff, 0xff, 0xff, 0xff, 0xff, 0xff, 0xc6, 0x5a, 0xff, 0x6b, 0xf2, 0xff,
    0xff, 0xff, 0xff, 0xff, 0xff, 0xff, 0xff, 0xff, 0xff, 0xff, 0xff, 0xff, 0xde, 0xfc, 0xff, 0x63, 0xb1, 0xff, 0xce, 0xbb, 0xff, 0xde, 0xfc, 0xff,
    0x63, 0xb1, 0xff, 0x84, 0x74, 0xff, 0x9d, 0x56, 0xff, 0x9d, 0x56, 0xff, 0x9d, 0x56, 0xff, 0x84, 0x74, 0xff, 0x63, 0xb1, 0xff, 0xde, 0xfc, 0xff,
    0xff, 0xff, 0xff, 0xff, 0xff, 0xff, 0xff, 0xff, 0xff, 0x63, 0xb1, 0xff, 0x6b, 0xf2, 0xff, 0x74, 0x33, 0xff, 0x74, 0x33, 0xff, 0x74, 0x33, 0xff,
    0x74, 0x33, 0xff, 0x74, 0x33, 0xff, 0x6b, 0xf2, 0xff, 0x63, 0xb1, 0xff, 0xde, 0xfc, 0xff, 0xff, 0xff, 0xff, 0xff, 0xff, 0xff, 0xf7, 0xbf, 0xff,
    0xb5, 0xd8, 0xff, 0x63, 0xb1, 0xff, 0xff, 0xff, 0xff, 0xff, 0xff, 0xff, 0xff, 0xff, 0xff, 0xff, 0xff, 0xff, 0xde, 0xfc, 0xff, 0x63, 0xb1, 0xff,
    0xb5, 0xd8, 0xff, 0xff, 0xff, 0xff, 0xff, 0xff, 0xff, 0xff, 0xff, 0xff, 0xff, 0xff, 0xff, 0xc6, 0x7a, 0xff, 0x63, 0xb1, 0xff, 0xef, 0x7e, 0xff,
    0x8c, 0xb4, 0xff, 0x74, 0x33, 0xff, 0xff, 0xff, 0xff, 0x74, 0x33, 0xff, 0x9d, 0x56, 0xff, 0xef, 0x7e, 0xff, 0xde, 0xfc, 0xff, 0xff, 0xff, 0xff,
    0x63, 0xb1, 0xff, 0x9d, 0x56, 0xff, 0x63, 0xb1, 0xff, 0x74, 0x33, 0xff, 0xff, 0xff, 0xff, 0xef, 0x7e, 0xff, 0x63, 0xb1, 0xff, 0xb5, 0xd8, 0xff,
    0xff, 0xff, 0xff, 0xb5, 0xd8, 0xff, 0x63, 0xb1, 0xff, 0xc6, 0x5a, 0xff, 0xff, 0xff, 0xff, 0xff, 0xff, 0xff, 0xbe, 0x19, 0xff, 0x63, 0xb1, 0xff,
    0x63, 0xb1, 0xff, 0x95, 0x15, 0xff, 0xa5, 0x97, 0xff, 0x74, 0x33, 0xff, 0x63, 0xb1, 0xff, 0xe7, 0x3d, 0xff, 0xff, 0xff, 0xff, 0x74, 0x33, 0xff,
    0x63, 0xb1, 0xff, 0xde, 0xfc, 0xff, 0xff, 0xff, 0xff, 0xff, 0xff, 0xff, 0xff, 0xff, 0xff, 0xff, 0xff, 0xff, 0xff, 0xff, 0xff, 0x94, 0xf5, 0xff,
    0x8c, 0xd4, 0xff, 0xff, 0xff, 0xff, 0xff, 0xff, 0xff, 0xff, 0xff, 0xff, 0xff, 0xff, 0xff, 0xce, 0xbb, 0xff, 0x63, 0xb1, 0xff, 0x63, 0xb1, 0xff,
    0x74, 0x33, 0xff, 0x63, 0xb1, 0xff, 0xb5, 0xd8, 0xff, 0xff, 0xff, 0xff, 0xff, 0xff, 0xff, 0xff, 0xff, 0xff, 0xb5, 0xd8, 0xff, 0x63, 0xb1, 0xff,
    0xde, 0xfc, 0xff, 0xff, 0xff, 0xff, 0xff, 0xff, 0xff, 0xff, 0xff, 0xff, 0x63, 0xb1, 0xff, 0x84, 0x74, 0xff, 0xb5, 0xd8, 0xff, 0xb5, 0xd8, 0xff,
    0xb5, 0xd8, 0xff, 0xb5, 0xd8, 0xff, 0xb5, 0xd8, 0xff, 0x8c, 0xb4, 0xff, 0x63, 0xb1, 0xff, 0xde, 0xfc, 0xff, 0xff, 0xff, 0xff, 0xff, 0xff, 0xff,
    0xff, 0xff, 0xff, 0xb5, 0xd8, 0xff, 0x63, 0xb1, 0xff, 0xff, 0xff, 0xff, 0xff, 0xff, 0xff, 0xff, 0xff, 0xff, 0xff, 0xff, 0xff, 0xde, 0xfc, 0xff,
    0x63, 0xb1, 0xff, 0xb5, 0xd8, 0xff, 0xff, 0xff, 0xff, 0xff, 0xff, 0xff, 0xff, 0xff, 0xff, 0xff, 0xff, 0xff, 0xc6, 0x7a, 0xff, 0x63, 0xb1, 0xff,
    0xef, 0x7e, 0xff, 0x8c, 0xb4, 0xff, 0x74, 0x33, 0xff, 0xef, 0x7e, 0xff, 0x6b, 0xf2, 0xff, 0x9d, 0x56, 0xff, 0xff, 0xff, 0xff, 0xff, 0xff, 0xff,
    0xff, 0xff, 0xff, 0x63, 0xb1, 0xff, 0x9d, 0x56, 0xff, 0x63, 0xb1, 0xff, 0x74, 0x33, 0xff, 0xff, 0xff, 0xff, 0xff, 0xff, 0xff, 0xef, 0x7e, 0xff,
    0xf7, 0xbf, 0xff, 0xff, 0xff, 0xff, 0xb5, 0xd8, 0xff, 0x63, 0xb1, 0xff, 0xc6, 0x5a, 0xff, 0xff, 0xff, 0xff, 0xff, 0xff, 0xff, 0xff, 0xff, 0xff,
    0xb5, 0xd8, 0xff, 0x74, 0x33, 0xff, 0x63, 0xb1, 0xff, 0x63, 0xb1, 0xff, 0x63, 0xb1, 0xff, 0xa5, 0x97, 0xff, 0xff, 0xff, 0xff, 0xff, 0xff, 0xff,
    0x74, 0x33, 0xff, 0x63, 0xb1, 0xff, 0xde, 0xfc, 0xff, 0xff, 0xff, 0xff, 0xff, 0xff, 0xff, 0xff, 0xff, 0xff, 0xff, 0xff, 0xff, 0xff, 0xff, 0xff,
    0x74, 0x33, 0xff, 0xbe, 0x19, 0xff, 0xff, 0xff, 0xff, 0xff, 0xff, 0xff, 0xff, 0xff, 0xff, 0xff, 0xff, 0xff, 0x8c, 0xb4, 0xff, 0x63, 0xb1, 0xff,
    0x84, 0x74, 0xff, 0xef, 0x7e, 0xff, 0x63, 0xb1, 0xff, 0x84, 0x74, 0xff, 0x9d, 0x56, 0xff, 0x9d, 0x56, 0xff, 0x9d, 0x56, 0xff, 0x84, 0x74, 0xff,
    0x63, 0xb1, 0xff, 0xde, 0xfc, 0xff, 0xff, 0xff, 0xff, 0xff, 0xff, 0xff, 0xff, 0xff, 0xff, 0x63, 0xb1, 0xff, 0x84, 0x74, 0xff, 0xb5, 0xd8, 0xff,
    0xb5, 0xd8, 0xff, 0xb5, 0xd8, 0xff, 0xb5, 0xd8, 0xff, 0xb5, 0xd8, 0xff, 0x8c, 0xb4, 0xff, 0x63, 0xb1, 0xff, 0xde, 0xfc, 0xff, 0xff, 0xff, 0xff,
    0xff, 0xff, 0xff, 0xc6, 0x5a, 0xff, 0x8c, 0xb4, 0xff, 0x63, 0xb1, 0xff, 0xff, 0xff, 0xff, 0xad, 0x97, 0xff, 0x9d, 0x56, 0xff, 0x9d, 0x56, 0xff,
    0x95, 0x15, 0xff, 0x63, 0xb1, 0xff, 0x84, 0x74, 0xff, 0x9d, 0x56, 0xff, 0x9d, 0x56, 0xff, 0x9d, 0x56, 0xff, 0xf7, 0xbf, 0xff, 0xc6, 0x7a, 0xff,
    0x63, 0xb1, 0xff, 0xef, 0x7e, 0xff, 0x8c, 0xb4, 0xff, 0x74, 0x33, 0xff, 0x8c, 0xb4, 0xff, 0x63, 0xb1, 0xff, 0xc6, 0x5a, 0xff, 0xff, 0xff, 0xff,
    0xce, 0xbb, 0xff, 0xc6, 0x7a, 0xff, 0x63, 0xb1, 0xff, 0x9d, 0x56, 0xff, 0xff, 0xff, 0xff, 0xff, 0xff, 0xff, 0xff, 0xff, 0xff, 0xff, 0xff, 0xff,
    0xff, 0xff, 0xff, 0xff, 0xff, 0xff, 0xff, 0xff, 0xff, 0xff, 0xff, 0xff, 0xff, 0xff, 0xff, 0xff, 0xff, 0xff, 0xff, 0xff, 0xff, 0xff, 0xff, 0xff,
    0xff, 0xff, 0xff, 0xff, 0xff, 0xff, 0xff, 0xff, 0xff, 0xde, 0xfc, 0xff, 0xde, 0xfc, 0xff, 0xf7, 0xbf, 0xff, 0xff, 0xff, 0xff, 0xff, 0xff, 0xff,
    0xff, 0xff, 0xff, 0xff, 0xff, 0xff, 0xff, 0xff, 0xff, 0xff, 0xff, 0xff, 0xff, 0xff, 0xff, 0xff, 0xff, 0xff, 0xff, 0xff, 0xff, 0xff, 0xff, 0xff,
    0xe7, 0x3d, 0xff, 0x63, 0xb1, 0xff, 0xde, 0xfc, 0xff, 0xff, 0xff, 0xff, 0xff, 0xff, 0xff, 0xff, 0xff, 0xff, 0xff, 0xff, 0xff, 0xb5, 0xd8, 0xff,
    0xa5, 0x97, 0xff, 0xf7, 0xbf, 0xff, 0xff, 0xff, 0xff, 0x63, 0xb1, 0xff, 0x6b, 0xf2, 0xff, 0x74, 0x33, 0xff, 0x74, 0x33, 0xff, 0x74, 0x33, 0xff,
    0x6b, 0xf2, 0xff, 0x63, 0xb1, 0xff, 0xde, 0xfc, 0xff, 0xff, 0xff, 0xff, 0xff, 0xff, 0xff, 0xff, 0xff, 0xff, 0x63, 0xb1, 0xff, 0x6b, 0xf2, 0xff,
    0x74, 0x33, 0xff, 0x74, 0x33, 0xff, 0x74, 0x33, 0xff, 0x74, 0x33, 0xff, 0x74, 0x33, 0xff, 0x6b, 0xf2, 0xff, 0x63, 0xb1, 0xff, 0xde, 0xfc, 0xff,
    0xff, 0xff, 0xff, 0xff, 0xff, 0xff, 0xad, 0x97, 0xff, 0x63, 0xb1, 0xff, 0x8c, 0xb4, 0xff, 0xff, 0xff, 0xff, 0x8c, 0xb4, 0xff, 0x74, 0x33, 0xff,
    0x74, 0x33, 0xff, 0x74, 0x33, 0xff, 0x74, 0x33, 0xff, 0x74, 0x33, 0xff, 0x74, 0x33, 0xff, 0x74, 0x33, 0xff, 0x74, 0x33, 0xff, 0xef, 0x7e, 0xff,
    0xf7, 0xbf, 0xff, 0xef, 0x7e, 0xff, 0xff, 0xff, 0xff, 0x8c, 0xb4, 0xff, 0x74, 0x33, 0xff, 0xe7, 0x3d, 0xff, 0xe7, 0x3d, 0xff, 0xff, 0xff, 0xff,
    0xff, 0xff, 0xff, 0x9d, 0x56, 0xff, 0x63, 0xb1, 0xff, 0x63, 0xb1, 0xff, 0xc6, 0x5a, 0xff, 0xff, 0xff, 0xff, 0xff, 0xff, 0xff, 0xff, 0xff, 0xff,
    0xff, 0xff, 0xff, 0xff, 0xff, 0xff, 0xff, 0xff, 0xff, 0xff, 0xff, 0xff, 0xff, 0xff, 0xff, 0xff, 0xff, 0xff, 0xff, 0xff, 0xff, 0xff, 0xff, 0xff,
    0xff, 0xff, 0xff, 0xff, 0xff, 0xff, 0xff, 0xff, 0xff, 0xff, 0xff, 0xff, 0xff, 0xff, 0xff, 0xff, 0xff, 0xff, 0xff, 0xff, 0xff, 0xff, 0xff, 0xff,
    0xff, 0xff, 0xff, 0xff, 0xff, 0xff, 0xff, 0xff, 0xff, 0xff, 0xff, 0xff, 0xff, 0xff, 0xff, 0xff, 0xff, 0xff, 0xff, 0xff, 0xff, 0xff, 0xff, 0xff,
    0xff, 0xff, 0xff, 0xc6, 0x5a, 0xff, 0x6b, 0xf2, 0xff, 0xff, 0xff, 0xff, 0xff, 0xff, 0xff, 0xff, 0xff, 0xff, 0xff, 0xff, 0xff, 0xff, 0xff, 0xff,
    0xff, 0xff, 0xff, 0xff, 0xff, 0xff, 0xff, 0xff, 0xff, 0xff, 0xff, 0xff, 0xde, 0xfc, 0xff, 0xef, 0x7e, 0xff, 0xff, 0xff, 0xff, 0xff, 0xff, 0xff,
    0xff, 0xff, 0xff, 0xef, 0x7e, 0xff, 0xde, 0xfc, 0xff, 0xf7, 0xbf, 0xff, 0xff, 0xff, 0xff, 0xff, 0xff, 0xff, 0xff, 0xff, 0xff, 0xc6, 0x7a, 0xff,
    0xde, 0xfc, 0xff, 0xff, 0xff, 0xff, 0xff, 0xff, 0xff, 0xff, 0xff, 0xff, 0xff, 0xff, 0xff, 0xff, 0xff, 0xff, 0xe7, 0x3d, 0xff, 0xc6, 0x7a, 0xff,
    0xef, 0x7e, 0xff, 0xff, 0xff, 0xff, 0xff, 0xff, 0xff, 0xf7, 0xbf, 0xff, 0xf7, 0xbf, 0xff, 0xff, 0xff, 0xff, 0xff, 0xff, 0xff, 0xff, 0xff, 0xff,
    0xff, 0xff, 0xff, 0xff, 0xff, 0xff, 0xff, 0xff, 0xff, 0xff, 0xff, 0xff, 0xff, 0xff, 0xff, 0xff, 0xff, 0xff, 0xff, 0xff, 0xff, 0xff, 0xff, 0xff,
    0xff, 0xff, 0xff, 0xff, 0xff, 0xff, 0xff, 0xff, 0xff, 0xff, 0xff, 0xff, 0xe7, 0x3d, 0xff, 0xe7, 0x3d, 0xff, 0xff, 0xff, 0xff, 0xff, 0xff, 0xff,
    0xff, 0xff, 0xff, 0xff, 0xff, 0xff, 0xef, 0x7e, 0xff, 0xde, 0xfc, 0xff, 0xef, 0x7e, 0xff, 0xff, 0xff, 0xff, 0xff, 0xff, 0xff, 0xff, 0xff, 0xff,
    0xff, 0xff, 0xff, 0xff, 0xff, 0xff, 0xff, 0xff, 0xff, 0xff, 0xff, 0xff, 0xff, 0xff, 0xff, 0xff, 0xff, 0xff, 0xff, 0xff, 0xff, 0xff, 0xff, 0xff,
    0xff, 0xff, 0xff, 0xff, 0xff, 0xff, 0xff, 0xff, 0xff, 0xff, 0xff, 0xff, 0xff, 0xff, 0xff, 0xff, 0xff, 0xff, 0xff, 0xff, 0xff, 0xff, 0xff, 0xff,
    0xff, 0xff, 0xff, 0xff, 0xff, 0xff, 0xff, 0xff, 0xff, 0xff, 0xff, 0xff, 0xff, 0xff, 0xff, 0xff, 0xff, 0xff, 0xff, 0xff, 0xff, 0xff, 0xff, 0xff,
    0xff, 0xff, 0xff, 0xff, 0xff, 0xff, 0xc6, 0x5a, 0xff, 0xb5, 0xd8, 0xff, 0xff, 0xff, 0xff, 0xff, 0xff, 0xff, 0xff, 0xff, 0xff, 0xff, 0xff, 0xff,
    0xff, 0xff, 0xff, 0xff, 0xff, 0xff, 0xff, 0xff, 0xff, 0xff, 0xff, 0xff, 0xff, 0xff, 0xff, 0xff, 0xff, 0xff, 0xff, 0xff, 0xff, 0xff, 0xff, 0xff,
    0xff, 0xff, 0xff, 0xff, 0xff, 0xff, 0xff, 0xff, 0xff, 0xff, 0xff, 0xff, 0xff, 0xff, 0xff, 0xff, 0xff, 0xff, 0xff, 0xff, 0xff, 0xff, 0xff, 0xff,
    0xff, 0xff, 0xff, 0xff, 0xff, 0xff, 0xff, 0xff, 0xff, 0xff, 0xff, 0xff, 0xff, 0xff, 0xff, 0xff, 0xff, 0xff, 0xff, 0xff, 0xff, 0xff, 0xff, 0xff,
    0xff, 0xff, 0xff, 0xff, 0xff, 0xff, 0xff, 0xff, 0xff, 0xff, 0xff, 0xff, 0xff, 0xff, 0xff, 0xff, 0xff, 0xff, 0xff, 0xff, 0xff, 0xff, 0xff, 0xff,
    0xff, 0xff, 0xff, 0xff, 0xff, 0xff, 0xff, 0xff, 0xff, 0xff, 0xff, 0xff, 0xff, 0xff, 0xff, 0xff, 0xff, 0xff, 0xff, 0xff, 0xff, 0xff, 0xff, 0xff,
    0xff, 0xff, 0xff, 0xff, 0xff, 0xff, 0xff, 0xff, 0xff, 0xff, 0xff, 0xff, 0xff, 0xff, 0xff, 0xff, 0xff, 0xff, 0xff, 0xff, 0xff, 0xff, 0xff, 0xff,
    0xff, 0xff, 0xff, 0xff, 0xff, 0xff, 0xff, 0xff, 0xff, 0xff, 0xff, 0xff, 0xff, 0xff, 0xff, 0xff, 0xff, 0xff, 0xff, 0xff, 0xff,
};

const lv_img_dsc_t home_text_ai_desc_img = {
    .header.cf = LV_IMG_CF_TRUE_COLOR_ALPHA,
    .header.always_zero = 0,
    .header.reserved = 0,
    .header.w = 89,
    .header.h = 15,
    .data_size = 89 * 15 * LV_IMG_PX_SIZE_ALPHA_BYTE,
    .data = home_text_ai_desc_img_map,
};

static const LV_ATTRIBUTE_MEM_ALIGN LV_ATTRIBUTE_LARGE_CONST uint8_t home_text_settings_img_map[] = {
    0xff, 0xff, 0xff, 0xff, 0xff, 0xff, 0x6b, 0xb0, 0xff, 0x84, 0x93, 0xff, 0xff, 0xff, 0xff, 0xff, 0xff, 0xff, 0xff, 0xff, 0xff, 0xff, 0xff, 0xff,
    0xc6, 0x59, 0xff, 0x6b, 0xb0, 0xff, 0x6b, 0xb0, 0xff, 0x6b, 0xb0, 0xff, 0x6b, 0xb0, 0xff, 0x6b, 0xb0, 0xff, 0x6b, 0xb0, 0xff, 0x7c, 0x32, 0xff,
    0xff, 0xff, 0xff, 0xff, 0xff, 0xff, 0xff, 0xff, 0xff, 0xff, 0xff, 0xff, 0xff, 0xff, 0xff, 0xb5, 0xd8, 0xff, 0x84, 0x93, 0xff, 0x84, 0x93, 0xff,
    0x84, 0x93, 0xff, 0x84, 0x93, 0xff, 0x84, 0x93, 0xff, 0x84, 0x93, 0xff, 0x84, 0x93, 0xff, 0x84, 0x93, 0xff, 0x84, 0x93, 0xff, 0x84, 0x93, 0xff,
    0x84, 0x93, 0xff, 0x84, 0x93, 0xff, 0x84, 0x93, 0xff, 0x84, 0x93, 0xff, 0x84, 0x93, 0xff, 0xd6, 0xbb, 0xff, 0xff, 0xff, 0xff, 0xff, 0xff, 0xff,
    0xb5, 0xd8, 0xff, 0x11, 0x27, 0xff, 0x11, 0x27, 0xff, 0x84, 0x93, 0xff, 0xff, 0xff, 0xff, 0xff, 0xff, 0xff, 0xff, 0xff, 0xff, 0xa5, 0x76, 0xff,
    0x11, 0x27, 0xff, 0x11, 0x27, 0xff, 0x11, 0x27, 0xff, 0x11, 0x27, 0xff, 0x11, 0x27, 0xff, 0x11, 0x27, 0xff, 0x29, 0xea, 0xff, 0xff, 0xff, 0xff,
    0xff, 0xff, 0xff, 0xff, 0xff, 0xff, 0xff, 0xff, 0xff, 0xff, 0xff, 0xff, 0x6b, 0xb0, 0xff, 0x11, 0x27, 0xff, 0x11, 0x27, 0xff, 0x11, 0x27, 0xff,
    0x11, 0x27, 0xff, 0x11, 0x27, 0xff, 0x11, 0x27, 0xff, 0x11, 0x27, 0xff, 0x11, 0x27, 0xff, 0x11, 0x27, 0xff, 0x11, 0x27, 0xff, 0x11, 0x27, 0xff,
    0x11, 0x27, 0xff, 0x11, 0x27, 0xff, 0x11, 0x27, 0xff, 0x11, 0x27, 0xff, 0xa5, 0x76, 0xff, 0xff, 0xff, 0xff, 0xff, 0xff, 0xff, 0xff, 0xff, 0xff,
    0x84, 0x93, 0xff, 0x11, 0x27, 0xff, 0x11, 0x27, 0xff, 0x84, 0x93, 0xff, 0xff, 0xff, 0xff, 0xff, 0xff, 0xff, 0xa5, 0x76, 0xff, 0x11, 0x27, 0xff,
    0x19, 0x89, 0xff, 0x6b, 0xb0, 0xff, 0x6b, 0xb0, 0xff, 0x4a, 0xcd, 0xff, 0x11, 0x27, 0xff, 0x29, 0xea, 0xff, 0xff, 0xff, 0xff, 0xff, 0xff, 0xff,
    0xff, 0xff, 0xff, 0xff, 0xff, 0xff, 0xff, 0xff, 0xff, 0x6b, 0xb0, 0xff, 0x11, 0x27, 0xff, 0x4a, 0xcd, 0xff, 0xff, 0xff, 0xff, 0xe7, 0x1c, 0xff,
    0x11, 0x27, 0xff, 0x11, 0x27, 0xff, 0xe7, 0x1c, 0xff, 0xff, 0xff, 0xff, 0x6b, 0xb0, 0xff, 0x11, 0x27, 0xff, 0x6b, 0xb0, 0xff, 0xff, 0xff, 0xff,
    0xe7, 0x1c, 0xff, 0x11, 0x27, 0xff, 0x11, 0x27, 0xff, 0xa5, 0x76, 0xff, 0xff, 0xff, 0xff, 0xff, 0xff, 0xff, 0xff, 0xff, 0xff, 0xff, 0xff, 0xff,
    0x84, 0x93, 0xff, 0x11, 0x27, 0xff, 0x7c, 0x12, 0xff, 0xff, 0xff, 0xff, 0xff, 0xff, 0xff, 0x94, 0xf5, 0xff, 0x11, 0x27, 0xff, 0x3a, 0x6c, 0xff,
    0xff, 0xff, 0xff, 0xff, 0xff, 0xff, 0xa5, 0x76, 0xff, 0x11, 0x27, 0xff, 0x29, 0xea, 0xff, 0xff, 0xff, 0xff, 0xff, 0xff, 0xff, 0xff, 0xff, 0xff,
    0xff, 0xff, 0xff, 0xff, 0xff, 0xff, 0x6b, 0xb0, 0xff, 0x11, 0x27, 0xff, 0x19, 0x89, 0xff, 0x4a, 0xcd, 0xff, 0x3a, 0x6c, 0xff, 0x11, 0x27, 0xff,
    0x11, 0x27, 0xff, 0x4a, 0xcd, 0xff, 0x4a, 0xcd, 0xff, 0x19, 0x89, 0xff, 0x11, 0x27, 0xff, 0x29, 0xea, 0xff, 0x4a, 0xcd, 0xff, 0x3a, 0x6c, 0xff,
    0x11, 0x27, 0xff, 0x11, 0x27, 0xff, 0xa5, 0x76, 0xff, 0xff, 0xff, 0xff, 0xff, 0xff, 0xff, 0xff, 0xff, 0xff, 0xff, 0xff, 0xff, 0xff, 0xff, 0xff,
    0x94, 0xf5, 0xff, 0xff, 0xff, 0xff, 0xff, 0xff, 0xff, 0xff, 0xff, 0xff, 0x5b, 0x4f, 0xff, 0x11, 0x27, 0xff, 0x5b, 0x2f, 0xff, 0xff, 0xff, 0xff,
    0xff, 0xff, 0xff, 0xa5, 0x76, 0xff, 0x11, 0x27, 0xff, 0x29, 0xea, 0xff, 0xff, 0xff, 0xff, 0xff, 0xff, 0xff, 0xff, 0xff, 0xff, 0xff, 0xff, 0xff,
    0xff, 0xff, 0xff, 0x7c, 0x12, 0xff, 0x29, 0xea, 0xff, 0x29, 0xea, 0xff, 0x29, 0xea, 0xff, 0x29, 0xea, 0xff, 0x29, 0xea, 0xff, 0x29, 0xea, 0xff,
    0x11, 0x27, 0xff, 0x11, 0x27, 0xff, 0x19, 0x89, 0xff, 0x29, 0xea, 0xff, 0x29, 0xea, 0xff, 0x29, 0xea, 0xff, 0x29, 0xea, 0xff, 0x29, 0xea, 0xff,
    0x29, 0xea, 0xff, 0xb5, 0xd8, 0xff, 0xff, 0xff, 0xff, 0xe7, 0x1c, 0xff, 0xe7, 0x1c, 0xff, 0xe7, 0x1c, 0xff, 0xe7, 0x1c, 0xff, 0xf7, 0x9e, 0xff,
    0xff, 0xff, 0xff, 0xff, 0xff, 0xff, 0x84, 0x93, 0xff, 0x11, 0x27, 0xff, 0x11, 0x27, 0xff, 0xa5, 0x76, 0xff, 0xff, 0xff, 0xff, 0xff, 0xff, 0xff,
    0xa5, 0x76, 0xff, 0x11, 0x27, 0xff, 0x19, 0x89, 0xff, 0xa5, 0x76, 0xff, 0xa5, 0x76, 0xff, 0xd6, 0xbb, 0xff, 0xff, 0xff, 0xff, 0xe7, 0x3c, 0xff,
    0xa5, 0x76, 0xff, 0xa5, 0x76, 0xff, 0xa5, 0x76, 0xff, 0xa5, 0x76, 0xff, 0xa5, 0x76, 0xff, 0xa5, 0x76, 0xff, 0x94, 0xf5, 0xff, 0x11, 0x27, 0xff,
    0x11, 0x27, 0xff, 0x6b, 0xb0, 0xff, 0xa5, 0x76, 0xff, 0xa5, 0x76, 0xff, 0xa5, 0x76, 0xff, 0xa5, 0x76, 0xff, 0xa5, 0x76, 0xff, 0xa5, 0x76, 0xff,
    0xc6, 0x59, 0xff, 0xff, 0xff, 0xff, 0x11, 0x27, 0xff, 0x11, 0x27, 0xff, 0x11, 0x27, 0xff, 0x11, 0x27, 0xff, 0x4a, 0xcd, 0xff, 0xff, 0xff, 0xff,
    0x4a, 0xcd, 0xff, 0x11, 0x27, 0xff, 0x11, 0x27, 0xff, 0x5b, 0x4f, 0xff, 0xff, 0xff, 0xff, 0xff, 0xff, 0xff, 0xff, 0xff, 0xff, 0xd6, 0xbb, 0xff,
    0x11, 0x27, 0xff, 0x11, 0x27, 0xff, 0x11, 0x27, 0xff, 0x11, 0x27, 0xff, 0xa5, 0x76, 0xff, 0xff, 0xff, 0xff, 0xa5, 0x76, 0xff, 0x11, 0x27, 0xff,
    0x11, 0x27, 0xff, 0x11, 0x27, 0xff, 0x11, 0x27, 0xff, 0x11, 0x27, 0xff, 0x11, 0x27, 0xff, 0x11, 0x27, 0xff, 0x11, 0x27, 0xff, 0x11, 0x27, 0xff,
    0x11, 0x27, 0xff, 0x11, 0x27, 0xff, 0x11, 0x27, 0xff, 0x11, 0x27, 0xff, 0x11, 0x27, 0xff, 0x11, 0x27, 0xff, 0x11, 0x27, 0xff, 0x4a, 0xcd, 0xff,
    0xff, 0xff, 0xff, 0x11, 0x27, 0xff, 0x11, 0x27, 0xff, 0x11, 0x27, 0xff, 0x11, 0x27, 0xff, 0x4a, 0xcd, 0xff, 0xff, 0xff, 0xff, 0xe7, 0x1c, 0xff,
    0x19, 0x89, 0xff, 0x7c, 0x12, 0xff, 0xf7, 0x9e, 0xff, 0xff, 0xff, 0xff, 0xff, 0xff, 0xff, 0xff, 0xff, 0xff, 0xff, 0xff, 0xff, 0xa5, 0x76, 0xff,
    0x7c, 0x12, 0xff, 0x6b, 0xb0, 0xff, 0x6b, 0xb0, 0xff, 0xc6, 0x59, 0xff, 0xff, 0xff, 0xff, 0xe7, 0x1c, 0xff, 0xa5, 0x76, 0xff, 0xa5, 0x76, 0xff,
    0xa5, 0x76, 0xff, 0xa5, 0x76, 0xff, 0xa5, 0x76, 0xff, 0xa5, 0x76, 0xff, 0x6b, 0xb0, 0xff, 0x11, 0x27, 0xff, 0x11, 0x27, 0xff, 0xa5, 0x76, 0xff,
    0xa5, 0x76, 0xff, 0xa5, 0x76, 0xff, 0xa5, 0x76, 0xff, 0xa5, 0x76, 0xff, 0xa5, 0x76, 0xff, 0xa5, 0x76, 0xff, 0xb5, 0xd8, 0xff, 0xff, 0xff, 0xff,
    0xc6, 0x39, 0xff, 0xc6, 0x39, 0xff, 0x5b, 0x2f, 0xff, 0x11, 0x27, 0xff, 0x4a, 0xcd, 0xff, 0xff, 0xff, 0xff, 0xf7, 0x9e, 0xff, 0x6b, 0xb0, 0xff,
    0x84, 0x93, 0xff, 0x84, 0x93, 0xff, 0x84, 0x93, 0xff, 0x84, 0x93, 0xff, 0x84, 0x93, 0xff, 0x84, 0x93, 0xff, 0x84, 0x93, 0xff, 0x7c, 0x12, 0xff,
    0x84, 0x93, 0xff, 0xe7, 0x3c, 0xff, 0xff, 0xff, 0xff, 0xff, 0xff, 0xff, 0xff, 0xff, 0xff, 0xff, 0xff, 0xff, 0xb5, 0xd8, 0xff, 0x2a, 0x0a, 0xff,
    0x2a, 0x0a, 0xff, 0x2a, 0x0a, 0xff, 0x2a, 0x0a, 0xff, 0x19, 0x89, 0xff, 0x11, 0x27, 0xff, 0x11, 0x27, 0xff, 0x2a, 0x0a, 0xff, 0x2a, 0x0a, 0xff,
    0x2a, 0x0a, 0xff, 0x2a, 0x0a, 0xff, 0x2a, 0x0a, 0xff, 0x4a, 0xcd, 0xff, 0xff, 0xff, 0xff, 0xff, 0xff, 0xff, 0xff, 0xff, 0xff, 0xff, 0xff, 0xff,
    0xff, 0xff, 0xff, 0x6b, 0xb0, 0xff, 0x11, 0x27, 0xff, 0x4a, 0xcd, 0xff, 0xff, 0xff, 0xff, 0xe7, 0x1c, 0xff, 0x11, 0x27, 0xff, 0x11, 0x27, 0xff,
    0x11, 0x27, 0xff, 0x11, 0x27, 0xff, 0x11, 0x27, 0xff, 0x11, 0x27, 0xff, 0x11, 0x27, 0xff, 0x11, 0x27, 0xff, 0x11, 0x27, 0xff, 0x11, 0x27, 0xff,
    0xa5, 0x76, 0xff, 0xff, 0xff, 0xff, 0xff, 0xff, 0xff, 0xff, 0xff, 0xff, 0xff, 0xff, 0xff, 0xa5, 0x76, 0xff, 0x11, 0x27, 0xff, 0x19, 0x89, 0xff,
    0x6b, 0xb0, 0xff, 0x6b, 0xb0, 0xff, 0x6b, 0xb0, 0xff, 0x6b, 0xb0, 0xff, 0x6b, 0xb0, 0xff, 0x6b, 0xb0, 0xff, 0x6b, 0xb0, 0xff, 0x6b, 0xb0, 0xff,
    0x3a, 0x6c, 0xff, 0x11, 0x27, 0xff, 0x29, 0xea, 0xff, 0xff, 0xff, 0xff, 0xff, 0xff, 0xff, 0xff, 0xff, 0xff, 0xff, 0xff, 0xff, 0xff, 0xff, 0xff,
    0x6b, 0xb0, 0xff, 0x11, 0x27, 0xff, 0x4a, 0xcd, 0xff, 0xff, 0xff, 0xff, 0xf7, 0x9e, 0xff, 0x5b, 0x2f, 0xff, 0x11, 0x27, 0xff, 0x19, 0x89, 0xff,
    0x6b, 0xb0, 0xff, 0x6b, 0xb0, 0xff, 0x6b, 0xb0, 0xff, 0x6b, 0xb0, 0xff, 0x3a, 0x6c, 0xff, 0x11, 0x27, 0xff, 0x11, 0x27, 0xff, 0xe7, 0x1c, 0xff,
    0xff, 0xff, 0xff, 0xff, 0xff, 0xff, 0xff, 0xff, 0xff, 0xff, 0xff, 0xff, 0xa5, 0x76, 0xff, 0x11, 0x27, 0xff, 0x19, 0x89, 0xff, 0x6b, 0xb0, 0xff,
    0x6b, 0xb0, 0xff, 0x6b, 0xb0, 0xff, 0x6b, 0xb0, 0xff, 0x6b, 0xb0, 0xff, 0x6b, 0xb0, 0xff, 0x6b, 0xb0, 0xff, 0x6b, 0xb0, 0xff, 0x3a, 0x6c, 0xff,
    0x11, 0x27, 0xff, 0x29, 0xea, 0xff, 0xff, 0xff, 0xff, 0xff, 0xff, 0xff, 0xff, 0xff, 0xff, 0xff, 0xff, 0xff, 0xff, 0xff, 0xff, 0x6b, 0xb0, 0xff,
    0x11, 0x27, 0xff, 0x4a, 0xcd, 0xff, 0xff, 0xff, 0xff, 0xff, 0xff, 0xff, 0xc6, 0x39, 0xff, 0x11, 0x27, 0xff, 0x11, 0x27, 0xff, 0xc6, 0x59, 0xff,
    0xff, 0xff, 0xff, 0xff, 0xff, 0xff, 0xe7, 0x3c, 0xff, 0x29, 0xea, 0xff, 0x11, 0x27, 0xff, 0x6b, 0xb0, 0xff, 0xff, 0xff, 0xff, 0xff, 0xff, 0xff,
    0xff, 0xff, 0xff, 0xff, 0xff, 0xff, 0xff, 0xff, 0xff, 0xa5, 0x76, 0xff, 0x11, 0x27, 0xff, 0x19, 0x89, 0xff, 0x6b, 0xb0, 0xff, 0x6b, 0xb0, 0xff,
    0x6b, 0xb0, 0xff, 0x6b, 0xb0, 0xff, 0x6b, 0xb0, 0xff, 0x6b, 0xb0, 0xff, 0x6b, 0xb0, 0xff, 0x6b, 0xb0, 0xff, 0x3a, 0x6c, 0xff, 0x11, 0x27, 0xff,
    0x29, 0xea, 0xff, 0xff, 0xff, 0xff, 0xff, 0xff, 0xff, 0xff, 0xff, 0xff, 0xff, 0xff, 0xff, 0xff, 0xff, 0xff, 0x6b, 0xb0, 0xff, 0x11, 0x27, 0xff,
    0x4a, 0xcd, 0xff, 0xd6, 0xbb, 0xff, 0x94, 0xf5, 0xff, 0xff, 0xff, 0xff, 0x7c, 0x32, 0xff, 0x11, 0x27, 0xff, 0x19, 0x89, 0xff, 0xe7, 0x3c, 0xff,
    0xff, 0xff, 0xff, 0x5b, 0x4f, 0xff, 0x11, 0x27, 0xff, 0x29, 0xea, 0xff, 0xe7, 0x1c, 0xff, 0xff, 0xff, 0xff, 0xff, 0xff, 0xff, 0xff, 0xff, 0xff,
    0xff, 0xff, 0xff, 0xff, 0xff, 0xff, 0xa5, 0x76, 0xff, 0x11, 0x27, 0xff, 0x19, 0x89, 0xff, 0x6b, 0xb0, 0xff, 0x6b, 0xb0, 0xff, 0x6b, 0xb0, 0xff,
    0x6b, 0xb0, 0xff, 0x6b, 0xb0, 0xff, 0x6b, 0xb0, 0xff, 0x6b, 0xb0, 0xff, 0x6b, 0xb0, 0xff, 0x3a, 0x6c, 0xff, 0x11, 0x27, 0xff, 0x29, 0xea, 0xff,
    0xff, 0xff, 0xff, 0xff, 0xff, 0xff, 0xff, 0xff, 0xff, 0xff, 0xff, 0xff, 0xff, 0xff, 0xff, 0x6b, 0xb0, 0xff, 0x11, 0x27, 0xff, 0x19, 0x89, 0xff,
    0x19, 0x89, 0xff, 0x19, 0x89, 0xff, 0xf7, 0x9e, 0xff, 0xf7, 0x9e, 0xff, 0x29, 0xea, 0xff, 0x11, 0x27, 0xff, 0x29, 0xea, 0xff, 0x5b, 0x4f, 0xff,
    0x11, 0x27, 0xff, 0x11, 0x27, 0xff, 0xa5, 0x76, 0xff, 0xff, 0xff, 0xff, 0xff, 0xff, 0xff, 0xff, 0xff, 0xff, 0xff, 0xff, 0xff, 0xff, 0xff, 0xff,
    0xff, 0xff, 0xff, 0xa5, 0x76, 0xff, 0x11, 0x27, 0xff, 0x19, 0x89, 0xff, 0x84, 0x93, 0xff, 0x84, 0x93, 0xff, 0x84, 0x93, 0xff, 0x84, 0x93, 0xff,
    0x84, 0x93, 0xff, 0x84, 0x93, 0xff, 0x84, 0x93, 0xff, 0x84, 0x93, 0xff, 0x4a, 0xcd, 0xff, 0x11, 0x27, 0xff, 0x29, 0xea, 0xff, 0xff, 0xff, 0xff,
    0xff, 0xff, 0xff, 0xff, 0xff, 0xff, 0xff, 0xff, 0xff, 0xff, 0xff, 0xff, 0x5b, 0x4f, 0xff, 0x11, 0x27, 0xff, 0x11, 0x27, 0xff, 0x11, 0x27, 0xff,
    0x4a, 0xcd, 0xff, 0xf7, 0x9e, 0xff, 0xff, 0xff, 0xff, 0xe7, 0x1c, 0xff, 0x19, 0x89, 0xff, 0x11, 0x27, 0xff, 0x11, 0x27, 0xff, 0x11, 0x27, 0xff,
    0x7c, 0x12, 0xff, 0xff, 0xff, 0xff, 0xff, 0xff, 0xff, 0xff, 0xff, 0xff, 0xff, 0xff, 0xff, 0xff, 0xff, 0xff, 0xff, 0xff, 0xff, 0xff, 0xff, 0xff,
    0xa5, 0x76, 0xff, 0x11, 0x27, 0xff, 0x19, 0x89, 0xff, 0x6b, 0xb0, 0xff, 0x6b, 0xb0, 0xff, 0x6b, 0xb0, 0xff, 0x6b, 0xb0, 0xff, 0x6b, 0xb0, 0xff,
    0x6b, 0xb0, 0xff, 0x6b, 0xb0, 0xff, 0x6b, 0xb0, 0xff, 0x3a, 0x6c, 0xff, 0x11, 0x27, 0xff, 0x29, 0xea, 0xff, 0xff, 0xff, 0xff, 0xff, 0xff, 0xff,
    0xff, 0xff, 0xff, 0xff, 0xff, 0xff, 0xe7, 0x3c, 0xff, 0x29, 0xea, 0xff, 0x11, 0x27, 0xff, 0x11, 0x27, 0xff, 0x7c, 0x12, 0xff, 0xff, 0xff, 0xff,
    0xf7, 0x9e, 0xff, 0x94, 0xf5, 0xff, 0x4a, 0xcd, 0xff, 0x11, 0x27, 0xff, 0x11, 0x27, 0xff, 0x11, 0x27, 0xff, 0x11, 0x27, 0xff, 0x29, 0xea, 0xff,
    0x6b, 0xb0, 0xff, 0xd6, 0xbb, 0xff, 0xff, 0xff, 0xff, 0xff, 0xff, 0xff, 0xff, 0xff, 0xff, 0xff, 0xff, 0xff, 0xff, 0xff, 0xff, 0xa5, 0x76, 0xff,
    0x11, 0x27, 0xff, 0x19, 0x89, 0xff, 0x84, 0x93, 0xff, 0x84, 0x93, 0xff, 0x84, 0x93, 0xff, 0x84, 0x93, 0xff, 0x84, 0x93, 0xff, 0x84, 0x93, 0xff,
    0x84, 0x93, 0xff, 0x84, 0x93, 0xff, 0x4a, 0xcd, 0xff, 0x11, 0x27, 0xff, 0x29, 0xea, 0xff, 0xff, 0xff, 0xff, 0xff, 0xff, 0xff, 0xff, 0xff, 0xff,
    0xff, 0xff, 0xff, 0xa5, 0x76, 0xff, 0x11, 0x27, 0xff, 0x11, 0x27, 0xff, 0x84, 0x93, 0xff, 0xd6, 0xbb, 0xff, 0x4a, 0xcd, 0xff, 0x11, 0x27, 0xff,
    0x11, 0x27, 0xff, 0x11, 0x27, 0xff, 0x11, 0x27, 0xff, 0x4a, 0xcd, 0xff, 0x6b, 0xb0, 0xff, 0x11, 0x27, 0xff, 0x11, 0x27, 0xff, 0x11, 0x27, 0xff,
    0x11, 0x27, 0xff, 0x29, 0xea, 0xff, 0xa5, 0x76, 0xff, 0xff, 0xff, 0xff, 0xa5, 0x76, 0xff, 0x6b, 0xb0, 0xff, 0x4a, 0xcd, 0xff, 0x11, 0x27, 0xff,
    0x19, 0x89, 0xff, 0x6b, 0xb0, 0xff, 0x6b, 0xb0, 0xff, 0x6b, 0xb0, 0xff, 0x6b, 0xb0, 0xff, 0x6b, 0xb0, 0xff, 0x6b, 0xb0, 0xff, 0x6b, 0xb0, 0xff,
    0x6b, 0xb0, 0xff, 0x3a, 0x6c, 0xff, 0x11, 0x27, 0xff, 0x19, 0x89, 0xff, 0x6b, 0xb0, 0xff, 0x6b, 0xb0, 0xff, 0xc6, 0x59, 0xff, 0xff, 0xff, 0xff,
    0xff, 0xff, 0xff, 0x4a, 0xcd, 0xff, 0xa5, 0x76, 0xff, 0xff, 0xff, 0xff, 0xff, 0xff, 0xff, 0x4a, 0xcd, 0xff, 0x11, 0x27, 0xff, 0x19, 0x89, 0xff,
    0x7c, 0x12, 0xff, 0xc6, 0x59, 0xff, 0xff, 0xff, 0xff, 0xff, 0xff, 0xff, 0xe7, 0x1c, 0xff, 0x6b, 0xb0, 0xff, 0x11, 0x27, 0xff, 0x11, 0x27, 0xff,
    0x29, 0xea, 0xff, 0xe7, 0x1c, 0xff, 0xff, 0xff, 0xff, 0x6b, 0xb0, 0xff, 0x11, 0x27, 0xff, 0x11, 0x27, 0xff, 0x11, 0x27, 0xff, 0x11, 0x27, 0xff,
    0x11, 0x27, 0xff, 0x11, 0x27, 0xff, 0x11, 0x27, 0xff, 0x11, 0x27, 0xff, 0x11, 0x27, 0xff, 0x11, 0x27, 0xff, 0x11, 0x27, 0xff, 0x11, 0x27, 0xff,
    0x11, 0x27, 0xff, 0x11, 0x27, 0xff, 0x11, 0x27, 0xff, 0x11, 0x27, 0xff, 0x11, 0x27, 0xff, 0xa5, 0x76, 0xff, 0xff, 0xff, 0xff, 0xff, 0xff, 0xff,
    0xf7, 0x9e, 0xff, 0xff, 0xff, 0xff, 0xff, 0xff, 0xff, 0xff, 0xff, 0xff, 0xd6, 0xbb, 0xff, 0xc6, 0x59, 0xff, 0xf7, 0x9e, 0xff, 0xff, 0xff, 0xff,
    0xff, 0xff, 0xff, 0xff, 0xff, 0xff, 0xff, 0xff, 0xff, 0xff, 0xff, 0xff, 0xff, 0xff, 0xff, 0xf7, 0x9e, 0xff, 0xb5, 0xd8, 0xff, 0xc6, 0x59, 0xff,
    0xff, 0xff, 0xff, 0xff, 0xff, 0xff, 0xff, 0xff, 0xff, 0xff, 0xff, 0xff, 0xff, 0xff, 0xff, 0xff, 0xff, 0xff, 0xff, 0xff, 0xff, 0xff, 0xff, 0xff,
    0xff, 0xff, 0xff, 0xff, 0xff, 0xff, 0xff, 0xff, 0xff, 0xff, 0xff, 0xff, 0xff, 0xff, 0xff, 0xff, 0xff, 0xff, 0xff, 0xff, 0xff, 0xff, 0xff, 0xff,
    0xff, 0xff, 0xff, 0xff, 0xff, 0xff, 0xff, 0xff, 0xff, 0xff, 0xff, 0xff, 0xff, 0xff, 0xff,
};

const lv_img_dsc_t home_text_settings_img = {
    .header.cf = LV_IMG_CF_TRUE_COLOR_ALPHA,
    .header.always_zero = 0,
    .header.reserved = 0,
    .header.w = 39,
    .header.h = 19,
    .data_size = 39 * 19 * LV_IMG_PX_SIZE_ALPHA_BYTE,
    .data = home_text_settings_img_map,
};

static const LV_ATTRIBUTE_MEM_ALIGN LV_ATTRIBUTE_LARGE_CONST uint8_t home_text_settings_desc_img_map[] = {
    0xc6, 0x7a, 0xff, 0xc6, 0x7a, 0xff, 0xc6, 0x7a, 0xff, 0xc6, 0x7a, 0xff, 0xc6, 0x7a, 0xff, 0xc6, 0x7a, 0xff, 0xef, 0x7e, 0xff, 0xde, 0xfc, 0xff,
    0xde, 0xfc, 0xff, 0xde, 0xfc, 0xff, 0xde, 0xfc, 0xff, 0xde, 0xfc, 0xff, 0xef, 0x7e, 0xff, 0xff, 0xff, 0xff, 0xf7, 0xbe, 0xff, 0xc6, 0x7a, 0xff,
    0xc6, 0x7a, 0xff, 0xc6, 0x7a, 0xff, 0xc6, 0x7a, 0xff, 0xc6, 0x7a, 0xff, 0xc6, 0x7a, 0xff, 0xc6, 0x7a, 0xff, 0xc6, 0x7a, 0xff, 0xc6, 0x7a, 0xff,
    0xc6, 0x7a, 0xff, 0xc6, 0x7a, 0xff, 0xff, 0xff, 0xff, 0xff, 0xff, 0xff, 0xff, 0xff, 0xff, 0xff, 0xff, 0xff, 0xce, 0x9b, 0xff, 0x9d, 0x56, 0xff,
    0xf7, 0xbf, 0xff, 0xff, 0xff, 0xff, 0xff, 0xff, 0xff, 0xb5, 0xd8, 0xff, 0xb5, 0xd8, 0xff, 0xff, 0xff, 0xff, 0xff, 0xff, 0xff, 0xff, 0xff, 0xff,
    0xff, 0xff, 0xff, 0xff, 0xff, 0xff, 0xff, 0xff, 0xff, 0xff, 0xff, 0xff, 0xff, 0xff, 0xff, 0xff, 0xff, 0xff, 0xff, 0xff, 0xff, 0xad, 0x97, 0xff,
    0x74, 0x33, 0xff, 0xde, 0xfc, 0xff, 0xff, 0xff, 0xff, 0xff, 0xff, 0xff, 0xff, 0xff, 0xff, 0xff, 0xff, 0xff, 0xff, 0xff, 0xff, 0xff, 0xff, 0xff,
    0xff, 0xff, 0xff, 0xff, 0xff, 0xff, 0xff, 0xff, 0xff, 0xe7, 0x3d, 0xff, 0xef, 0x7e, 0xff, 0xff, 0xff, 0xff, 0xff, 0xff, 0xff, 0xff, 0xff, 0xff,
    0xff, 0xff, 0xff, 0xff, 0xff, 0xff, 0xff, 0xff, 0xff, 0xff, 0xff, 0xff, 0xff, 0xff, 0xff, 0xff, 0xff, 0xff, 0xff, 0xff, 0xff, 0xff, 0xff, 0xff,
    0xff, 0xff, 0xff, 0xff, 0xff, 0xff, 0xe7, 0x3d, 0xff, 0xde, 0xfc, 0xff, 0xff, 0xff, 0xff, 0xff, 0xff, 0xff, 0xff, 0xff, 0xff, 0xff, 0xff, 0xff,
    0xe7, 0x3d, 0xff, 0xce, 0xbb, 0xff, 0xe7, 0x3d, 0xff, 0xf7, 0xbf, 0xff, 0xce, 0xbb, 0xff, 0xf7, 0xbf, 0xff, 0x63, 0xb1, 0xff, 0x63, 0xb1, 0xff,
    0x63, 0xb1, 0xff, 0x63, 0xb1, 0xff, 0x63, 0xb1, 0xff, 0x63, 0xb1, 0xff, 0xb5, 0xd8, 0xff, 0x63, 0xb1, 0xff, 0x63, 0xb1, 0xff, 0x63, 0xb1, 0xff,
    0x63, 0xb1, 0xff, 0x63, 0xb1, 0xff, 0xb5, 0xd8, 0xff, 0xff, 0xff, 0xff, 0xef, 0x7e, 0xff, 0x63, 0xb1, 0xff, 0x74, 0x33, 0xff, 0x8c, 0xb4, 0xff,
    0x63, 0xb1, 0xff, 0x6b, 0xf2, 0xff, 0x8c, 0xb4, 0xff, 0x6b, 0xf2, 0xff, 0x6b, 0xf2, 0xff, 0x8c, 0xb4, 0xff, 0x74, 0x33, 0xff, 0x63, 0xb1, 0xff,
    0xff, 0xff, 0xff, 0xff, 0xff, 0xff, 0xff, 0xff, 0xff, 0xff, 0xff, 0xff, 0x84, 0x74, 0xff, 0x74, 0x33, 0xff, 0xff, 0xff, 0xff, 0xff, 0xff, 0xff,
    0xff, 0xff, 0xff, 0xb5, 0xd8, 0xff, 0x63, 0xb1, 0xff, 0xde, 0xfc, 0xff, 0xff, 0xff, 0xff, 0xff, 0xff, 0xff, 0xff, 0xff, 0xff, 0xff, 0xff, 0xff,
    0xff, 0xff, 0xff, 0xff, 0xff, 0xff, 0x9d, 0x56, 0xff, 0x9d, 0x56, 0xff, 0x9d, 0x56, 0xff, 0x74, 0x33, 0xff, 0x63, 0xb1, 0xff, 0x9d, 0x56, 0xff,
    0x9d, 0x56, 0xff, 0x9d, 0x56, 0xff, 0xad, 0x97, 0xff, 0xff, 0xff, 0xff, 0xff, 0xff, 0xff, 0xff, 0xff, 0xff, 0xff, 0xff, 0xff, 0xff, 0xff, 0xff,
    0xef, 0x7e, 0xff, 0x63, 0xb1, 0xff, 0xde, 0xfc, 0xff, 0xff, 0xff, 0xff, 0xff, 0xff, 0xff, 0xff, 0xff, 0xff, 0xff, 0xff, 0xff, 0xff, 0xff, 0xff,
    0xff, 0xff, 0xff, 0xff, 0xff, 0xff, 0xff, 0xff, 0xff, 0xff, 0xff, 0xff, 0xff, 0xff, 0xff, 0xff, 0xff, 0xff, 0xff, 0xff, 0xff, 0xf7, 0xbe, 0xff,
    0x63, 0xb1, 0xff, 0x63, 0xb1, 0xff, 0xe7, 0x3d, 0xff, 0xff, 0xff, 0xff, 0xff, 0xff, 0xff, 0x94, 0xf5, 0xff, 0x63, 0xb1, 0xff, 0x63, 0xb1, 0xff,
    0x95, 0x15, 0xff, 0xad, 0x97, 0xff, 0x63, 0xb1, 0xff, 0x9d, 0x56, 0xff, 0xef, 0x7e, 0xff, 0xde, 0xfc, 0xff, 0x63, 0xb1, 0xff, 0xa5, 0x97, 0xff,
    0x95, 0x15, 0xff, 0xef, 0x7e, 0xff, 0xef, 0x7e, 0xff, 0xc6, 0x7a, 0xff, 0xc6, 0x7a, 0xff, 0xc6, 0x7a, 0xff, 0xbe, 0x19, 0xff, 0x63, 0xb1, 0xff,
    0xb5, 0xd8, 0xff, 0xff, 0xff, 0xff, 0xef, 0x7e, 0xff, 0x63, 0xb1, 0xff, 0x94, 0xf5, 0xff, 0xc6, 0x7a, 0xff, 0x63, 0xb1, 0xff, 0x8c, 0xb4, 0xff,
    0xc6, 0x7a, 0xff, 0x6b, 0xf2, 0xff, 0x74, 0x33, 0xff, 0xc6, 0x7a, 0xff, 0x8c, 0xb5, 0xff, 0x63, 0xb1, 0xff, 0xff, 0xff, 0xff, 0xff, 0xff, 0xff,
    0xff, 0xff, 0xff, 0xde, 0xfc, 0xff, 0x63, 0xb1, 0xff, 0xa5, 0x97, 0xff, 0x9d, 0x56, 0xff, 0x9d, 0x56, 0xff, 0x9d, 0x56, 0xff, 0x95, 0x15, 0xff,
    0x6b, 0xf2, 0xff, 0x95, 0x15, 0xff, 0x9d, 0x56, 0xff, 0x9d, 0x56, 0xff, 0xad, 0x97, 0xff, 0xff, 0xff, 0xff, 0xff, 0xff, 0xff, 0xff, 0xff, 0xff,
    0x63, 0xb1, 0xff, 0x74, 0x33, 0xff, 0x9d, 0x56, 0xff, 0x9d, 0x56, 0xff, 0x9d, 0x56, 0xff, 0x9d, 0x56, 0xff, 0x9d, 0x56, 0xff, 0x6b, 0xf2, 0xff,
    0x74, 0x33, 0xff, 0xff, 0xff, 0xff, 0xff, 0xff, 0xff, 0xff, 0xff, 0xff, 0xff, 0xff, 0xff, 0xff, 0xff, 0xff, 0xce, 0xbb, 0xff, 0x63, 0xb1, 0xff,
    0xff, 0xff, 0xff, 0xff, 0xff, 0xff, 0xff, 0xff, 0xff, 0xff, 0xff, 0xff, 0xff, 0xff, 0xff, 0xff, 0xff, 0xff, 0xff, 0xff, 0xff, 0xff, 0xff, 0xff,
    0xff, 0xff, 0xff, 0xff, 0xff, 0xff, 0xff, 0xff, 0xff, 0xff, 0xff, 0xff, 0xff, 0xff, 0xff, 0xf7, 0xbe, 0xff, 0x84, 0x74, 0xff, 0x84, 0x74, 0xff,
    0xef, 0x7e, 0xff, 0xff, 0xff, 0xff, 0xde, 0xfc, 0xff, 0x63, 0xb1, 0xff, 0x74, 0x33, 0xff, 0xce, 0xbb, 0xff, 0xe7, 0x3d, 0xff, 0xbe, 0x19, 0xff,
    0x74, 0x33, 0xff, 0xbe, 0x19, 0xff, 0xa5, 0x97, 0xff, 0x84, 0x74, 0xff, 0x63, 0xb1, 0xff, 0x74, 0x33, 0xff, 0x74, 0x33, 0xff, 0x8c, 0xd4, 0xff,
    0xef, 0x7e, 0xff, 0xff, 0xff, 0xff, 0xff, 0xff, 0xff, 0xff, 0xff, 0xff, 0xef, 0x7e, 0xff, 0x63, 0xb1, 0xff, 0xb5, 0xd8, 0xff, 0xff, 0xff, 0xff,
    0xef, 0x7e, 0xff, 0x8c, 0xb4, 0xff, 0x8c, 0xb4, 0xff, 0x8c, 0xb4, 0xff, 0x8c, 0xb4, 0xff, 0x74, 0x33, 0xff, 0x63, 0xb1, 0xff, 0x84, 0x74, 0xff,
    0x8c, 0xb4, 0xff, 0x8c, 0xb4, 0xff, 0x8c, 0xb4, 0xff, 0x8c, 0xb4, 0xff, 0xff, 0xff, 0xff, 0xff, 0xff, 0xff, 0xff, 0xff, 0xff, 0x74, 0x33, 0xff,
    0x63, 0xb1, 0xff, 0xc6, 0x7a, 0xff, 0x8c, 0xb4, 0xff, 0x8c, 0xb4, 0xff, 0x8c, 0xb4, 0xff, 0x8c, 0xb4, 0xff, 0x8c, 0xb4, 0xff, 0x8c, 0xb4, 0xff,
    0x8c, 0xb4, 0xff, 0x8c, 0xb4, 0xff, 0x9d, 0x56, 0xff, 0xff, 0xff, 0xff, 0xff, 0xff, 0xff, 0xff, 0xff, 0xff, 0x63, 0xb1, 0xff, 0x74, 0x33, 0xff,
    0x8c, 0xd4, 0xff, 0x8c, 0xd4, 0xff, 0x8c, 0xd4, 0xff, 0x8c, 0xd4, 0xff, 0x8c, 0xd4, 0xff, 0x63, 0xb1, 0xff, 0x74, 0x33, 0xff, 0xff, 0xff, 0xff,
    0xff, 0xff, 0xff, 0xff, 0xff, 0xff, 0xff, 0xff, 0xff, 0xff, 0xff, 0xff, 0x9d, 0x56, 0xff, 0x8c, 0xd4, 0xff, 0xff, 0xff, 0xff, 0xff, 0xff, 0xff,
    0xff, 0xff, 0xff, 0xff, 0xff, 0xff, 0xff, 0xff, 0xff, 0xff, 0xff, 0xff, 0xff, 0xff, 0xff, 0xff, 0xff, 0xff, 0xff, 0xff, 0xff, 0xff, 0xff, 0xff,
    0xff, 0xff, 0xff, 0xff, 0xff, 0xff, 0xff, 0xff, 0xff, 0xff, 0xff, 0xff, 0xff, 0xff, 0xff, 0xff, 0xff, 0xff, 0xff, 0xff, 0xff, 0xff, 0xff, 0xff,
    0xc6, 0x7a, 0xff, 0x63, 0xb1, 0xff, 0x95, 0x15, 0xff, 0xff, 0xff, 0xff, 0xff, 0xff, 0xff, 0xff, 0xff, 0xff, 0xff, 0xff, 0xff, 0xff, 0xff, 0xff,
    0x8c, 0xb4, 0xff, 0x84, 0x74, 0xff, 0x6b, 0xf2, 0xff, 0x74, 0x33, 0xff, 0x8c, 0xb4, 0xff, 0x63, 0xb1, 0xff, 0xef, 0x7e, 0xff, 0xff, 0xff, 0xff,
    0xff, 0xff, 0xff, 0xff, 0xff, 0xff, 0xef, 0x7e, 0xff, 0x63, 0xb1, 0xff, 0xb5, 0xd8, 0xff, 0xff, 0xff, 0xff, 0xbe, 0x19, 0xff, 0x8c, 0xd4, 0xff,
    0x8c, 0xd4, 0xff, 0x8c, 0xd4, 0xff, 0x8c, 0xd4, 0xff, 0x6b, 0xf2, 0xff, 0x63, 0xb1, 0xff, 0x8c, 0xd4, 0xff, 0x8c, 0xd4, 0xff, 0x8c, 0xd4, 0xff,
    0x8c, 0xd4, 0xff, 0x8c, 0xd4, 0xff, 0xce, 0xbb, 0xff, 0xff, 0xff, 0xff, 0xb5, 0xd8, 0xff, 0x63, 0xb1, 0xff, 0x63, 0xb1, 0xff, 0xef, 0x7e, 0xff,
    0xe7, 0x3d, 0xff, 0x9d, 0x56, 0xff, 0x9d, 0x56, 0xff, 0x9d, 0x56, 0xff, 0x9d, 0x56, 0xff, 0x9d, 0x56, 0xff, 0x9d, 0x56, 0xff, 0xad, 0x97, 0xff,
    0xff, 0xff, 0xff, 0xff, 0xff, 0xff, 0xff, 0xff, 0xff, 0xff, 0xff, 0xff, 0x63, 0xb1, 0xff, 0x84, 0x74, 0xff, 0xb5, 0xd8, 0xff, 0xb5, 0xd8, 0xff,
    0xb5, 0xd8, 0xff, 0xb5, 0xd8, 0xff, 0xb5, 0xd8, 0xff, 0x6b, 0xf2, 0xff, 0x74, 0x33, 0xff, 0xff, 0xff, 0xff, 0xff, 0xff, 0xff, 0xff, 0xff, 0xff,
    0xff, 0xff, 0xff, 0xff, 0xff, 0xff, 0x84, 0x74, 0xff, 0xb5, 0xd8, 0xff, 0xff, 0xff, 0xff, 0xb5, 0xd8, 0xff, 0x8c, 0xd4, 0xff, 0xce, 0xbb, 0xff,
    0xff, 0xff, 0xff, 0xf7, 0xbe, 0xff, 0x8c, 0xd4, 0xff, 0x8c, 0xd4, 0xff, 0xff, 0xff, 0xff, 0xff, 0xff, 0xff, 0xce, 0x9b, 0xff, 0x8c, 0xd4, 0xff,
    0xce, 0xbb, 0xff, 0xff, 0xff, 0xff, 0x8c, 0xd4, 0xff, 0x8c, 0xd4, 0xff, 0xef, 0x7e, 0xff, 0xc6, 0x5a, 0xff, 0x74, 0x33, 0xff, 0x63, 0xb1, 0xff,
    0x74, 0x33, 0xff, 0x8c, 0xd4, 0xff, 0xef, 0x7e, 0xff, 0xc6, 0x5a, 0xff, 0x8c, 0xd4, 0xff, 0xc6, 0x5a, 0xff, 0x8c, 0xb4, 0xff, 0xb5, 0xd8, 0xff,
    0x74, 0x33, 0xff, 0x9d, 0x56, 0xff, 0xc6, 0x7a, 0xff, 0x63, 0xb1, 0xff, 0xef, 0x7e, 0xff, 0x63, 0xb1, 0xff, 0x63, 0xb1, 0xff, 0x63, 0xb1, 0xff,
    0x63, 0xb1, 0xff, 0x63, 0xb1, 0xff, 0xb5, 0xd8, 0xff, 0xff, 0xff, 0xff, 0xce, 0xbb, 0xff, 0xb5, 0xd8, 0xff, 0xb5, 0xd8, 0xff, 0xb5, 0xd8, 0xff,
    0xb5, 0xd8, 0xff, 0x74, 0x33, 0xff, 0x6b, 0xf2, 0xff, 0xb5, 0xd8, 0xff, 0xb5, 0xd8, 0xff, 0xb5, 0xd8, 0xff, 0xb5, 0xd8, 0xff, 0xb5, 0xd8, 0xff,
    0xe7, 0x3d, 0xff, 0xef, 0x7e, 0xff, 0x63, 0xb1, 0xff, 0x63, 0xb1, 0xff, 0x63, 0xb1, 0xff, 0xef, 0x7e, 0xff, 0xe7, 0x3d, 0xff, 0x8c, 0xb4, 0xff,
    0x8c, 0xb4, 0xff, 0x8c, 0xb4, 0xff, 0x8c, 0xb4, 0xff, 0x8c, 0xb4, 0xff, 0x8c, 0xb4, 0xff, 0x9d, 0x56, 0xff, 0xff, 0xff, 0xff, 0xff, 0xff, 0xff,
    0xff, 0xff, 0xff, 0xff, 0xff, 0xff, 0x63, 0xb1, 0xff, 0x6b, 0xf2, 0xff, 0x74, 0x33, 0xff, 0x74, 0x33, 0xff, 0x74, 0x33, 0xff, 0x74, 0x33, 0xff,
    0x74, 0x33, 0xff, 0x63, 0xb1, 0xff, 0x74, 0x33, 0xff, 0xff, 0xff, 0xff, 0xff, 0xff, 0xff, 0xff, 0xff, 0xff, 0xff, 0xff, 0xff, 0xef, 0x7e, 0xff,
    0x63, 0xb1, 0xff, 0xde, 0xfc, 0xff, 0xff, 0xff, 0xff, 0xbe, 0x19, 0xff, 0x63, 0xb1, 0xff, 0xa5, 0x97, 0xff, 0xff, 0xff, 0xff, 0xce, 0xbb, 0xff,
    0x63, 0xb1, 0xff, 0x63, 0xb1, 0xff, 0xef, 0x7e, 0xff, 0xff, 0xff, 0xff, 0x94, 0xf5, 0xff, 0x63, 0xb1, 0xff, 0xe7, 0x3d, 0xff, 0xff, 0xff, 0xff,
    0x63, 0xb1, 0xff, 0x63, 0xb1, 0xff, 0xef, 0x7e, 0xff, 0xbe, 0x19, 0xff, 0x6b, 0xf2, 0xff, 0x63, 0xb1, 0xff, 0x6b, 0xf2, 0xff, 0x74, 0x33, 0xff,
    0xef, 0x7e, 0xff, 0xb5, 0xd8, 0xff, 0x63, 0xb1, 0xff, 0xb5, 0xd8, 0xff, 0x8c, 0xb4, 0xff, 0xb5, 0xd8, 0xff, 0x84, 0x74, 0xff, 0x9d, 0x56, 0xff,
    0xc6, 0x7a, 0xff, 0x63, 0xb1, 0xff, 0xef, 0x7e, 0xff, 0x63, 0xb1, 0xff, 0x74, 0x33, 0xff, 0x9d, 0x56, 0xff, 0x95, 0x15, 0xff, 0x63, 0xb1, 0xff,
    0xb5, 0xd8, 0xff, 0xff, 0xff, 0xff, 0xff, 0xff, 0xff, 0xde, 0xfc, 0xff, 0x63, 0xb1, 0xff, 0x63, 0xb1, 0xff, 0x63, 0xb1, 0xff, 0x63, 0xb1, 0xff,
    0x63, 0xb1, 0xff, 0x63, 0xb1, 0xff, 0x63, 0xb1, 0xff, 0x63, 0xb1, 0xff, 0x63, 0xb1, 0xff, 0xff, 0xff, 0xff, 0xff, 0xff, 0xff, 0xff, 0xff, 0xff,
    0x95, 0x15, 0xff, 0xb5, 0xd8, 0xff, 0x63, 0xb1, 0xff, 0xef, 0x7e, 0xff, 0xef, 0x7e, 0xff, 0xb5, 0xd8, 0xff, 0xb5, 0xd8, 0xff, 0xb5, 0xd8, 0xff,
    0xb5, 0xd8, 0xff, 0xb5, 0xd8, 0xff, 0xb5, 0xd8, 0xff, 0xbe, 0x19, 0xff, 0xff, 0xff, 0xff, 0xff, 0xff, 0xff, 0xff, 0xff, 0xff, 0xff, 0xff, 0xff,
    0x63, 0xb1, 0xff, 0x8c, 0xd4, 0xff, 0xc6, 0x7a, 0xff, 0xc6, 0x7a, 0xff, 0xc6, 0x7a, 0xff, 0xc6, 0x7a, 0xff, 0xc6, 0x7a, 0xff, 0x6b, 0xf2, 0xff,
    0x74, 0x33, 0xff, 0xff, 0xff, 0xff, 0xff, 0xff, 0xff, 0xff, 0xff, 0xff, 0xff, 0xff, 0xff, 0xce, 0xbb, 0xff, 0x63, 0xb1, 0xff, 0xff, 0xff, 0xff,
    0xff, 0xff, 0xff, 0xe7, 0x3d, 0xff, 0x63, 0xb1, 0xff, 0x8c, 0xd4, 0xff, 0xff, 0xff, 0xff, 0xad, 0x97, 0xff, 0x84, 0x74, 0xff, 0x63, 0xb1, 0xff,
    0xbe, 0x19, 0xff, 0xff, 0xff, 0xff, 0x74, 0x33, 0xff, 0x6b, 0xf2, 0xff, 0xff, 0xff, 0xff, 0xff, 0xff, 0xff, 0x63, 0xb1, 0xff, 0x63, 0xb1, 0xff,
    0xef, 0x7e, 0xff, 0xff, 0xff, 0xff, 0xc6, 0x7a, 0xff, 0x63, 0xb1, 0xff, 0x9d, 0x56, 0xff, 0xff, 0xff, 0xff, 0xff, 0xff, 0xff, 0xb5, 0xd8, 0xff,
    0x63, 0xb1, 0xff, 0xb5, 0xd8, 0xff, 0x8c, 0xb4, 0xff, 0x84, 0x74, 0xff, 0x9d, 0x56, 0xff, 0xbe, 0x19, 0xff, 0x6b, 0xf2, 0xff, 0x63, 0xb1, 0xff,
    0xef, 0x7e, 0xff, 0x63, 0xb1, 0xff, 0x9d, 0x56, 0xff, 0xff, 0xff, 0xff, 0xf7, 0xbe, 0xff, 0xb5, 0xd8, 0xff, 0xde, 0xfc, 0xff, 0xff, 0xff, 0xff,
    0xff, 0xff, 0xff, 0xde, 0xfc, 0xff, 0x63, 0xb1, 0xff, 0x95, 0x15, 0xff, 0xb5, 0xd8, 0xff, 0xb5, 0xd8, 0xff, 0xb5, 0xd8, 0xff, 0xb5, 0xd8, 0xff,
    0xb5, 0xd8, 0xff, 0x84, 0x74, 0xff, 0x63, 0xb1, 0xff, 0xff, 0xff, 0xff, 0xff, 0xff, 0xff, 0xff, 0xff, 0xff, 0xff, 0xff, 0xff, 0xc6, 0x7a, 0xff,
    0x63, 0xb1, 0xff, 0xef, 0x7e, 0xff, 0xe7, 0x3d, 0xff, 0x8c, 0xb4, 0xff, 0x8c, 0xb4, 0xff, 0x8c, 0xb4, 0xff, 0x8c, 0xb4, 0xff, 0x8c, 0xb4, 0xff,
    0x8c, 0xb4, 0xff, 0x9d, 0x56, 0xff, 0xff, 0xff, 0xff, 0xff, 0xff, 0xff, 0xff, 0xff, 0xff, 0xff, 0xff, 0xff, 0x63, 0xb1, 0xff, 0x63, 0xb1, 0xff,
    0x63, 0xb1, 0xff, 0x63, 0xb1, 0xff, 0x63, 0xb1, 0xff, 0x63, 0xb1, 0xff, 0x63, 0xb1, 0xff, 0x63, 0xb1, 0xff, 0x74, 0x33, 0xff, 0xff, 0xff, 0xff,
    0xff, 0xff, 0xff, 0xff, 0xff, 0xff, 0xff, 0xff, 0xff, 0x9d, 0x56, 0xff, 0x8c, 0xd4, 0xff, 0xff, 0xff, 0xff, 0xff, 0xff, 0xff, 0xff, 0xff, 0xff,
    0x6b, 0xf2, 0xff, 0x6b, 0xf2, 0xff, 0xf7, 0xbf, 0xff, 0x84, 0x74, 0xff, 0xa5, 0x97, 0xff, 0x6b, 0xf2, 0xff, 0x9d, 0x56, 0xff, 0xef, 0x7e, 0xff,
    0x63, 0xb1, 0xff, 0x95, 0x15, 0xff, 0xff, 0xff, 0xff, 0xff, 0xff, 0xff, 0x63, 0xb1, 0xff, 0x63, 0xb1, 0xff, 0xef, 0x7e, 0xff, 0xff, 0xff, 0xff,
    0xc6, 0x7a, 0xff, 0x63, 0xb1, 0xff, 0x9d, 0x56, 0xff, 0xff, 0xff, 0xff, 0xff, 0xff, 0xff, 0xb5, 0xd8, 0xff, 0x63, 0xb1, 0xff, 0xb5, 0xd8, 0xff,
    0x8c, 0xb4, 0xff, 0xa5, 0x97, 0xff, 0xe7, 0x3d, 0xff, 0xef, 0x7e, 0xff, 0xde, 0xfc, 0xff, 0x63, 0xb1, 0xff, 0xef, 0x7e, 0xff, 0x63, 0xb1, 0xff,
    0x9d, 0x56, 0xff, 0xff, 0xff, 0xff, 0xff, 0xff, 0xff, 0xff, 0xff, 0xff, 0xff, 0xff, 0xff, 0xff, 0xff, 0xff, 0xff, 0xff, 0xff, 0xde, 0xfc, 0xff,
    0x63, 0xb1, 0xff, 0x9d, 0x56, 0xff, 0xc6, 0x7a, 0xff, 0xc6, 0x7a, 0xff, 0xc6, 0x7a, 0xff, 0xc6, 0x7a, 0xff, 0xc6, 0x7a, 0xff, 0x8c, 0xb5, 0xff,
    0x63, 0xb1, 0xff, 0xff, 0xff, 0xff, 0xff, 0xff, 0xff, 0xff, 0xff, 0xff, 0xff, 0xff, 0xff, 0xc6, 0x7a, 0xff, 0x63, 0xb1, 0xff, 0xef, 0x7e, 0xff,
    0xef, 0x7e, 0xff, 0xc6, 0x7a, 0xff, 0xc6, 0x7a, 0xff, 0xc6, 0x7a, 0xff, 0xc6, 0x7a, 0xff, 0xc6, 0x7a, 0xff, 0xc6, 0x7a, 0xff, 0xc6, 0x7a, 0xff,
    0xff, 0xff, 0xff, 0xff, 0xff, 0xff, 0xff, 0xff, 0xff, 0xff, 0xff, 0xff, 0xde, 0xfc, 0xff, 0xde, 0xfc, 0xff, 0xde, 0xfc, 0xff, 0x9d, 0x56, 0xff,
    0x63, 0xb1, 0xff, 0xc6, 0x5a, 0xff, 0xde, 0xfc, 0xff, 0xde, 0xfc, 0xff, 0xde, 0xfc, 0xff, 0xef, 0x7e, 0xff, 0xff, 0xff, 0xff, 0xff, 0xff, 0xff,
    0xff, 0xff, 0xff, 0x74, 0x33, 0xff, 0xb5, 0xd8, 0xff, 0xff, 0xff, 0xff, 0xff, 0xff, 0xff, 0xff, 0xff, 0xff, 0x94, 0xf5, 0xff, 0x63, 0xb1, 0xff,
    0xde, 0xfc, 0xff, 0x63, 0xb1, 0xff, 0xc6, 0x5a, 0xff, 0x94, 0xf5, 0xff, 0x6b, 0xf2, 0xff, 0xce, 0xbb, 0xff, 0x63, 0xb1, 0xff, 0xbe, 0x19, 0xff,
    0xff, 0xff, 0xff, 0xff, 0xff, 0xff, 0x63, 0xb1, 0xff, 0x63, 0xb1, 0xff, 0xef, 0x7e, 0xff, 0xff, 0xff, 0xff, 0xc6, 0x7a, 0xff, 0x63, 0xb1, 0xff,
    0x9d, 0x56, 0xff, 0xff, 0xff, 0xff, 0xff, 0xff, 0xff, 0xb5, 0xd8, 0xff, 0x63, 0xb1, 0xff, 0xb5, 0xd8, 0xff, 0x8c, 0xb4, 0xff, 0x63, 0xb1, 0xff,
    0x63, 0xb1, 0xff, 0x63, 0xb1, 0xff, 0x63, 0xb1, 0xff, 0x63, 0xb1, 0xff, 0xef, 0x7e, 0xff, 0x63, 0xb1, 0xff, 0x9d, 0x56, 0xff, 0xff, 0xff, 0xff,
    0xff, 0xff, 0xff, 0xde, 0xfc, 0xff, 0xef, 0x7e, 0xff, 0xff, 0xff, 0xff, 0xff, 0xff, 0xff, 0xde, 0xfc, 0xff, 0x63, 0xb1, 0xff, 0x74, 0x33, 0xff,
    0x8c, 0xb4, 0xff, 0x8c, 0xb4, 0xff, 0x8c, 0xb4, 0xff, 0x8c, 0xb4, 0xff, 0x8c, 0xb4, 0xff, 0x74, 0x33, 0xff, 0x63, 0xb1, 0xff, 0xff, 0xff, 0xff,
    0xff, 0xff, 0xff, 0xff, 0xff, 0xff, 0xff, 0xff, 0xff, 0xc6, 0x7a, 0xff, 0x63, 0xb1, 0xff, 0xef, 0x7e, 0xff, 0xc6, 0x7a, 0xff, 0x63, 0xb1, 0xff,
    0x74, 0x33, 0xff, 0x74, 0x33, 0xff, 0x74, 0x33, 0xff, 0x74, 0x33, 0xff, 0x6b, 0xf2, 0xff, 0x63, 0xb1, 0xff, 0xff, 0xff, 0xff, 0xff, 0xff, 0xff,
    0xef, 0x7e, 0xff, 0x74, 0x33, 0xff, 0xc6, 0x5a, 0xff, 0x74, 0x33, 0xff, 0xa5, 0x97, 0xff, 0xef, 0x7e, 0xff, 0x6b, 0xf2, 0xff, 0x84, 0x74, 0xff,
    0xff, 0xff, 0xff, 0xff, 0xff, 0xff, 0x74, 0x33, 0xff, 0x84, 0x74, 0xff, 0xff, 0xff, 0xff, 0xff, 0xff, 0xff, 0xef, 0x7e, 0xff, 0x63, 0xb1, 0xff,
    0xde, 0xfc, 0xff, 0xff, 0xff, 0xff, 0xff, 0xff, 0xff, 0xff, 0xff, 0xff, 0xbe, 0x19, 0xff, 0x63, 0xb1, 0xff, 0x9d, 0x56, 0xff, 0x63, 0xb1, 0xff,
    0xe7, 0x3d, 0xff, 0xbe, 0x19, 0xff, 0x63, 0xb1, 0xff, 0x9d, 0x56, 0xff, 0x63, 0xb1, 0xff, 0xde, 0xfc, 0xff, 0xff, 0xff, 0xff, 0xff, 0xff, 0xff,
    0x63, 0xb1, 0xff, 0x63, 0xb1, 0xff, 0xef, 0x7e, 0xff, 0xff, 0xff, 0xff, 0xc6, 0x7a, 0xff, 0x63, 0xb1, 0xff, 0x9d, 0x56, 0xff, 0xff, 0xff, 0xff,
    0xff, 0xff, 0xff, 0xb5, 0xd8, 0xff, 0x63, 0xb1, 0xff, 0xb5, 0xd8, 0xff, 0x8c, 0xb4, 0xff, 0xa5, 0x97, 0xff, 0xef, 0x7e, 0xff, 0xef, 0x7e, 0xff,
    0xde, 0xfc, 0xff, 0x63, 0xb1, 0xff, 0xef, 0x7e, 0xff, 0x63, 0xb1, 0xff, 0x9d, 0x56, 0xff, 0xff, 0xff, 0xff, 0xff, 0xff, 0xff, 0xb5, 0xd8, 0xff,
    0x63, 0xb1, 0xff, 0xff, 0xff, 0xff, 0xff, 0xff, 0xff, 0xde, 0xfc, 0xff, 0x63, 0xb1, 0xff, 0x8c, 0xb4, 0xff, 0x9d, 0x56, 0xff, 0x9d, 0x56, 0xff,
    0x9d, 0x56, 0xff, 0x9d, 0x56, 0xff, 0x9d, 0x56, 0xff, 0x74, 0x33, 0xff, 0x63, 0xb1, 0xff, 0xff, 0xff, 0xff, 0xff, 0xff, 0xff, 0xff, 0xff, 0xff,
    0xff, 0xff, 0xff, 0xc6, 0x7a, 0xff, 0x63, 0xb1, 0xff, 0xef, 0x7e, 0xff, 0xc6, 0x7a, 0xff, 0x63, 0xb1, 0xff, 0xff, 0xff, 0xff, 0xff, 0xff, 0xff,
    0xff, 0xff, 0xff, 0xff, 0xff, 0xff, 0xb5, 0xd8, 0xff, 0x63, 0xb1, 0xff, 0xff, 0xff, 0xff, 0xff, 0xff, 0xff, 0xc6, 0x5a, 0xff, 0x63, 0xb1, 0xff,
    0xce, 0xbb, 0xff, 0x63, 0xb1, 0xff, 0x9d, 0x56, 0xff, 0xff, 0xff, 0xff, 0xbe, 0x19, 0xff, 0xa5, 0x97, 0xff, 0xce, 0xbb, 0xff, 0x9d, 0x56, 0xff,
    0x9d, 0x56, 0xff, 0x63, 0xb1, 0xff, 0xc6, 0x5a, 0xff, 0xff, 0xff, 0xff, 0xc6, 0x5a, 0xff, 0x63, 0xb1, 0xff, 0xff, 0xff, 0xff, 0xff, 0xff, 0xff,
    0xff, 0xff, 0xff, 0xff, 0xff, 0xff, 0xef, 0x7e, 0xff, 0x63, 0xb1, 0xff, 0x6b, 0xf2, 0xff, 0x6b, 0xf2, 0xff, 0xff, 0xff, 0xff, 0xde, 0xfc, 0xff,
    0x63, 0xb1, 0xff, 0x63, 0xb1, 0xff, 0x6b, 0xf2, 0xff, 0xff, 0xff, 0xff, 0xff, 0xff, 0xff, 0xff, 0xff, 0xff, 0x63, 0xb1, 0xff, 0x63, 0xb1, 0xff,
    0xef, 0x7e, 0xff, 0xff, 0xff, 0xff, 0xc6, 0x7a, 0xff, 0x63, 0xb1, 0xff, 0x9d, 0x56, 0xff, 0xff, 0xff, 0xff, 0xff, 0xff, 0xff, 0xb5, 0xd8, 0xff,
    0x63, 0xb1, 0xff, 0xb5, 0xd8, 0xff, 0x8c, 0xb4, 0xff, 0x63, 0xb1, 0xff, 0x63, 0xb1, 0xff, 0x63, 0xb1, 0xff, 0x63, 0xb1, 0xff, 0x63, 0xb1, 0xff,
    0xef, 0x7e, 0xff, 0x63, 0xb1, 0xff, 0x84, 0x74, 0xff, 0xb5, 0xd8, 0xff, 0xb5, 0xd8, 0xff, 0x74, 0x33, 0xff, 0x84, 0x73, 0xff, 0xff, 0xff, 0xff,
    0xe7, 0x3d, 0xff, 0xbe, 0x19, 0xff, 0x63, 0xb1, 0xff, 0x95, 0x15, 0xff, 0xb5, 0xd8, 0xff, 0xb5, 0xd8, 0xff, 0xb5, 0xd8, 0xff, 0xb5, 0xd8, 0xff,
    0xb5, 0xd8, 0xff, 0x84, 0x74, 0xff, 0x63, 0xb1, 0xff, 0xde, 0xfc, 0xff, 0xe7, 0x3d, 0xff, 0xff, 0xff, 0xff, 0xff, 0xff, 0xff, 0xc6, 0x7a, 0xff,
    0x63, 0xb1, 0xff, 0xef, 0x7e, 0xff, 0xc6, 0x7a, 0xff, 0x63, 0xb1, 0xff, 0xb5, 0xd8, 0xff, 0xb5, 0xd8, 0xff, 0xb5, 0xd8, 0xff, 0xb5, 0xd8, 0xff,
    0x8c, 0xb4, 0xff, 0x63, 0xb1, 0xff, 0xff, 0xff, 0xff, 0xff, 0xff, 0xff, 0x74, 0x33, 0xff, 0x74, 0x33, 0xff, 0xff, 0xff, 0xff, 0x63, 0xb1, 0xff,
    0x84, 0x74, 0xff, 0xb5, 0xd8, 0xff, 0xb5, 0xd8, 0xff, 0xb5, 0xd8, 0xff, 0x9d, 0x56, 0xff, 0x63, 0xb1, 0xff, 0xce, 0xbb, 0xff, 0x6b, 0xf2, 0xff,
    0xa5, 0x97, 0xff, 0xff, 0xff, 0xff, 0x9d, 0x56, 0xff, 0x8c, 0xd4, 0xff, 0xff, 0xff, 0xff, 0xff, 0xff, 0xff, 0xff, 0xff, 0xff, 0xff, 0xff, 0xff,
    0xff, 0xff, 0xff, 0x6b, 0xf2, 0xff, 0x63, 0xb1, 0xff, 0x8c, 0xd4, 0xff, 0xff, 0xff, 0xff, 0xff, 0xff, 0xff, 0x6b, 0xf2, 0xff, 0x63, 0xb1, 0xff,
    0x8c, 0xd4, 0xff, 0xff, 0xff, 0xff, 0xff, 0xff, 0xff, 0xff, 0xff, 0xff, 0x63, 0xb1, 0xff, 0x63, 0xb1, 0xff, 0xef, 0x7e, 0xff, 0xff, 0xff, 0xff,
    0xc6, 0x7a, 0xff, 0x63, 0xb1, 0xff, 0x9d, 0x56, 0xff, 0xff, 0xff, 0xff, 0xff, 0xff, 0xff, 0xb5, 0xd8, 0xff, 0x63, 0xb1, 0xff, 0xb5, 0xd8, 0xff,
    0x8c, 0xb4, 0xff, 0x95, 0x15, 0xff, 0xc6, 0x7a, 0xff, 0xc6, 0x7a, 0xff, 0xbe, 0x19, 0xff, 0x63, 0xb1, 0xff, 0xef, 0x7e, 0xff, 0xad, 0x97, 0xff,
    0x63, 0xb1, 0xff, 0x63, 0xb1, 0xff, 0x63, 0xb1, 0xff, 0x63, 0xb1, 0xff, 0xb5, 0xd8, 0xff, 0xff, 0xff, 0xff, 0x8c, 0xb4, 0xff, 0x74, 0x33, 0xff,
    0x74, 0x33, 0xff, 0x74, 0x33, 0xff, 0x74, 0x33, 0xff, 0x74, 0x33, 0xff, 0x74, 0x33, 0xff, 0x74, 0x33, 0xff, 0x74, 0x33, 0xff, 0x74, 0x33, 0xff,
    0x74, 0x33, 0xff, 0x74, 0x33, 0xff, 0x95, 0x15, 0xff, 0xff, 0xff, 0xff, 0xff, 0xff, 0xff, 0xc6, 0x7a, 0xff, 0x63, 0xb1, 0xff, 0xef, 0x7e, 0xff,
    0xc6, 0x7a, 0xff, 0x63, 0xb1, 0xff, 0x74, 0x33, 0xff, 0x74, 0x33, 0xff, 0x74, 0x33, 0xff, 0x74, 0x33, 0xff, 0x6b, 0xf2, 0xff, 0x63, 0xb1, 0xff,
    0xff, 0xff, 0xff, 0xff, 0xff, 0xff, 0xef, 0x7e, 0xff, 0xde, 0xfc, 0xff, 0xff, 0xff, 0xff, 0xad, 0x97, 0xff, 0x63, 0xb1, 0xff, 0x63, 0xb1, 0xff,
    0x63, 0xb1, 0xff, 0x63, 0xb1, 0xff, 0x63, 0xb1, 0xff, 0x8c, 0xb4, 0xff, 0xff, 0xff, 0xff, 0xe7, 0x3d, 0xff, 0xff, 0xff, 0xff, 0xff, 0xff, 0xff,
    0x74, 0x33, 0xff, 0xb5, 0xd8, 0xff, 0xff, 0xff, 0xff, 0xff, 0xff, 0xff, 0xff, 0xff, 0xff, 0xff, 0xff, 0xff, 0xff, 0xff, 0xff, 0xff, 0xff, 0xff,
    0xff, 0xff, 0xff, 0xff, 0xff, 0xff, 0xff, 0xff, 0xff, 0xff, 0xff, 0xff, 0xff, 0xff, 0xff, 0xff, 0xff, 0xff, 0xff, 0xff, 0xff, 0xff, 0xff, 0xff,
    0xff, 0xff, 0xff, 0xff, 0xff, 0xff, 0xff, 0xff, 0xff, 0xff, 0xff, 0xff, 0xff, 0xff, 0xff, 0xff, 0xff, 0xff, 0xff, 0xff, 0xff, 0xff, 0xff, 0xff,
    0xff, 0xff, 0xff, 0xff, 0xff, 0xff, 0xff, 0xff, 0xff, 0xff, 0xff, 0xff, 0xff, 0xff, 0xff, 0xff, 0xff, 0xff, 0xe7, 0x3d, 0xff, 0xef, 0x7e, 0xff,
    0xff, 0xff, 0xff, 0xff, 0xff, 0xff, 0xff, 0xff, 0xff, 0xff, 0xff, 0xff, 0xff, 0xff, 0xff, 0xff, 0xff, 0xff, 0xf7, 0xbf, 0xff, 0xef, 0x7e, 0xff,
    0xef, 0x7e, 0xff, 0xf7, 0xbf, 0xff, 0xff, 0xff, 0xff, 0xff, 0xff, 0xff, 0xff, 0xff, 0xff, 0xff, 0xff, 0xff, 0xff, 0xff, 0xff, 0xff, 0xff, 0xff,
    0xff, 0xff, 0xff, 0xff, 0xff, 0xff, 0xff, 0xff, 0xff, 0xff, 0xff, 0xff, 0xff, 0xff, 0xff, 0xff, 0xff, 0xff, 0xff, 0xff, 0xff, 0xff, 0xff, 0xff,
    0xff, 0xff, 0xff, 0xff, 0xff, 0xff, 0xff, 0xff, 0xff, 0xef, 0x7e, 0xff, 0xc6, 0x7a, 0xff, 0xf7, 0xbf, 0xff, 0xef, 0x7e, 0xff, 0xde, 0xfc, 0xff,
    0xff, 0xff, 0xff, 0xff, 0xff, 0xff, 0xff, 0xff, 0xff, 0xff, 0xff, 0xff, 0xef, 0x7e, 0xff, 0xde, 0xfc, 0xff, 0xff, 0xff, 0xff, 0xff, 0xff, 0xff,
    0xff, 0xff, 0xff, 0xff, 0xff, 0xff, 0xff, 0xff, 0xff, 0xff, 0xff, 0xff, 0xff, 0xff, 0xff, 0xff, 0xff, 0xff, 0xff, 0xff, 0xff, 0xff, 0xff, 0xff,
    0xff, 0xff, 0xff, 0xff, 0xff, 0xff, 0xff, 0xff, 0xff, 0xff, 0xff, 0xff, 0xff, 0xff, 0xff, 0xef, 0x7e, 0xff, 0x63, 0xb1, 0xff, 0xde, 0xfc, 0xff,
    0xff, 0xff, 0xff, 0xff, 0xff, 0xff, 0xff, 0xff, 0xff, 0xff, 0xff, 0xff, 0xff, 0xff, 0xff, 0xff, 0xff, 0xff, 0xff, 0xff, 0xff, 0xff, 0xff, 0xff,
    0xff, 0xff, 0xff, 0xff, 0xff, 0xff, 0xff, 0xff, 0xff, 0xff, 0xff, 0xff, 0xff, 0xff, 0xff, 0xff, 0xff, 0xff, 0xff, 0xff, 0xff, 0xff, 0xff, 0xff,
    0xff, 0xff, 0xff, 0xff, 0xff, 0xff, 0xff, 0xff, 0xff, 0xff, 0xff, 0xff, 0xff, 0xff, 0xff, 0xff, 0xff, 0xff, 0xff, 0xff, 0xff, 0xff, 0xff, 0xff,
    0xff, 0xff, 0xff, 0xff, 0xff, 0xff, 0xff, 0xff, 0xff, 0xff, 0xff, 0xff, 0xff, 0xff, 0xff, 0xff, 0xff, 0xff, 0xff, 0xff, 0xff, 0xff, 0xff, 0xff,
    0xff, 0xff, 0xff, 0xff, 0xff, 0xff, 0xff, 0xff, 0xff, 0xff, 0xff, 0xff, 0xff, 0xff, 0xff, 0xff, 0xff, 0xff, 0xff, 0xff, 0xff, 0xff, 0xff, 0xff,
    0xff, 0xff, 0xff, 0xff, 0xff, 0xff, 0xff, 0xff, 0xff, 0xff, 0xff, 0xff, 0xff, 0xff, 0xff, 0xff, 0xff, 0xff, 0xff, 0xff, 0xff, 0xff, 0xff, 0xff,
    0xff, 0xff, 0xff, 0xff, 0xff, 0xff, 0xff, 0xff, 0xff, 0xff, 0xff, 0xff, 0xff, 0xff, 0xff, 0xff, 0xff, 0xff, 0xff, 0xff, 0xff, 0xff, 0xff, 0xff,
    0xff, 0xff, 0xff, 0xff, 0xff, 0xff, 0xff, 0xff, 0xff, 0xff, 0xff, 0xff, 0xff, 0xff, 0xff, 0xff, 0xff, 0xff, 0xff, 0xff, 0xff, 0xff, 0xff, 0xff,
    0xff, 0xff, 0xff, 0xff, 0xff, 0xff, 0xff, 0xff, 0xff, 0xff, 0xff, 0xff, 0xff, 0xff, 0xff, 0xff, 0xff, 0xff, 0xff, 0xff, 0xff, 0xff, 0xff, 0xff,
    0xff, 0xff, 0xff, 0xff, 0xff, 0xff, 0xff, 0xff, 0xff, 0xff, 0xff, 0xff, 0xff, 0xff, 0xff, 0xff, 0xff, 0xff, 0xff, 0xff, 0xff, 0xff, 0xff, 0xff,
    0xff, 0xff, 0xff, 0xff, 0xff, 0xff, 0xff, 0xff, 0xff, 0xe7, 0x3d, 0xff, 0x9d, 0x56, 0xff, 0xff, 0xff, 0xff, 0xff, 0xff, 0xff, 0xff, 0xff, 0xff,
    0xff, 0xff, 0xff, 0xff, 0xff, 0xff, 0xff, 0xff, 0xff, 0xff, 0xff, 0xff, 0xff, 0xff, 0xff, 0xff, 0xff, 0xff, 0xff, 0xff, 0xff, 0xff, 0xff, 0xff,
    0xff, 0xff, 0xff, 0xff, 0xff, 0xff, 0xff, 0xff, 0xff, 0xff, 0xff, 0xff, 0xff, 0xff, 0xff, 0xff, 0xff, 0xff, 0xff, 0xff, 0xff, 0xff, 0xff, 0xff,
    0xff, 0xff, 0xff, 0xff, 0xff, 0xff, 0xff, 0xff, 0xff, 0xff, 0xff, 0xff, 0xff, 0xff, 0xff, 0xff, 0xff, 0xff, 0xff, 0xff, 0xff, 0xff, 0xff, 0xff,
    0xff, 0xff, 0xff, 0xff, 0xff, 0xff,
};

const lv_img_dsc_t home_text_settings_desc_img = {
    .header.cf = LV_IMG_CF_TRUE_COLOR_ALPHA,
    .header.always_zero = 0,
    .header.reserved = 0,
    .header.w = 86,
    .header.h = 15,
    .data_size = 86 * 15 * LV_IMG_PX_SIZE_ALPHA_BYTE,
    .data = home_text_settings_desc_img_map,
};
