/* Supplemental 18px glyphs from the previous device font.
 * Source SHA256: f47eb4a9a151ccd51b5f0cfab2551ea0673b699d17b12741a00fa980f1ca99da
 * Only missing glyphs are linked; existing glyphs and layout stay unchanged.
 * 4bpp plain const data: no font preload, decompression or mutable cache.
 * Source font redistribution rights still require release-side review.
 */
#include "lvgl.h"

static const uint8_t glyph_bitmap[] = {
    0x00, 0x10, 0x01, 0xca, 0xc0, 0x84, 0x06, 0x59, 0x20, 0x66, 0x3c, 0x8d, 0x10, 0x13, 0x00, 0x00,
    0x00, 0x00, 0xa9, 0x00, 0x00, 0x00, 0x00, 0x00, 0x0a, 0x90, 0x00, 0x00, 0x00, 0x00, 0x00, 0xa9,
    0x00, 0x00, 0x00, 0x00, 0x00, 0x0a, 0x90, 0x00, 0x00, 0x00, 0x00, 0x00, 0xa9, 0x00, 0x00, 0x04,
    0xff, 0xff, 0xff, 0xff, 0xff, 0xff, 0x03, 0x33, 0x33, 0xba, 0x33, 0x33, 0x30, 0x00, 0x00, 0x0a,
    0x90, 0x00, 0x00, 0x00, 0x00, 0x00, 0xa9, 0x00, 0x00, 0x00, 0x00, 0x00, 0x0a, 0x90, 0x00, 0x00,
    0x00, 0x00, 0x00, 0x54, 0x00, 0x00, 0x00, 0x00, 0x00, 0x00, 0x00, 0x00, 0x00, 0x01, 0x11, 0x11,
    0x11, 0x11, 0x11, 0x14, 0xff, 0xff, 0xff, 0xff, 0xff, 0xff, 0x14, 0x44, 0x44, 0x44, 0x44, 0x44,
    0x40, 0x03, 0xf3, 0x0d, 0x70, 0x7a, 0x00, 0x6f, 0xf5, 0x6f, 0xf5, 0x6f, 0xf5, 0x00, 0x00, 0x00,
    0x00, 0x00, 0x00, 0x6b, 0x00, 0x00, 0x00, 0x01, 0xd3, 0x1d, 0xa0, 0x00, 0x00, 0x0c, 0xb0, 0x01,
    0xd8, 0x00, 0x00, 0xcc, 0x00, 0x00, 0x2e, 0x70, 0x0b, 0xd1, 0x00, 0x00, 0x02, 0xe5, 0x9e, 0x20,
    0x00, 0x00, 0x00, 0x3f, 0xf2, 0x00, 0x00, 0x00, 0x00, 0x6f, 0xf3, 0x00, 0x00, 0x00, 0x04, 0xf4,
    0x7e, 0x20, 0x00, 0x00, 0x3f, 0x50, 0x09, 0xe1, 0x00, 0x02, 0xe7, 0x00, 0x00, 0xad, 0x10, 0x1e,
    0x90, 0x00, 0x00, 0x0b, 0xc0, 0x5a, 0x00, 0x00, 0x00, 0x00, 0xc2, 0x00, 0x00, 0x00, 0x00, 0x00,
    0x00, 0x00, 0x00, 0x03, 0xff, 0x20, 0x00, 0x00, 0x00, 0x00, 0x3f, 0xf2, 0x00, 0x00, 0x00, 0x00,
    0x01, 0x77, 0x00, 0x00, 0x00, 0x00, 0x00, 0x00, 0x00, 0x00, 0x00, 0x00, 0x00, 0x00, 0x00, 0x00,
    0x00, 0x00, 0x00, 0x00, 0x00, 0x00, 0x00, 0x00, 0x4f, 0xff, 0xff, 0xff, 0xff, 0xff, 0xf0, 0x33,
    0x33, 0x33, 0x33, 0x33, 0x33, 0x00, 0x00, 0x00, 0x00, 0x00, 0x00, 0x00, 0x00, 0x00, 0x00, 0x00,
    0x00, 0x00, 0x00, 0x00, 0x01, 0x88, 0x10, 0x00, 0x00, 0x00, 0x00, 0x3f, 0xf2, 0x00, 0x00, 0x00,
    0x00, 0x03, 0xff, 0x20, 0x00, 0x00, 0x07, 0xb8, 0x02, 0xa0, 0xa3, 0x3a, 0x0a, 0x30, 0x8b, 0x70,
    0x00, 0x03, 0xae, 0xff, 0xc8, 0x10, 0x00, 0x07, 0xfd, 0x74, 0x59, 0xfe, 0x30, 0x05, 0xf9, 0x00,
    0x00, 0x02, 0xee, 0x00, 0xcd, 0x00, 0x00, 0x00, 0x04, 0xf6, 0x0f, 0x80, 0x00, 0x00, 0x00, 0x0e,
    0xa1, 0xf6, 0x00, 0x00, 0x00, 0x00, 0xdb, 0x0f, 0x80, 0x00, 0x00, 0x00, 0x0e, 0x90, 0xcc, 0x00,
    0x00, 0x00, 0x02, 0xf5, 0x04, 0xf4, 0x00, 0x00, 0x00, 0xad, 0x00, 0x08, 0xe2, 0x00, 0x00, 0x6f,
    0x30, 0x04, 0x4a, 0xe3, 0x00, 0x8f, 0x64, 0x32, 0xff, 0xff, 0x70, 0x0d, 0xff, 0xfb, 0x00, 0x4b,
    0xef, 0xff, 0xff, 0x20, 0x4f, 0xc4, 0x24, 0xf4, 0x20, 0x0d, 0xd0, 0x00, 0x0b, 0xb0, 0x00, 0xf7,
    0x00, 0x00, 0x6f, 0x00, 0x1f, 0x60, 0x00, 0x05, 0xf1, 0x00, 0xf7, 0x00, 0x00, 0x7f, 0x00, 0x0c,
    0xd0, 0x00, 0x0d, 0xc0, 0x00, 0x3f, 0xb5, 0x4b, 0xf3, 0x00, 0x00, 0x3b, 0xff, 0xc3, 0x00, 0x00,
    0x1f, 0x80, 0x00, 0x00, 0x00, 0xf9, 0x06, 0xf2, 0x00, 0x00, 0x00, 0x0a, 0xe0, 0xad, 0x00, 0x04,
    0xa0, 0x00, 0x5f, 0x3d, 0xa0, 0x00, 0x7f, 0x00, 0x01, 0xf6, 0xe8, 0x00, 0x07, 0xf0, 0x00, 0x0f,
    0x7d, 0x80, 0x00, 0x8f, 0x10, 0x00, 0xf6, 0xbc, 0x00, 0x0b, 0xf4, 0x00, 0x4f, 0x33, 0xf9, 0x48,
    0xfb, 0xe5, 0x5e, 0xc0, 0x05, 0xdf, 0xd4, 0x09, 0xff, 0xa1, 0x00, 0x00, 0x00, 0x00, 0x00, 0x00,
    0x00, 0x09, 0xf5, 0x00, 0x00, 0x1c, 0x7a, 0x00, 0x00, 0x3e, 0x9b, 0x00, 0x00, 0x09, 0xec, 0x00,
    0x00, 0x00, 0x39, 0x00, 0x00, 0x02, 0xe3, 0x10, 0x00, 0x6e, 0x80, 0x16, 0x9d, 0xc6, 0x00, 0x00,
    0x8e, 0xa0, 0x00, 0x6d, 0xbf, 0x20, 0x0b, 0x00, 0xa4, 0x00, 0xfd, 0xce, 0x50, 0x08, 0xfe, 0xe5,
    0x00, 0x00, 0x07, 0x70, 0x00, 0x00, 0x79, 0x00, 0x00, 0x06, 0xe0, 0x00, 0x00, 0x3f, 0x50, 0x00,
    0x00, 0xb1, 0x00, 0x00, 0x00, 0x00, 0x00, 0x02, 0x00, 0x20, 0x00, 0x02, 0xdf, 0x56, 0xfd, 0x20,
    0x0c, 0xb2, 0xdd, 0x2b, 0xb0, 0x0f, 0x40, 0x11, 0x05, 0xf0, 0x1f, 0x33, 0xcc, 0x33, 0xf1, 0x0e,
    0x7e, 0xb3, 0xa3, 0xf1, 0x0a, 0xf7, 0xb2, 0xa3, 0xf1, 0x08, 0xe0, 0x9c, 0x33, 0xf1, 0x07, 0xd0,
    0x00, 0x03, 0xf1, 0x07, 0xd0, 0x00, 0x03, 0xf1, 0x00, 0x1c, 0xd3, 0x00, 0x58, 0x59, 0x00, 0x1b,
    0xf9, 0x40, 0x00, 0xb9, 0xf4, 0x00, 0xb9, 0x6f, 0x50, 0xb9, 0x05, 0xf5, 0xb9, 0x00, 0x5f, 0xe9,
    0x00, 0x04, 0xf9, 0x00, 0x29, 0xde, 0xda, 0x20, 0x00, 0x5f, 0x94, 0x24, 0x9f, 0x60, 0x0f, 0x80,
    0x9d, 0x50, 0x7f, 0x03, 0xf2, 0x2b, 0x1d, 0x01, 0xf3, 0x2f, 0x30, 0xdc, 0xb0, 0x3f, 0x20, 0xcc,
    0x35, 0xf6, 0x2c, 0xc0, 0x01, 0xaf, 0xd7, 0x09, 0x91, 0x00, 0x19, 0xcc, 0xdd, 0xa1, 0x79, 0x07,
    0x70, 0xa7, 0x2b, 0xd4, 0x4d, 0xb2, 0x5c, 0x05, 0xa0, 0x1a, 0x00, 0xa0, 0x08, 0x00, 0x70, 0x06,
    0x00, 0x60, 0x06, 0x00, 0x60, 0x06, 0x00, 0x60, 0x06, 0x00, 0x00, 0x5c, 0x0d, 0x25, 0xa0, 0xf0,
    0x1a, 0x0c, 0x00, 0xa0, 0x90, 0x08, 0x08, 0x00, 0x70, 0x70, 0x06, 0x06, 0x00, 0x60, 0x60, 0x06,
    0x06, 0x00, 0x60, 0x60, 0x06, 0x06, 0x00, 0x60, 0x60, 0x06, 0x06, 0x00, 0x00, 0x00, 0x00, 0x7e,
    0xe8, 0x1b, 0xfd, 0x43, 0xdf, 0xb1, 0x00, 0x5f, 0x96, 0xed, 0xd5, 0x9e, 0xea, 0x6e, 0xc0, 0x0b,
    0xd0, 0x08, 0xf4, 0x00, 0xdf, 0x00, 0x6f, 0x20, 0xf9, 0x00, 0x6f, 0x20, 0x0a, 0xd0, 0x01, 0xf6,
    0x0f, 0x80, 0x05, 0xf1, 0x00, 0xac, 0x00, 0x0f, 0x70, 0xe9, 0x00, 0x5f, 0x10, 0x0a, 0xc0, 0x01,
    0xf6, 0x0b, 0xe0, 0x03, 0xa0, 0x00, 0x68, 0x00, 0x4f, 0x30, 0x4f, 0x90, 0x00, 0x00, 0x00, 0x00,
    0x08, 0xf0, 0x00, 0x7f, 0xd5, 0x00, 0x00, 0x00, 0x00, 0xe8, 0x00, 0x00, 0x4d, 0xff, 0xc8, 0x30,
    0x00, 0x00, 0x00, 0x00, 0x4f, 0xdb, 0xbb, 0xdf, 0xd4, 0x00, 0x00, 0x00, 0x01, 0x10, 0x00, 0x00,
    0x1a, 0xf2, 0x00, 0x00, 0x4f, 0x00, 0x00, 0x00, 0x02, 0xf2, 0x4f, 0x00, 0x00, 0x00, 0x02, 0xf2,
    0x4f, 0xff, 0xff, 0xff, 0xff, 0xf2, 0x4f, 0x33, 0x33, 0x33, 0x35, 0xf2, 0x4f, 0x22, 0x22, 0x22,
    0x24, 0xf2, 0x4f, 0xff, 0xff, 0xff, 0xff, 0xf2, 0x00, 0x00, 0x00, 0x0c, 0x90, 0x00, 0x00, 0x00,
    0x00, 0x00, 0x01, 0xfd, 0x00, 0x00, 0x00, 0x00, 0x00, 0x00, 0xbc, 0xd8, 0x00, 0x00, 0x00, 0x00,
    0x04, 0xda, 0x02, 0xcb, 0x20, 0x00, 0x06, 0x8d, 0xd4, 0x00, 0x00, 0x6e, 0xb7, 0x40, 0x79, 0x40,
    0x00, 0x00, 0x00, 0x05, 0x95, 0x00, 0x00, 0x00, 0x0a, 0x70, 0x00, 0x00, 0x00, 0x00, 0x00, 0x00,
    0xfb, 0x00, 0x00, 0x00, 0x00, 0x00, 0x00, 0xad, 0xf6, 0x00, 0x00, 0x00, 0x00, 0x01, 0xbc, 0x13,
    0xe8, 0x00, 0x00, 0x02, 0x59, 0xe7, 0x00, 0x01, 0x9e, 0x84, 0x20, 0xac, 0x71, 0x00, 0x00, 0x00,
    0x28, 0xc8, 0x00, 0x55, 0x55, 0x55, 0x55, 0x55, 0x55, 0x00, 0x01, 0xdd, 0xdd, 0xdf, 0xfd, 0xdd,
    0xdd, 0x10, 0x00, 0x00, 0x00, 0x0e, 0xe0, 0x00, 0x00, 0x00, 0x00, 0x00, 0x01, 0xbd, 0xcc, 0x10,
    0x00, 0x00, 0x00, 0x00, 0x6e, 0xa1, 0x1b, 0xe6, 0x00, 0x00, 0x07, 0xbf, 0xb3, 0x00, 0x00, 0x4c,
    0xfb, 0x80, 0x04, 0x61, 0x00, 0x00, 0x00, 0x00, 0x16, 0x40, 0x00, 0x00, 0x00, 0x00, 0x00, 0x08,
    0xe1, 0x00, 0x00, 0x00, 0x00, 0x00, 0x08, 0xe1, 0x00, 0x00, 0x00, 0x00, 0x00, 0x00, 0x00, 0x00,
    0x00, 0x02, 0xf7, 0x00, 0x00, 0x00, 0x00, 0x00, 0x02, 0xe6, 0x00, 0x02, 0x90, 0x00, 0x00, 0x00,
    0x00, 0x01, 0x9f, 0xf0, 0x00, 0x00, 0x00, 0x01, 0x9f, 0xfc, 0xf0, 0x00, 0x00, 0x01, 0x9f, 0xf8,
    0x17, 0xf0, 0x00, 0x01, 0x8f, 0xf8, 0x10, 0x07, 0xf0, 0x01, 0x8f, 0xf9, 0x10, 0x00, 0x07, 0xf0,
    0x5f, 0xfc, 0x10, 0x00, 0x00, 0x07, 0xf0, 0x05, 0xdf, 0xc3, 0x00, 0x00, 0x07, 0xf0, 0x00, 0x05,
    0xdf, 0xb3, 0x00, 0x07, 0xf0, 0x00, 0x00, 0x05, 0xdf, 0xb3, 0x07, 0xf0, 0x00, 0x00, 0x00, 0x06,
    0xef, 0xba, 0xf0, 0x00, 0x00, 0x00, 0x00, 0x06, 0xef, 0xf0, 0x00, 0x00, 0x00, 0x00, 0x00, 0x06,
    0xd0, 0x00, 0x00, 0x00, 0x00, 0x00, 0x00, 0x00, 0x00, 0x03, 0xe0, 0x00, 0x0c, 0x60, 0x00, 0x4d,
    0x00, 0x00, 0xc5, 0x00, 0x05, 0xd0, 0x00, 0x0d, 0x50, 0x00, 0x0d, 0x50, 0x00, 0x05, 0xd0, 0x00,
    0x00, 0xd5, 0x00, 0x00, 0x4d, 0x00, 0x00, 0x0c, 0x60, 0x00, 0x03, 0xe0, 0x00, 0x0b, 0xc0, 0x8d,
    0x00, 0x00, 0x00, 0x00, 0x0c, 0xd0, 0x9e, 0x00, 0x00, 0x00, 0x00, 0x00, 0x00, 0x00, 0x00, 0x00,
    0x00, 0x00, 0x00, 0x00, 0x00, 0x00, 0x00, 0x00, 0x2f, 0xff, 0xff, 0xff, 0xea, 0x30, 0x00, 0x18,
    0x88, 0x88, 0x88, 0xbf, 0xf8, 0x00, 0x00, 0x00, 0x00, 0x00, 0x01, 0xaf, 0x50, 0x00, 0x00, 0x00,
    0x00, 0x00, 0x0c, 0xe0, 0x00, 0x00, 0x00, 0x00, 0x00, 0x04, 0xf3, 0x00, 0x00, 0x00, 0x00, 0x00,
    0x00, 0xf6, 0x00, 0x00, 0x00, 0x00, 0x00, 0x00, 0xf7, 0x00, 0x00, 0x00, 0x00, 0x00, 0x00, 0xf6,
    0x00, 0x00, 0x00, 0x00, 0x00, 0x04, 0xf3, 0x00, 0x00, 0x00, 0x00, 0x00, 0x0c, 0xe0, 0x00, 0x00,
    0x00, 0x00, 0x00, 0xaf, 0x50, 0x18, 0x88, 0x88, 0x88, 0xaf, 0xf7, 0x00, 0x2f, 0xff, 0xff, 0xff,
    0xea, 0x30, 0x00, 0x00, 0x2b, 0xfe, 0x80, 0x00, 0x3f, 0xe9, 0xbf, 0xb0, 0x0c, 0xd1, 0x00, 0x5f,
    0x51, 0xf7, 0x00, 0x00, 0xe9, 0x2f, 0x50, 0x00, 0x0e, 0x92, 0xf5, 0x00, 0x05, 0xf5, 0x2f, 0xb8,
    0x8b, 0xfb, 0x02, 0xff, 0xff, 0xe8, 0x00, 0x2f, 0x50, 0x00, 0x00, 0x02, 0xf5, 0x00, 0x00, 0x00,
    0x2f, 0x50, 0x00, 0x00, 0x02, 0xf5, 0x00, 0x00, 0x00, 0x2f, 0x50, 0x00, 0x00, 0x00, 0x00, 0x00,
    0x09, 0x00, 0x00, 0x00, 0x00, 0x00, 0x7f, 0x20, 0x00, 0x00, 0x00, 0x00, 0xef, 0xa0, 0x00, 0x00,
    0x00, 0x06, 0xf9, 0xf2, 0x00, 0x00, 0x00, 0x0d, 0xb0, 0xe9, 0x00, 0x00, 0x00, 0x5f, 0x30, 0x7f,
    0x10, 0x00, 0x00, 0xdc, 0x00, 0x0f, 0x80, 0x00, 0x04, 0xff, 0xf8, 0x08, 0xf1, 0x00, 0x0c, 0xe6,
    0x8f, 0x61, 0xf8, 0x00, 0x1f, 0x60, 0x0a, 0xc0, 0x9f, 0x00, 0x0f, 0x70, 0x0b, 0xb0, 0x1f, 0x70,
    0x0a, 0xf8, 0xaf, 0x50, 0x09, 0xe0, 0x00, 0x9e, 0xe6, 0x00, 0x02, 0xf6, 0x00, 0x00, 0x00, 0x00,
    0x00, 0x10, 0x00, 0x00, 0x00, 0x00, 0x00, 0x7e, 0xfe, 0x40, 0x00, 0x00, 0x00, 0x5d, 0xfc, 0x6c,
    0xf1, 0x00, 0x00, 0x4c, 0xff, 0xf1, 0x01, 0xf5, 0x00, 0x3b, 0xfe, 0x67, 0xf0, 0x00, 0xf6, 0x0a,
    0xff, 0x70, 0x02, 0xf9, 0x39, 0xf2, 0x03, 0xbf, 0xd6, 0x00, 0x7f, 0xff, 0x60, 0x00, 0x03, 0xbf,
    0xd5, 0x01, 0x41, 0x00, 0x00, 0x00, 0x03, 0xbf, 0xd5, 0x00, 0x00, 0x00, 0x00, 0x00, 0x04, 0xcf,
    0xd5, 0x00, 0x00, 0x00, 0x00, 0x00, 0x04, 0xcf, 0xc3, 0x00, 0x00, 0x00, 0x00, 0x00, 0x04, 0xc7,
    0x00, 0x00, 0x00, 0x00, 0x00, 0x00, 0x01, 0x10, 0x00, 0x00, 0x00, 0x00, 0x00, 0x0a, 0xc4, 0x00,
    0x00, 0x00, 0x00, 0x00, 0x3c, 0xfb, 0x30, 0x00, 0x00, 0x00, 0x00, 0x04, 0xcf, 0xb3, 0x00, 0x00,
    0x00, 0x00, 0x00, 0x4c, 0xfa, 0x20, 0x00, 0x00, 0x00, 0x00, 0x04, 0xdf, 0xa2, 0x00, 0x58, 0x88,
    0x88, 0x88, 0xdf, 0xf9, 0x1a, 0xff, 0xff, 0xff, 0xff, 0xff, 0xf8, 0x00, 0x00, 0x00, 0x05, 0xdf,
    0x92, 0x00, 0x00, 0x00, 0x4c, 0xfa, 0x20, 0x00, 0x00, 0x04, 0xcf, 0xb2, 0x00, 0x00, 0x00, 0x4c,
    0xfb, 0x30, 0x00, 0x00, 0x00, 0x8f, 0xc3, 0x00, 0x00, 0x00, 0x00, 0x07, 0x40, 0x00, 0x00, 0x00,
    0x00, 0x00, 0x00, 0x00, 0x00, 0x00, 0x00, 0x00, 0x10, 0x00, 0x00, 0x00, 0x00, 0x01, 0x9e, 0x00,
    0x00, 0x00, 0x00, 0x19, 0xfe, 0x60, 0x00, 0x00, 0x01, 0x8f, 0xe7, 0x00, 0x00, 0x00, 0x08, 0xfe,
    0x70, 0x00, 0x00, 0x00, 0x7e, 0xe7, 0x00, 0x00, 0x00, 0x06, 0xef, 0xe8, 0x88, 0x88, 0x88, 0x74,
    0xef, 0xff, 0xff, 0xff, 0xff, 0xff, 0x00, 0x7e, 0xe7, 0x00, 0x00, 0x00, 0x00, 0x00, 0x07, 0xfe,
    0x70, 0x00, 0x00, 0x00, 0x00, 0x01, 0x8f, 0xe7, 0x00, 0x00, 0x00, 0x00, 0x00, 0x18, 0xfe, 0x60,
    0x00, 0x00, 0x00, 0x00, 0x01, 0x9f, 0xd0, 0x00, 0x00, 0x00, 0x00, 0x00, 0x29, 0x8f, 0xff, 0xff,
    0xff, 0xff, 0xff, 0x0b, 0xe7, 0x77, 0x77, 0x77, 0x79, 0xf4, 0xda, 0x00, 0x00, 0x00, 0x00, 0x1f,
    0x6e, 0x90, 0x00, 0x00, 0x00, 0x00, 0xf7, 0xf9, 0x00, 0x00, 0x00, 0x00, 0x0f, 0x7e, 0xa0, 0x00,
    0x00, 0x00, 0x01, 0xf6, 0xcc, 0x00, 0x00, 0x00, 0x00, 0x3f, 0x58, 0xf0, 0x00, 0x00, 0x00, 0x07,
    0xf1, 0x4f, 0x60, 0x00, 0x00, 0x00, 0xdd, 0x00, 0xdd, 0x00, 0x00, 0x00, 0x5f, 0x60, 0x05, 0xfb,
    0x10, 0x00, 0x4f, 0xd0, 0x00, 0x07, 0xfe, 0x98, 0xbf, 0xe1, 0x00, 0x00, 0x03, 0xbe, 0xfd, 0x80,
    0x00, 0x00, 0x00, 0x04, 0xbe, 0xfd, 0x80, 0x00, 0x00, 0x07, 0xfe, 0x98, 0xbf, 0xd2, 0x00, 0x05,
    0xfb, 0x10, 0x00, 0x5f, 0xd0, 0x00, 0xdd, 0x00, 0x00, 0x00, 0x6f, 0x50, 0x4f, 0x60, 0x00, 0x00,
    0x00, 0xdc, 0x08, 0xf0, 0x00, 0x00, 0x00, 0x07, 0xf1, 0xcc, 0x00, 0x00, 0x00, 0x00, 0x3f, 0x4d,
    0xa0, 0x00, 0x00, 0x00, 0x01, 0xf6, 0xe9, 0x00, 0x00, 0x00, 0x00, 0x0f, 0x7f, 0x90, 0x00, 0x00,
    0x00, 0x00, 0xf7, 0xda, 0x01, 0x5a, 0xc7, 0x30, 0x1f, 0x6c, 0xec, 0xff, 0xec, 0xff, 0xeb, 0xf4,
    0x9f, 0xb7, 0x30, 0x00, 0x59, 0xdf, 0x11, 0x00, 0x00, 0x00, 0x00, 0x00, 0x10, 0x8e, 0x00, 0x00,
    0x00, 0x00, 0x6f, 0x1b, 0xe8, 0x88, 0x88, 0x88, 0x89, 0xf4, 0xef, 0xff, 0xff, 0xff, 0xff, 0xff,
    0x6f, 0x80, 0x00, 0x00, 0x00, 0x00, 0xf7, 0xf9, 0x00, 0x00, 0x00, 0x00, 0x0f, 0x7e, 0xa0, 0x00,
    0x00, 0x00, 0x01, 0xf6, 0xcd, 0x00, 0x00, 0x00, 0x00, 0x4f, 0x58, 0xf1, 0x00, 0x00, 0x00, 0x08,
    0xf1, 0x4f, 0x60, 0x00, 0x00, 0x00, 0xed, 0x00, 0xde, 0x10, 0x00, 0x00, 0x6f, 0x60, 0x05, 0xfb,
    0x10, 0x00, 0x5f, 0xd0, 0x00, 0x07, 0xfe, 0x98, 0xbf, 0xe1, 0x00, 0x00, 0x03, 0xbe, 0xfd, 0x80,
    0x00, 0x00, 0x6f, 0x40, 0x00, 0x05, 0xf4, 0x3f, 0x70, 0x00, 0x08, 0xf2, 0x0e, 0xd0, 0x00, 0x0e,
    0xd0, 0x05, 0xfd, 0x67, 0xdf, 0x40, 0x00, 0x4c, 0xff, 0xb3, 0x00, 0x00, 0x04, 0xdf, 0xc4, 0x00,
    0x00, 0x03, 0xff, 0xff, 0xf2, 0x00, 0x00, 0x8f, 0xff, 0xff, 0x70, 0x00, 0x07, 0xff, 0xff, 0xf6,
    0x00, 0x00, 0x1f, 0xff, 0xff, 0x10, 0x00, 0x00, 0x6f, 0xff, 0x50, 0x00, 0x00, 0x00, 0xbf, 0xa0,
    0x00, 0x02, 0x40, 0x3f, 0xff, 0x20, 0x41, 0x8f, 0x8e, 0xe3, 0xfe, 0x8f, 0x70, 0x9f, 0xd3, 0x04,
    0xdf, 0x80, 0x04, 0xde, 0xc2, 0x02, 0xf3, 0x06, 0xd0, 0x7a, 0x00, 0x0e, 0x33, 0x30, 0x00, 0x52,
    0x44, 0x00, 0x06, 0x26, 0xa0, 0x00, 0xe3, 0x1f, 0x40, 0x6d, 0x00, 0x4d, 0xfc, 0x20, 0x00, 0x42,
    0x01, 0xef, 0xf5, 0x7f, 0xff, 0xc6, 0xff, 0xfb, 0x0a, 0xfc, 0x20, 0x44, 0x00, 0x00, 0x00, 0x00,
    0x00, 0x25, 0x02, 0xf6, 0x00, 0x00, 0x00, 0x00, 0x3e, 0x70, 0x03, 0xdb, 0x51, 0x00, 0x03, 0x9f,
    0x60, 0x00, 0x00, 0x6c, 0xff, 0xff, 0xd8, 0x20, 0x00, 0x00, 0x00, 0x00, 0x01, 0x00, 0x00, 0x00,
    0x00, 0x00, 0x00, 0x00, 0x00, 0x00, 0x00, 0x00, 0x00, 0x69, 0xa1, 0x00, 0x00, 0x00, 0x00, 0x00,
    0x00, 0x90, 0x18, 0x00, 0x00, 0x47, 0x75, 0x00, 0x00, 0x77, 0x92, 0x00, 0x2d, 0xfe, 0xef, 0xe6,
    0x00, 0x01, 0x00, 0x02, 0xfa, 0x20, 0x01, 0x9f, 0x50, 0x00, 0x00, 0x0c, 0xb0, 0x00, 0x00, 0x0b,
    0xd0, 0x00, 0x00, 0x2f, 0x30, 0x00, 0x00, 0x01, 0x00, 0x00, 0x00, 0x6e, 0x00, 0x00, 0x00, 0x00,
    0x00, 0x00, 0x00, 0x8c, 0x00, 0x00, 0x00, 0x00, 0x00, 0x00, 0x00, 0x9c, 0x00, 0x00, 0x00, 0x00,
    0x00, 0x00, 0x00, 0x8e, 0x00, 0x00, 0x00, 0x00, 0x10, 0x00, 0x00, 0x4f, 0x30, 0x00, 0x00, 0x05,
    0xf3, 0x00, 0x00, 0x0e, 0xc0, 0x00, 0x00, 0x1e, 0xb0, 0x00, 0x00, 0x04, 0xfc, 0x40, 0x05, 0xde,
    0x10, 0x00, 0x00, 0x00, 0x3c, 0xff, 0xff, 0xb2, 0x00, 0x00, 0x00, 0x00, 0x00, 0x25, 0x42, 0x00,
    0x00, 0x87, 0x00, 0x00, 0x00, 0x04, 0x91, 0x8f, 0x10, 0x00, 0x00, 0x0d, 0xc0, 0x2f, 0x60, 0x00,
    0x00, 0x3f, 0x60, 0x0c, 0xc1, 0x11, 0x11, 0x9f, 0x10, 0x06, 0xff, 0xff, 0xff, 0xfa, 0x00, 0x00,
    0xfa, 0x44, 0x48, 0xf4, 0x00, 0x00, 0xad, 0x00, 0x0a, 0xe0, 0x00, 0x00, 0x4f, 0x30, 0x1f, 0x80,
    0x00, 0x00, 0x0d, 0x90, 0x6f, 0x20, 0x00, 0x00, 0x07, 0xe0, 0xcb, 0x00, 0x00, 0x00, 0x01, 0xf7,
    0xf5, 0x00, 0x00, 0x00, 0x00, 0xbf, 0xe0, 0x00, 0x00, 0x00, 0x00, 0x5f, 0x90, 0x00, 0x00, 0x66,
    0x66, 0x66, 0x66, 0x66, 0x4e, 0xff, 0xff, 0xff, 0xff, 0xfa, 0x8f, 0x10, 0x00, 0x00, 0x4f, 0x42,
    0xf7, 0x00, 0x00, 0x0a, 0xe0, 0x0b, 0xd0, 0x00, 0x01, 0xf8, 0x00, 0x5f, 0x30, 0x00, 0x6f, 0x20,
    0x00, 0xe9, 0x00, 0x0c, 0xb0, 0x00, 0x09, 0xe0, 0x02, 0xf5, 0x00, 0x00, 0x3f, 0x50, 0x7f, 0x00,
    0x00, 0x00, 0xcb, 0x0d, 0x90, 0x00, 0x00, 0x06, 0xf4, 0xf3, 0x00, 0x00, 0x00, 0x1f, 0xdd, 0x00,
    0x00, 0x00, 0x00, 0xaf, 0x70, 0x00, 0x00, 0x00, 0x01, 0x30, 0x00, 0x00, 0x00, 0x00, 0x6a, 0xcc,
    0x93, 0x00, 0x00, 0x00, 0x3e, 0xc6, 0x5f, 0xff, 0xb1, 0x00, 0x03, 0xf5, 0x00, 0x1f, 0xff, 0xfd,
    0x00, 0x0e, 0x50, 0x00, 0x1f, 0xff, 0xff, 0x90, 0x5c, 0x00, 0x00, 0x1f, 0xff, 0xff, 0xf1, 0x97,
    0x00, 0x00, 0x1f, 0xff, 0xff, 0xf4, 0xba, 0x77, 0x77, 0x8f, 0xff, 0xff, 0xf6, 0xaf, 0xff, 0xff,
    0xff, 0xff, 0xff, 0xf4, 0x7f, 0xff, 0xff, 0xff, 0xff, 0xff, 0xf1, 0x1f, 0xff, 0xff, 0xff, 0xff,
    0xff, 0xa0, 0x05, 0xff, 0xff, 0xff, 0xff, 0xfe, 0x10, 0x00, 0x6f, 0xff, 0xff, 0xff, 0xd3, 0x00,
    0x00, 0x02, 0x9d, 0xff, 0xc7, 0x00, 0x00, 0x00, 0x00, 0x00, 0x00, 0x00, 0x00, 0x00, 0x00, 0x00,
    0x00, 0x20, 0x00, 0x00, 0x00, 0x00, 0x00, 0x1b, 0x00, 0x00, 0x00, 0x00, 0x00, 0x08, 0x73, 0x00,
    0x00, 0x00, 0x00, 0x02, 0xb1, 0xc0, 0x00, 0x00, 0x00, 0x01, 0xd7, 0x0c, 0x90, 0x00, 0x00, 0x05,
    0xeb, 0x20, 0x5d, 0xc3, 0x00, 0x5b, 0x50, 0x00, 0x00, 0x02, 0x7b, 0x20, 0x4b, 0xa5, 0x00, 0x16,
    0xb9, 0x20, 0x00, 0x06, 0xf5, 0x0a, 0xe3, 0x00, 0x00, 0x00, 0x06, 0xa0, 0xe2, 0x00, 0x00, 0x00,
    0x00, 0x0b, 0x47, 0x00, 0x00, 0x00, 0x00, 0x00, 0x4b, 0x00, 0x00, 0x00, 0x00, 0x00, 0x00, 0x60,
    0x00, 0x00, 0x00, 0x00, 0x00, 0x00, 0x01, 0x23, 0x45, 0x61, 0x4a, 0xbc, 0xdf, 0xff, 0xff, 0xff,
    0xf2, 0x7f, 0xdb, 0x98, 0x6a, 0xfc, 0x74, 0x30, 0x00, 0x00, 0x00, 0x9e, 0x50, 0x00, 0x00, 0x00,
    0x00, 0x08, 0xe2, 0x00, 0x00, 0x00, 0x00, 0x00, 0x1f, 0x40, 0x00, 0x00, 0x00, 0x00, 0x00, 0x6e,
    0x00, 0x00, 0x00, 0x00, 0x00, 0x00, 0x9c, 0x00, 0x00, 0x00, 0x00, 0x00, 0x00, 0x8e, 0x00, 0x00,
    0x00, 0x00, 0x00, 0x00, 0x4f, 0x50, 0x00, 0x00, 0x00, 0x00, 0x00, 0x0d, 0xe4, 0x00, 0x00, 0x00,
    0x00, 0x00, 0x02, 0xdf, 0xc7, 0x40, 0x00, 0x00, 0x00, 0x00, 0x06, 0xcf, 0xc0, 0x00, 0x00, 0x00,
    0x00, 0x00, 0x00, 0x20, 0x00, 0x00, 0x00, 0x00, 0x00, 0x00, 0xb5, 0x00, 0x06, 0x91, 0x00, 0x03,
    0x35, 0xe0, 0x00, 0x9f, 0xf7, 0x00, 0x6d, 0x02, 0x00, 0x00, 0x2c, 0x80, 0x00, 0xa1, 0x00, 0x00,
    0x00, 0x00, 0x00, 0x00, 0x00, 0x00, 0xc7, 0x00, 0x00, 0x00, 0x0a, 0x30, 0x2c, 0xfd, 0x20, 0x00,
    0x08, 0xf7, 0x00, 0x05, 0xc0, 0x00, 0x05, 0xfb, 0x00, 0x00, 0x00, 0x00, 0x07, 0xfd, 0x10, 0x00,
    0x00, 0x00, 0x2b, 0xfc, 0x10, 0x00, 0x00, 0x03, 0xaf, 0xf9, 0x00, 0x00, 0x00, 0x9e, 0xff, 0xd4,
    0x00, 0x00, 0x00, 0x0a, 0xfa, 0x40, 0x00, 0x00, 0x00, 0x00, 0x10, 0x00, 0x00, 0x00, 0x00, 0x00,
    0x00, 0x00, 0x00, 0x00, 0x00, 0x36, 0x08, 0x40, 0x00, 0x00, 0x00, 0x00, 0x00, 0x2f, 0x18, 0xb0,
    0x00, 0x00, 0x00, 0x00, 0x00, 0x08, 0x21, 0x60, 0x00, 0x00, 0x04, 0x40, 0x00, 0x24, 0x00, 0x00,
    0x18, 0x40, 0x0d, 0xe1, 0x00, 0x7f, 0x50, 0x00, 0x0d, 0xe0, 0x03, 0xf9, 0x00, 0x9f, 0x20, 0x00,
    0x03, 0xf7, 0x00, 0x9d, 0x00, 0xde, 0x00, 0x00, 0x00, 0x86, 0x00, 0x00, 0x02, 0xfa, 0x00, 0x00,
    0x00, 0x00, 0x00, 0x00, 0x07, 0xf4, 0x00, 0x00, 0x00, 0x00, 0x00, 0x00, 0x0e, 0xd0, 0x00, 0x00,
    0x00, 0x00, 0x00, 0x00, 0x8f, 0x50, 0x00, 0x00, 0x00, 0x00, 0x00, 0x07, 0xfa, 0x00, 0x00, 0x00,
    0x00, 0x00, 0x01, 0xaf, 0xb0, 0x00, 0x00, 0x00, 0x00, 0x03, 0x9f, 0xf8, 0x00, 0x00, 0x00, 0x00,
    0x00, 0x0a, 0xfb, 0x30, 0x00, 0x00, 0x00, 0x00, 0x00, 0x01, 0x10, 0x00, 0x00, 0x00, 0x00, 0x00,
    0x00, 0x00, 0x4b, 0x20, 0x06, 0x90, 0x00, 0x00, 0x00, 0x00, 0x8f, 0x30, 0x08, 0xf7, 0x00, 0x00,
    0x00, 0x00, 0xce, 0x00, 0x00, 0xcf, 0x20, 0x00, 0x00, 0x02, 0xf8, 0x00, 0x00, 0x2f, 0xc0, 0x00,
    0x00, 0x09, 0xf1, 0x00, 0x00, 0x07, 0xf6, 0x00, 0x00, 0x3f, 0xa0, 0x00, 0x00, 0x00, 0xee, 0x00,
    0x01, 0xdf, 0x20, 0x00, 0x00, 0x00, 0x6f, 0x60, 0x0d, 0xf5, 0x00, 0x00, 0x00, 0x00, 0x0f, 0xc0,
    0x06, 0x60, 0x00, 0x00, 0x00, 0x00, 0x08, 0x80, 0x00, 0x00, 0x00, 0x00, 0x00, 0x00, 0x00, 0xa9,
    0x00, 0x00, 0x00, 0x00, 0x01, 0xf3, 0x00, 0x00, 0x00, 0x00, 0x07, 0xb0, 0x00, 0x00, 0x00, 0x00,
    0x0e, 0x62, 0x22, 0x22, 0x22, 0x21, 0x4d, 0xdd, 0xdd, 0xdd, 0xdd, 0xf6, 0x00, 0x00, 0x00, 0x00,
    0x01, 0xf2, 0x00, 0x00, 0x00, 0x00, 0x04, 0xe0, 0x00, 0x00, 0x00, 0x00, 0x08, 0xa0, 0x00, 0x00,
    0x00, 0x00, 0x0c, 0x70, 0x00, 0x00, 0x00, 0x00, 0x0f, 0x30, 0x00, 0x00, 0x00, 0x00, 0x6e, 0x00,
    0x00, 0x00, 0x00, 0x13, 0xe7, 0x00, 0x00, 0x00, 0x0b, 0xff, 0x90, 0x00, 0x00, 0x00, 0x01, 0x20,
    0x00, 0x00, 0x00, 0x00, 0x70, 0x00, 0x08, 0x00, 0x00, 0x00, 0x00, 0x00, 0x80, 0x00, 0x27, 0x00,
    0x00, 0x00, 0x00, 0x05, 0x30, 0x00, 0xa9, 0x88, 0x88, 0xc0, 0x00, 0x09, 0x00, 0x06, 0x30, 0x00,
    0x03, 0x30, 0x00, 0x6a, 0x00, 0x46, 0x00, 0x00, 0x08, 0x00, 0x00, 0x88, 0x05, 0x60, 0x00, 0x00,
    0x71, 0x00, 0x09, 0x18, 0x04, 0x68, 0x88, 0x8d, 0xd8, 0x82, 0x74, 0x08, 0x00, 0x00, 0x00, 0x00,
    0x00, 0x04, 0x20, 0x08, 0x00, 0x00, 0x00, 0x00, 0x00, 0x04, 0x00, 0x08, 0x00, 0x00, 0x00, 0x00,
    0x00, 0x04, 0x00, 0x08, 0x00, 0x28, 0x88, 0x88, 0x88, 0x95, 0x00, 0x08, 0x00, 0x00, 0x00, 0x00,
    0x00, 0x04, 0x00, 0x08, 0x00, 0x00, 0x00, 0x00, 0x00, 0x04, 0x00, 0x08, 0x00, 0x00, 0x00, 0x00,
    0x00, 0x04, 0x00, 0x08, 0x00, 0x88, 0x88, 0x88, 0x88, 0x95, 0x00, 0x08, 0x00, 0x00, 0x00, 0x00,
    0x00, 0x04, 0x00, 0x00, 0x25, 0x00, 0x00, 0x53, 0x00, 0x00, 0x00, 0x00, 0x00, 0x80, 0x00, 0x00,
    0x0a, 0x00, 0x00, 0x00, 0x00, 0x00, 0x70, 0x00, 0x00, 0x07, 0x20, 0x00, 0x00, 0x00, 0x07, 0x13,
    0x88, 0x8e, 0x88, 0x8d, 0x88, 0x81, 0x00, 0x2d, 0x00, 0x00, 0x08, 0x00, 0x08, 0x00, 0x00, 0x00,
    0x98, 0x00, 0x00, 0x08, 0x00, 0x08, 0x00, 0x00, 0x08, 0x28, 0x00, 0x04, 0x08, 0x00, 0x08, 0x12,
    0x00, 0x54, 0x08, 0x00, 0x44, 0x08, 0x00, 0x08, 0x08, 0x00, 0x00, 0x08, 0x00, 0x80, 0x08, 0x00,
    0x08, 0x06, 0x20, 0x00, 0x08, 0x00, 0x80, 0x08, 0x00, 0x08, 0x01, 0x80, 0x00, 0x08, 0x07, 0x20,
    0x08, 0x00, 0x08, 0x00, 0x90, 0x00, 0x08, 0x17, 0x00, 0x53, 0x00, 0x08, 0x00, 0x41, 0x00, 0x08,
    0x00, 0x00, 0x90, 0x00, 0x08, 0x00, 0x00, 0x00, 0x08, 0x00, 0x06, 0x30, 0x00, 0x08, 0x00, 0x00,
    0x00, 0x08, 0x00, 0x46, 0x00, 0x00, 0x08, 0x00, 0x00, 0x00, 0x08, 0x04, 0x60, 0x00, 0x57, 0x75,
    0x00, 0x00, 0x00, 0x00, 0x00, 0x00, 0x00, 0x00, 0x00, 0x00, 0x00, 0x00, 0x00, 0x00, 0x00, 0x10,
    0x00, 0x10, 0x00, 0x00, 0x00, 0x00, 0x00, 0x09, 0x00, 0x08, 0x10, 0x00, 0xa8, 0x88, 0xc0, 0x06,
    0x30, 0x00, 0x09, 0x00, 0x08, 0x00, 0x08, 0x01, 0x80, 0x00, 0x00, 0x18, 0x00, 0x80, 0x00, 0x80,
    0x90, 0x00, 0x00, 0x00, 0x55, 0x08, 0x00, 0x08, 0x83, 0x30, 0x00, 0x00, 0x40, 0x80, 0x80, 0x00,
    0x80, 0x03, 0x40, 0x00, 0x44, 0x00, 0x08, 0x00, 0x08, 0x00, 0x08, 0x00, 0x09, 0x00, 0x00, 0x80,
    0x00, 0x80, 0x00, 0x71, 0x01, 0x70, 0x00, 0x08, 0x00, 0x08, 0x00, 0x00, 0x80, 0x81, 0x00, 0x00,
    0xa8, 0x88, 0xb0, 0x00, 0x06, 0x57, 0x00, 0x00, 0x08, 0x00, 0x00, 0x00, 0x00, 0x0f, 0x00, 0x00,
    0x00, 0x60, 0x00, 0x00, 0x00, 0x09, 0x39, 0x00, 0x00, 0x00, 0x00, 0x00, 0x00, 0x09, 0x20, 0x29,
    0x00, 0x00, 0x00, 0x00, 0x00, 0x39, 0x10, 0x00, 0x2a, 0x20, 0x00, 0x00, 0x01, 0x97, 0x00, 0x00,
    0x00, 0x08, 0x91, 0x00, 0x00, 0x01, 0x00, 0x00, 0x00, 0x00, 0x01, 0x00, 0x00, 0x00, 0x05, 0x10,
    0x02, 0x22, 0x22, 0x21, 0x98, 0x89, 0x00, 0x90, 0x06, 0x66, 0x66, 0x6b, 0x80, 0x08, 0x00, 0x17,
    0x00, 0x00, 0x00, 0x08, 0x80, 0x08, 0x05, 0x08, 0x88, 0x04, 0x40, 0x08, 0x80, 0x08, 0x08, 0x00,
    0x06, 0x07, 0x10, 0x08, 0x80, 0x08, 0x08, 0x78, 0x8e, 0x49, 0x33, 0x18, 0x80, 0x08, 0x08, 0x39,
    0x26, 0x1b, 0x6e, 0x28, 0x80, 0x08, 0x08, 0x17, 0x04, 0x45, 0x08, 0x08, 0x80, 0x08, 0x08, 0x1d,
    0x89, 0x31, 0x08, 0x08, 0x80, 0x08, 0x08, 0x17, 0x04, 0x08, 0x26, 0x08, 0xa8, 0x8a, 0x08, 0x1d,
    0x79, 0x05, 0x73, 0x08, 0x80, 0x00, 0x08, 0x17, 0x04, 0x00, 0xf0, 0x08, 0x80, 0x00, 0x08, 0x3c,
    0x8d, 0x60, 0xf2, 0x08, 0x00, 0x00, 0x08, 0x63, 0x04, 0x04, 0x58, 0x08, 0x00, 0x00, 0x08, 0x00,
    0x04, 0x09, 0x03, 0x08, 0x00, 0x00, 0x08, 0x00, 0x02, 0x71, 0x08, 0x86, 0x00, 0x00, 0x00, 0x00,
    0x00, 0x00, 0x00, 0x00, 0x00, 0x07, 0x00, 0x00, 0x00, 0x00, 0x00, 0x00, 0x00, 0x00, 0x08, 0x00,
    0x58, 0x88, 0xb2, 0x88, 0x8a, 0x60, 0x00, 0x08, 0x00, 0x00, 0x00, 0x70, 0x00, 0x06, 0x10, 0x00,
    0x08, 0x00, 0x17, 0x06, 0x20, 0x72, 0x08, 0x00, 0x07, 0x8f, 0x85, 0x01, 0x9c, 0x00, 0x07, 0xc3,
    0x00, 0x00, 0x08, 0x00, 0x00, 0x96, 0x70, 0x03, 0xb9, 0x00, 0x00, 0x08, 0x00, 0x19, 0x20, 0x30,
    0x48, 0x01, 0x90, 0x00, 0x08, 0x00, 0x41, 0x00, 0x07, 0x60, 0x00, 0x00, 0x00, 0x08, 0x00, 0x00,
    0x00, 0x00, 0x00, 0x00, 0x00, 0x00, 0x08, 0x00, 0x78, 0x88, 0xc5, 0x88, 0x88, 0xb0, 0x00, 0x08,
    0x00, 0x00, 0x01, 0x71, 0x60, 0x04, 0x30, 0x00, 0x08, 0x57, 0x56, 0x07, 0x10, 0x80, 0x08, 0x00,
    0x03, 0x8b, 0x30, 0x02, 0xb8, 0x00, 0x36, 0x63, 0x00, 0x05, 0x00, 0x00, 0x00, 0x99, 0x30, 0x0d,
    0x70, 0x00, 0x00, 0x00, 0x00, 0x19, 0x10, 0x60, 0x75, 0x82, 0x00, 0x00, 0x00, 0x06, 0x70, 0x00,
    0x58, 0x20, 0x07, 0x80, 0x00, 0x00, 0x00, 0x00, 0x00, 0x10, 0x00, 0x00, 0x10, 0x00, 0x07, 0x00,
    0x00, 0x00, 0x00, 0x00, 0x00, 0x00, 0x00, 0x80, 0x05, 0x88, 0xbb, 0x8c, 0xa8, 0x86, 0x00, 0x08,
    0x00, 0x00, 0x04, 0x40, 0x53, 0x00, 0x00, 0x00, 0x80, 0x00, 0x88, 0xcc, 0x8d, 0xa8, 0x82, 0x07,
    0x8f, 0x88, 0x27, 0x04, 0x40, 0x53, 0x03, 0x50, 0x00, 0x80, 0x01, 0x70, 0x44, 0x05, 0x30, 0x35,
    0x00, 0x08, 0x00, 0x17, 0x04, 0x40, 0x53, 0x03, 0x50, 0x00, 0x80, 0x01, 0xa8, 0xba, 0x8b, 0xa8,
    0x94, 0x00, 0x08, 0x00, 0x00, 0x00, 0x70, 0x00, 0x00, 0x00, 0x00, 0x80, 0x00, 0x00, 0x36, 0x00,
    0x00, 0x00, 0x00, 0x08, 0x00, 0x78, 0x8f, 0x88, 0x8b, 0xc8, 0x60, 0x00, 0x84, 0x70, 0x06, 0x30,
    0x00, 0x91, 0x00, 0x01, 0x7a, 0x40, 0x03, 0x80, 0x00, 0x37, 0x00, 0x00, 0x71, 0x00, 0x00, 0x27,
    0x87, 0x59, 0x00, 0x00, 0x00, 0x00, 0x00, 0x00, 0x01, 0x9e, 0x96, 0x00, 0x00, 0x00, 0x00, 0x03,
    0x68, 0x71, 0x00, 0x28, 0x70, 0x00, 0x00, 0x00, 0x41, 0x00, 0x00, 0x00, 0x02, 0x20, 0x00, 0x00,
    0x59, 0x00, 0x00, 0x00, 0x08, 0x00, 0x00, 0x00, 0x47, 0x48, 0x10, 0x08, 0x40, 0x80, 0x00, 0x00,
    0x75, 0x00, 0x07, 0x50, 0x05, 0x88, 0x00, 0x05, 0x94, 0x22, 0x22, 0x24, 0x30, 0x01, 0x80, 0x00,
    0x00, 0x45, 0x5d, 0x55, 0x12, 0x71, 0x08, 0x00, 0x00, 0x00, 0x00, 0x80, 0x00, 0x01, 0x83, 0x80,
    0x00, 0x08, 0x88, 0x8f, 0x88, 0x80, 0x00, 0x08, 0x00, 0x00, 0x06, 0x00, 0x80, 0x50, 0x02, 0x46,
    0xf7, 0x72, 0x01, 0x80, 0x08, 0x06, 0x36, 0x53, 0x18, 0x00, 0x00, 0x91, 0x00, 0x70, 0x05, 0x00,
    0x00, 0x80, 0x00, 0x00, 0x16, 0x51, 0x00, 0x50, 0x00, 0x03, 0x00, 0x00, 0x00, 0x00, 0x00, 0x08,
    0x00, 0x00, 0x00, 0x00, 0x00, 0x78, 0x88, 0x88, 0xf8, 0x88, 0x88, 0x70, 0x00, 0x00, 0x00, 0x00,
    0x08, 0x00, 0x00, 0x00, 0x00, 0x00, 0x00, 0x00, 0x00, 0x80, 0x00, 0x00, 0x00, 0x06, 0xcc, 0xcc,
    0xcc, 0xcf, 0xcc, 0xcc, 0xcc, 0xc2, 0x00, 0x00, 0x51, 0x00, 0x00, 0x00, 0x00, 0x00, 0x00, 0x04,
    0x88, 0xea, 0x88, 0x38, 0x8b, 0xa8, 0x8b, 0x10, 0x00, 0x00, 0x62, 0x00, 0x00, 0x06, 0x20, 0x07,
    0x00, 0x00, 0x00, 0x62, 0x00, 0x00, 0x08, 0x00, 0x08, 0x00, 0x01, 0x88, 0xea, 0x87, 0x00, 0x08,
    0x00, 0x08, 0x00, 0x00, 0x00, 0x62, 0x00, 0x00, 0x17, 0x00, 0x08, 0x00, 0x03, 0x44, 0xb6, 0x44,
    0x20, 0x81, 0x00, 0x08, 0x00, 0x02, 0x44, 0xa6, 0x44, 0x28, 0x40, 0x00, 0x08, 0x00, 0x00, 0x00,
    0x41, 0x04, 0x23, 0x00, 0x47, 0x71, 0x00, 0x00, 0x00, 0x00, 0x36, 0x00, 0x00, 0x00, 0x00, 0x00,
    0x08, 0x88, 0x88, 0xf8, 0x88, 0x88, 0x9a, 0x88, 0x81, 0x00, 0x00, 0x08, 0x10, 0x00, 0x00, 0x81,
    0x00, 0x00, 0x00, 0x00, 0x94, 0x00, 0x00, 0x06, 0x50, 0x00, 0x00, 0x00, 0x00, 0x77, 0x88, 0x87,
    0xb4, 0x00, 0x00, 0x00, 0x00, 0x00, 0x00, 0x26, 0x89, 0x68, 0x86, 0x20, 0x00, 0x06, 0x88, 0x88,
    0x62, 0x00, 0x00, 0x02, 0x79, 0x40, 0x00, 0x00, 0x00, 0x00, 0x00, 0x00, 0x00, 0x00, 0x00, 0x00,
    0x09, 0x00, 0x00, 0x00, 0x00, 0x00, 0x00, 0x00, 0x00, 0x90, 0x00, 0x18, 0x88, 0x88, 0x8a, 0xb0,
    0x00, 0x08, 0x00, 0x00, 0x12, 0x00, 0x03, 0x80, 0x00, 0x12, 0x91, 0x20, 0x00, 0x68, 0x26, 0x60,
    0x00, 0x06, 0xab, 0x6a, 0x40, 0x00, 0x09, 0xb1, 0x00, 0x00, 0x06, 0x10, 0x53, 0x88, 0x88, 0xd9,
    0xd8, 0xb4, 0x00, 0x80, 0x07, 0x18, 0x00, 0x08, 0x00, 0x03, 0x50, 0x08, 0x00, 0x80, 0x80, 0x00,
    0x80, 0x00, 0x35, 0x02, 0x60, 0x09, 0x0c, 0x88, 0x8f, 0x88, 0x8c, 0x50, 0x82, 0x01, 0x80, 0x80,
    0x00, 0x80, 0x00, 0x35, 0x02, 0x84, 0x63, 0x08, 0x00, 0x08, 0x00, 0x03, 0x50, 0x00, 0x5f, 0x00,
    0x80, 0x00, 0x80, 0x00, 0x35, 0x00, 0x04, 0x89, 0x0c, 0x88, 0x8f, 0x88, 0x8c, 0x50, 0x01, 0xa0,
    0x23, 0x80, 0x00, 0x80, 0x00, 0x35, 0x00, 0xa1, 0x00, 0x08, 0x00, 0x08, 0x00, 0x03, 0x50, 0x92,
    0x00, 0x00, 0x80, 0x00, 0x80, 0x78, 0x93, 0x00, 0x09, 0x00, 0x00, 0x50, 0x00, 0x00, 0x00, 0x00,
    0x00, 0x08, 0x00, 0x00, 0x87, 0x88, 0xd8, 0x88, 0x70, 0x00, 0x26, 0x00, 0x04, 0x40, 0x00, 0x80,
    0x00, 0x00, 0x00, 0x44, 0x00, 0x08, 0x00, 0x00, 0x80, 0x00, 0x00, 0x08, 0xfa, 0x8d, 0x0e, 0x09,
    0x88, 0xf8, 0x88, 0x80, 0x00, 0x80, 0x09, 0x5b, 0x08, 0x00, 0x80, 0x00, 0x80, 0x00, 0x80, 0x09,
    0x98, 0x09, 0x88, 0xf8, 0x88, 0x80, 0x01, 0x70, 0x17, 0x08, 0x08, 0x00, 0x80, 0x00, 0x80, 0x05,
    0x20, 0x44, 0x08, 0x08, 0x00, 0x80, 0x00, 0x80, 0x0d, 0x00, 0x81, 0x08, 0x08, 0x88, 0xf8, 0x88,
    0x70, 0x01, 0x93, 0x90, 0x08, 0x02, 0x00, 0x80, 0x00, 0x00, 0x00, 0x0b, 0xb0, 0x08, 0x05, 0x40,
    0x80, 0x00, 0x00, 0x00, 0x09, 0x76, 0x08, 0x00, 0x67, 0x50, 0x00, 0x00, 0x00, 0x65, 0x06, 0x58,
    0x00, 0x0e, 0x70, 0x00, 0x00, 0x04, 0x70, 0x00, 0x28, 0x00, 0x74, 0x28, 0x50, 0x00, 0x47, 0x00,
    0x00, 0x08, 0x08, 0x40, 0x00, 0x28, 0x80, 0x00, 0x00, 0x00, 0x00, 0x00, 0x00, 0x00, 0x00, 0x00,
    0x00, 0x06, 0x00, 0x00, 0x00, 0x00, 0x00, 0x00, 0x00, 0x08, 0x00, 0x18, 0x88, 0x88, 0x88, 0x89,
    0x00, 0x08, 0x00, 0x00, 0x00, 0x00, 0x00, 0x08, 0x80, 0x08, 0x07, 0x02, 0x33, 0x33, 0x30, 0x08,
    0x90, 0x08, 0x08, 0x04, 0x55, 0x55, 0x50, 0x08, 0x90, 0x08, 0x08, 0x00, 0x00, 0x00, 0x00, 0x08,
    0x90, 0x08, 0x08, 0x00, 0x98, 0x88, 0x70, 0x08, 0x90, 0x08, 0x08, 0x00, 0x80, 0x00, 0x70, 0x08,
    0x90, 0x08, 0x08, 0x00, 0x80, 0x00, 0x70, 0x08, 0x90, 0x08, 0x08, 0x00, 0x80, 0x00, 0x70, 0x08,
    0x90, 0x08, 0x08, 0x00, 0x80, 0x00, 0x70, 0x08, 0x90, 0x08, 0x08, 0x00, 0xc8, 0x88, 0x90, 0x08,
    0x90, 0x1a, 0x4a, 0x00, 0x80, 0x00, 0x00, 0x08, 0x77, 0x67, 0x49, 0x00, 0x20, 0x00, 0x00, 0x08,
    0x00, 0x00, 0x00, 0x00, 0x00, 0x00, 0x00, 0x08, 0x00, 0x00, 0x00, 0x00, 0x00, 0x00, 0x98, 0x85,
    0x00, 0x20, 0x00, 0x00, 0x44, 0x00, 0x00, 0x02, 0x00, 0x00, 0x80, 0x00, 0x00, 0x44, 0x00, 0x00,
    0x08, 0x00, 0x00, 0x80, 0x00, 0x00, 0x44, 0x00, 0x00, 0x08, 0x00, 0x00, 0x68, 0x88, 0x88, 0xaa,
    0x88, 0x88, 0x86, 0x00, 0x00, 0x00, 0x61, 0x00, 0x00, 0x00, 0x80, 0x20, 0x00, 0x04, 0x44, 0x4d,
    0x44, 0x30, 0x00, 0x80, 0x81, 0x00, 0x04, 0x44, 0x45, 0x44, 0x40, 0x00, 0x80, 0x07, 0x00, 0x00,
    0x78, 0x88, 0x88, 0x18, 0x88, 0xf8, 0x88, 0x80, 0x00, 0x80, 0x00, 0x05, 0x30, 0x01, 0x70, 0x00,
    0x00, 0x00, 0x80, 0x00, 0x05, 0x30, 0x03, 0x54, 0x00, 0x00, 0x00, 0xa8, 0x8a, 0x8a, 0x20, 0x07,
    0x26, 0x00, 0x00, 0x00, 0x11, 0x07, 0x12, 0x00, 0x08, 0x16, 0x00, 0x00, 0x00, 0x81, 0x07, 0x09,
    0x00, 0x36, 0x16, 0x00, 0x00, 0x01, 0x80, 0x07, 0x05, 0x30, 0x90, 0x16, 0x00, 0x60, 0x05, 0x10,
    0x07, 0x00, 0x28, 0x30, 0x16, 0x00, 0x80, 0x00, 0x07, 0x85, 0x00, 0x75, 0x00, 0x0a, 0x88, 0x90,
    0x00, 0x00, 0x00, 0x00, 0x00, 0x00, 0x00, 0x00, 0x00, 0x00, 0x50, 0x00, 0x00, 0x07, 0x00, 0x70,
    0x00, 0x00, 0x07, 0x00, 0x06, 0x89, 0xf8, 0x8f, 0x88, 0x70, 0x00, 0x70, 0x00, 0x00, 0x07, 0x00,
    0x80, 0x00, 0x06, 0x07, 0x06, 0x00, 0x01, 0x50, 0x05, 0x00, 0x00, 0x70, 0x70, 0x71, 0x88, 0x88,
    0x88, 0x88, 0x89, 0x07, 0x07, 0x07, 0x18, 0x01, 0x22, 0x22, 0x20, 0x80, 0x70, 0x70, 0x71, 0x20,
    0x56, 0x66, 0x66, 0x02, 0x07, 0x07, 0x07, 0x10, 0x33, 0x34, 0x33, 0x33, 0x10, 0x70, 0x70, 0x71,
    0x14, 0x47, 0xc5, 0x44, 0x42, 0x07, 0x07, 0x07, 0x10, 0x28, 0xa2, 0x00, 0x18, 0x10, 0x70, 0x70,
    0x71, 0x46, 0x02, 0xc1, 0x97, 0x00, 0x07, 0x07, 0x07, 0x10, 0x07, 0x62, 0xe3, 0x50, 0x00, 0x70,
    0x82, 0xa1, 0x47, 0x11, 0x89, 0x08, 0x00, 0x06, 0x88, 0x6a, 0x00, 0x05, 0x60, 0x70, 0x27, 0x00,
    0x00, 0x00, 0x00, 0x67, 0x20, 0x08, 0x00, 0x48, 0x00, 0x00, 0x00, 0x01, 0x02, 0x78, 0x40, 0x00,
    0x10, 0x00, 0x00, 0x00, 0x00, 0x00, 0x00, 0x00, 0x00, 0x00, 0x00, 0x01, 0x00, 0x00, 0x00, 0x00,
    0x00, 0x00, 0x00, 0x00, 0x80, 0x00, 0x00, 0x09, 0x00, 0x00, 0x00, 0x00, 0x08, 0x00, 0x00, 0x02,
    0x60, 0x00, 0x00, 0x00, 0x00, 0x80, 0x00, 0x00, 0xa9, 0x88, 0x8a, 0x90, 0x03, 0x18, 0x35, 0x00,
    0x54, 0x00, 0x00, 0x81, 0x00, 0x71, 0x80, 0x90, 0x28, 0x00, 0x00, 0x36, 0x00, 0x08, 0x08, 0x08,
    0x29, 0x00, 0x00, 0x09, 0x00, 0x00, 0x80, 0x80, 0x10, 0x38, 0x88, 0x8f, 0x98, 0x83, 0x26, 0x08,
    0x00, 0x00, 0x00, 0x00, 0x00, 0x02, 0x60, 0x00, 0x80, 0x00, 0x00, 0x00, 0x00, 0x00, 0x26, 0x00,
    0x08, 0x00, 0x00, 0x00, 0x00, 0x00, 0x02, 0x60, 0x00, 0x80, 0x00, 0x08, 0x88, 0x88, 0x88, 0xa7,
    0x00, 0x08, 0x00, 0x00, 0x00, 0x00, 0x00, 0x02, 0x60, 0x00, 0x80, 0x00, 0x00, 0x00, 0x00, 0x00,
    0x26, 0x00, 0x08, 0x00, 0x00, 0x00, 0x00, 0x00, 0x02, 0x60, 0x00, 0x80, 0x00, 0x58, 0x88, 0x88,
    0x88, 0xa7, 0x00, 0x08, 0x00, 0x00, 0x00, 0x00, 0x00, 0x02, 0x60, 0x00, 0x01, 0x00, 0x00, 0x00,
    0x01, 0x00, 0x00, 0x00, 0x00, 0x08, 0x00, 0x00, 0x00, 0x08, 0x00, 0x00, 0x00, 0x00, 0x08, 0x00,
    0x00, 0x00, 0x08, 0x00, 0x00, 0x00, 0x00, 0x08, 0x00, 0x04, 0x88, 0x8f, 0x88, 0x88, 0x00, 0x02,
    0x18, 0x71, 0x00, 0x00, 0x08, 0x00, 0x00, 0x00, 0x06, 0x18, 0x08, 0x00, 0x00, 0x08, 0x00, 0x00,
    0x00, 0x08, 0x08, 0x08, 0x38, 0x88, 0x8c, 0x88, 0x88, 0x60, 0x08, 0x08, 0x01, 0x00, 0x08, 0x00,
    0x06, 0x00, 0x00, 0x17, 0x08, 0x00, 0x01, 0x91, 0x61, 0x01, 0x82, 0x00, 0x00, 0x08, 0x00, 0x49,
    0x02, 0x70, 0x00, 0x08, 0x30, 0x00, 0x08, 0x00, 0x30, 0x0d, 0x88, 0x88, 0xc1, 0x40, 0x00, 0x08,
    0x00, 0x00, 0x9a, 0x00, 0x00, 0x90, 0x00, 0x00, 0x08, 0x00, 0x29, 0x13, 0x60, 0x09, 0x20, 0x00,
    0x00, 0x08, 0x00, 0x10, 0x00, 0x65, 0x84, 0x00, 0x00, 0x00, 0x08, 0x00, 0x00, 0x00, 0x2f, 0xa0,
    0x00, 0x00, 0x00, 0x08, 0x00, 0x00, 0x28, 0x70, 0x17, 0x60, 0x00, 0x00, 0x08, 0x00, 0x78, 0x60,
    0x00, 0x00, 0x27, 0x80, 0x00, 0x00, 0x00, 0x10, 0x00, 0x00, 0x00, 0x00, 0x00, 0x00, 0x06, 0x00,
    0x00, 0x00, 0x00, 0x00, 0x00, 0x00, 0x00, 0x08, 0x01, 0x88, 0x8a, 0x48, 0x88, 0x88, 0x50, 0x00,
    0x08, 0x00, 0x00, 0x06, 0x17, 0x00, 0x02, 0x60, 0x00, 0x08, 0x00, 0x00, 0x08, 0x06, 0x20, 0x05,
    0x30, 0x08, 0x8f, 0x85, 0x00, 0x08, 0x03, 0x40, 0x07, 0x10, 0x00, 0x08, 0x00, 0x80, 0x08, 0x00,
    0x70, 0x08, 0x00, 0x00, 0x08, 0x00, 0x36, 0x35, 0x00, 0x70, 0x08, 0x00, 0x00, 0x08, 0x13, 0x06,
    0xa1, 0x00, 0x80, 0x44, 0x00, 0x00, 0x3f, 0x82, 0x00, 0xf0, 0x00, 0x52, 0x80, 0x00, 0x09, 0x68,
    0x00, 0x03, 0x77, 0x00, 0x08, 0x80, 0x00, 0x00, 0x08, 0x00, 0x08, 0x07, 0x20, 0x0f, 0x20, 0x00,
    0x00, 0x08, 0x00, 0x26, 0x00, 0x90, 0x1d, 0x40, 0x00, 0x00, 0x08, 0x00, 0x90, 0x00, 0x51, 0x82,
    0x90, 0x00, 0x00, 0x08, 0x07, 0x30, 0x00, 0x04, 0x60, 0x44, 0x00, 0x00, 0x08, 0x55, 0x00, 0x00,
    0x29, 0x00, 0x09, 0x10, 0x04, 0x88, 0x00, 0x00, 0x02, 0x90, 0x00, 0x00, 0xa1, 0x00, 0x00, 0x00,
    0x00, 0x00, 0x00, 0x00, 0x00, 0x00, 0x00, 0x00, 0x70, 0x00, 0x00, 0x07, 0x00, 0x00, 0x00, 0x00,
    0x08, 0x00, 0x07, 0x00, 0x80, 0x00, 0x00, 0x00, 0x00, 0x80, 0x00, 0x36, 0x08, 0x00, 0x00, 0x00,
    0x00, 0x08, 0x00, 0x00, 0x71, 0x80, 0x00, 0x00, 0x07, 0x88, 0xf8, 0x70, 0x00, 0x08, 0x00, 0x00,
    0x00, 0x00, 0x08, 0x00, 0x48, 0x88, 0xf8, 0x88, 0xe3, 0x00, 0x00, 0x80, 0x00, 0x00, 0x25, 0x00,
    0x06, 0x20, 0x00, 0x08, 0x00, 0x00, 0x05, 0x30, 0x00, 0x71, 0x00, 0x00, 0x83, 0x71, 0x00, 0x71,
    0x50, 0x08, 0x00, 0x15, 0x9f, 0x51, 0x00, 0x08, 0x06, 0x30, 0x80, 0x18, 0x30, 0x80, 0x00, 0x02,
    0x60, 0x09, 0x08, 0x00, 0x00, 0x08, 0x00, 0x00, 0x81, 0x00, 0x13, 0x80, 0x00, 0x00, 0x80, 0x00,
    0x18, 0x00, 0x00, 0x08, 0x00, 0x00, 0x08, 0x00, 0x09, 0x00, 0x00, 0x00, 0x80, 0x00, 0x00, 0x80,
    0x08, 0x30, 0x00, 0x00, 0x26, 0x00, 0x07, 0x75, 0x08, 0x30, 0x00, 0x68, 0x89, 0x10, 0x00, 0x00,
    0x00, 0x00, 0x00, 0x00, 0x00, 0x00, 0x00, 0x00, 0x06, 0x00, 0x00, 0x00, 0x00, 0x00, 0x00, 0x00,
    0x00, 0x08, 0x00, 0x66, 0x01, 0x98, 0x88, 0x88, 0x70, 0x00, 0x08, 0x00, 0x04, 0x82, 0x60, 0x00,
    0x00, 0x00, 0x00, 0x08, 0x00, 0x00, 0x32, 0x60, 0x00, 0x00, 0x00, 0x08, 0x8f, 0x85, 0x00, 0x02,
    0x60, 0x00, 0x00, 0x00, 0x00, 0x08, 0x02, 0x40, 0x02, 0x60, 0x00, 0x00, 0x00, 0x00, 0x08, 0x00,
    0x48, 0x02, 0x60, 0x00, 0x00, 0x00, 0x00, 0x08, 0x13, 0x01, 0x52, 0x60, 0x00, 0x00, 0x00, 0x00,
    0x3f, 0x82, 0x00, 0x02, 0x60, 0x00, 0x00, 0x00, 0x09, 0x68, 0x00, 0x00, 0x02, 0x60, 0x00, 0x00,
    0x00, 0x00, 0x08, 0x00, 0x03, 0x52, 0x60, 0x00, 0x00, 0x00, 0x00, 0x08, 0x00, 0x08, 0x02, 0x60,
    0x00, 0x00, 0x00, 0x00, 0x08, 0x00, 0x36, 0x02, 0x60, 0x00, 0x00, 0x00, 0x00, 0x08, 0x00, 0x90,
    0x02, 0x60, 0x00, 0x00, 0x00, 0x00, 0x08, 0x05, 0x50, 0x02, 0xe8, 0x88, 0x88, 0x81, 0x04, 0x88,
    0x03, 0x00, 0x00, 0x00, 0x00, 0x00, 0x00, 0x00, 0x00, 0x00, 0x00, 0x00, 0x00, 0x00, 0x00, 0x00,
    0x00, 0x00, 0x00, 0x00, 0x00, 0x70, 0x00, 0x00, 0x1c, 0x88, 0x90, 0x00, 0x00, 0x44, 0x00, 0x00,
    0x26, 0x00, 0x80, 0x0c, 0x88, 0x8c, 0x88, 0x70, 0x26, 0x00, 0x80, 0x08, 0x00, 0x00, 0x00, 0x80,
    0x26, 0x00, 0x80, 0x08, 0x00, 0x00, 0x00, 0x80, 0x26, 0x00, 0x80, 0x0d, 0x88, 0x88, 0x88, 0xa0,
    0x2d, 0x88, 0xd0, 0x08, 0x00, 0x00, 0x00, 0x80, 0x26, 0x00, 0x80, 0x08, 0x00, 0x00, 0x00, 0x80,
    0x26, 0x00, 0x80, 0x0d, 0x88, 0xb8, 0x88, 0x80, 0x26, 0x00, 0x80, 0x08, 0x00, 0x70, 0x00, 0x00,
    0x26, 0x00, 0x80, 0x08, 0x00, 0x43, 0x00, 0x83, 0x26, 0x00, 0x80, 0x08, 0x00, 0x08, 0x29, 0x20,
    0x2d, 0x88, 0x70, 0x08, 0x00, 0x05, 0xb0, 0x00, 0x16, 0x00, 0x00, 0x08, 0x00, 0x00, 0x92, 0x00,
    0x00, 0x00, 0x00, 0x08, 0x00, 0x53, 0x09, 0x30, 0x00, 0x00, 0x00, 0x0f, 0x97, 0x30, 0x00, 0x76,
    0x00, 0x00, 0x00, 0x04, 0x00, 0x00, 0x00, 0x00, 0x00, 0x08, 0x88, 0x88, 0x88, 0x88, 0x88, 0x70,
    0x00, 0x00, 0x80, 0x00, 0x00, 0x00, 0x00, 0x08, 0x00, 0x00, 0x0c, 0x88, 0x88, 0x88, 0x88, 0x88,
    0xb0, 0x00, 0x00, 0x80, 0x00, 0x00, 0x00, 0x00, 0x08, 0x00, 0x00, 0x09, 0x88, 0x88, 0x88, 0x88,
    0x88, 0xa0, 0x00, 0x02, 0x55, 0x66, 0x78, 0x88, 0x88, 0x88, 0x10, 0x00, 0x17, 0x52, 0x10, 0x81,
    0x00, 0x04, 0x60, 0x00, 0x00, 0x09, 0x00, 0x01, 0x80, 0x01, 0x80, 0x00, 0x00, 0x68, 0x88, 0xd8,
    0x88, 0x88, 0xb8, 0x86, 0x00, 0x00, 0x00, 0x26, 0x00, 0x00, 0x00, 0x00, 0x00, 0x07, 0x88, 0x8e,
    0xa8, 0x88, 0x88, 0x88, 0x88, 0x50, 0x00, 0x00, 0xf8, 0x88, 0x88, 0x88, 0xa1, 0x00, 0x00, 0x00,
    0x56, 0x93, 0x00, 0x00, 0x38, 0x00, 0x00, 0x00, 0x18, 0x00, 0x68, 0x21, 0x75, 0x00, 0x00, 0x00,
    0x39, 0x00, 0x00, 0x5d, 0xf8, 0x30, 0x00, 0x00, 0x76, 0x06, 0x87, 0x72, 0x00, 0x04, 0x88, 0x83,
    0x00, 0x00, 0x10, 0x00, 0x00, 0x00, 0x00, 0x00, 0x00, 0x00, 0xc8, 0x88, 0x88, 0x88, 0x88, 0x8c,
    0x00, 0x00, 0x80, 0x00, 0x00, 0x00, 0x00, 0x08, 0x00, 0x00, 0xc8, 0x88, 0x88, 0x88, 0x88, 0x8c,
    0x00, 0x00, 0x80, 0x00, 0x00, 0x00, 0x00, 0x08, 0x00, 0x00, 0x98, 0xb8, 0x88, 0x88, 0x8b, 0x89,
    0x00, 0x00, 0x04, 0x60, 0x00, 0x00, 0x37, 0x00, 0x00, 0x00, 0x28, 0x00, 0x80, 0x02, 0x80, 0x08,
    0x10, 0x04, 0xb4, 0x5b, 0x20, 0x4d, 0x68, 0xd3, 0x00, 0x07, 0x54, 0xb3, 0x00, 0x33, 0x18, 0x32,
    0x00, 0x00, 0x09, 0x20, 0x80, 0x00, 0x82, 0x07, 0x20, 0x04, 0xc6, 0x68, 0xb6, 0x4e, 0x98, 0x88,
    0xd0, 0x08, 0x63, 0x10, 0x06, 0x33, 0x00, 0x01, 0x31, 0x00, 0x80, 0x06, 0x00, 0x08, 0x00, 0x08,
    0x00, 0x07, 0x10, 0x03, 0x40, 0x04, 0x30, 0x01, 0x70, 0x46, 0x00, 0x00, 0x70, 0x00, 0x70, 0x00,
    0x61, 0x00, 0x00, 0x00, 0x00, 0x00, 0x00, 0x00, 0x00, 0x00, 0x00, 0x00, 0x06, 0x00, 0x00, 0x80,
    0x00, 0x08, 0x88, 0xa0, 0x00, 0x80, 0x00, 0x09, 0x00, 0x00, 0x80, 0x07, 0x48, 0xae, 0xa8, 0x52,
    0x70, 0x00, 0x08, 0x00, 0x71, 0x07, 0x23, 0x00, 0x6c, 0x8d, 0x81, 0x80, 0x07, 0x10, 0x90, 0x45,
    0x08, 0x00, 0x80, 0x08, 0x00, 0x71, 0xa9, 0x87, 0xe0, 0xe0, 0x08, 0x00, 0xa7, 0x7e, 0x15, 0x20,
    0x02, 0x7a, 0x00, 0x80, 0x08, 0x11, 0x81, 0x78, 0x88, 0xa4, 0x53, 0x08, 0x00, 0x80, 0x07, 0x18,
    0x00, 0x09, 0x01, 0x63, 0x50, 0x08, 0x00, 0x71, 0xc8, 0x88, 0xd0, 0x08, 0x62, 0x00, 0x80, 0x07,
    0x18, 0x00, 0x09, 0x00, 0x79, 0x00, 0x08, 0x00, 0x71, 0x80, 0x00, 0x90, 0x03, 0xf0, 0x00, 0xb8,
    0x88, 0x0c, 0x88, 0x8c, 0x00, 0x5c, 0x00, 0x08, 0x00, 0x00, 0x80, 0x00, 0x90, 0x09, 0x35, 0x00,
    0x00, 0x00, 0x08, 0x00, 0x09, 0x07, 0x30, 0x91, 0x00, 0x00, 0x00, 0x80, 0x37, 0x95, 0x60, 0x00,
    0xa0, 0x00, 0x00, 0x00, 0x00, 0x00, 0x10, 0x00, 0x00, 0x00, 0x00, 0x00, 0x70, 0x00, 0x00, 0x00,
    0x00, 0x00, 0x00, 0x00, 0x08, 0x00, 0xb8, 0x88, 0x88, 0x88, 0xc2, 0x00, 0x00, 0x80, 0x08, 0x00,
    0x00, 0x00, 0x06, 0x20, 0x00, 0x08, 0x00, 0x80, 0x00, 0x00, 0x80, 0x62, 0x06, 0x8a, 0xf8, 0x58,
    0x02, 0x00, 0x35, 0x06, 0x20, 0x00, 0x5c, 0x00, 0x80, 0x52, 0x07, 0x10, 0x62, 0x00, 0x08, 0xf1,
    0x08, 0x00, 0x80, 0x80, 0x06, 0x20, 0x00, 0x88, 0x80, 0x80, 0x02, 0x78, 0x00, 0x62, 0x00, 0x44,
    0x84, 0x48, 0x00, 0x0c, 0x50, 0x06, 0x20, 0x08, 0x08, 0x02, 0x80, 0x00, 0x98, 0x00, 0x62, 0x02,
    0x60, 0x80, 0x08, 0x00, 0x26, 0x35, 0x06, 0x20, 0x90, 0x08, 0x00, 0x80, 0x08, 0x00, 0x80, 0x62,
    0x04, 0x00, 0x80, 0x08, 0x02, 0x60, 0x02, 0x76, 0x20, 0x00, 0x08, 0x00, 0x80, 0xa0, 0x00, 0x01,
    0x62, 0x00, 0x00, 0x80, 0x08, 0x02, 0x00, 0x00, 0x06, 0x20, 0x00, 0x08, 0x00, 0x80, 0x00, 0x00,
    0x98, 0xa0, 0x00, 0x00, 0x00, 0x00, 0x00, 0x00, 0x00, 0x00, 0x00, 0x00, 0x00, 0x00, 0x00, 0x00,
    0x00, 0x00, 0x00, 0x00, 0x00, 0x70, 0x00, 0x00, 0x00, 0x80, 0x00, 0x00, 0x00, 0x07, 0x00, 0x00,
    0x00, 0x08, 0x00, 0x00, 0x00, 0x00, 0x70, 0x00, 0x00, 0x00, 0x80, 0x00, 0x00, 0x57, 0x8f, 0x75,
    0x08, 0x88, 0x8f, 0x88, 0x83, 0x00, 0x16, 0xc1, 0x00, 0x00, 0x00, 0x80, 0x00, 0x00, 0x00, 0x8d,
    0x00, 0x00, 0x00, 0x08, 0x00, 0x00, 0x00, 0x08, 0xc4, 0x00, 0x00, 0x00, 0x80, 0x00, 0x00, 0x04,
    0x57, 0x90, 0x00, 0x00, 0x08, 0x00, 0x00, 0x00, 0x80, 0x72, 0x75, 0x88, 0x8b, 0xe8, 0x88, 0x82,
    0x27, 0x07, 0x02, 0x00, 0x00, 0x90, 0x00, 0x00, 0x09, 0x00, 0x70, 0x00, 0x00, 0x45, 0x00, 0x00,
    0x00, 0x10, 0x07, 0x00, 0x00, 0x09, 0x00, 0x08, 0x00, 0x00, 0x00, 0x70, 0x00, 0x07, 0x10, 0x00,
    0x17, 0x00, 0x00, 0x07, 0x00, 0x04, 0x50, 0x00, 0x13, 0xa4, 0x00, 0x00, 0x70, 0x04, 0xf8, 0x77,
    0x76, 0x42, 0x90, 0x00, 0x07, 0x00, 0x31, 0x00, 0x00, 0x00, 0x02, 0x60, 0x00, 0x00, 0x00, 0x00,
    0x00, 0x00, 0x00, 0x00, 0x00, 0x00, 0x00, 0x00, 0x00, 0x00, 0x00, 0x00, 0x00, 0x00, 0x00, 0x71,
    0x00, 0x00, 0x33, 0x33, 0x33, 0x00, 0x00, 0xa8, 0xae, 0x88, 0x10, 0xb5, 0x55, 0x5a, 0x10, 0x00,
    0x80, 0x00, 0x06, 0x20, 0x80, 0x00, 0x07, 0x10, 0x00, 0xe8, 0x88, 0x8d, 0x20, 0xd8, 0x88, 0x8d,
    0x10, 0x00, 0x80, 0x00, 0x06, 0x20, 0x80, 0x00, 0x07, 0x10, 0x00, 0xc6, 0x66, 0x6a, 0x20, 0x80,
    0x00, 0x07, 0x10, 0x00, 0xa2, 0x22, 0x52, 0x01, 0xd8, 0x88, 0x8c, 0x10, 0x00, 0x80, 0x00, 0xa5,
    0x06, 0x20, 0x00, 0x07, 0x10, 0x01, 0x84, 0x67, 0x49, 0x29, 0x00, 0x00, 0x07, 0x10, 0x06, 0xa2,
    0x00, 0x01, 0x63, 0x00, 0x03, 0x86, 0x00, 0x00, 0x00, 0x00, 0x00, 0x44, 0x00, 0x00, 0x00, 0x00,
    0x08, 0x88, 0x88, 0x8a, 0xff, 0x98, 0x88, 0x88, 0x70, 0x00, 0x00, 0x00, 0x38, 0x54, 0x85, 0x00,
    0x00, 0x00, 0x00, 0x00, 0x07, 0x60, 0x44, 0x04, 0x93, 0x00, 0x00, 0x00, 0x06, 0x81, 0x00, 0x44,
    0x00, 0x05, 0x95, 0x00, 0x08, 0x82, 0x00, 0x00, 0x44, 0x00, 0x00, 0x03, 0x80, 0x00, 0x00, 0x00,
    0x00, 0x00, 0x00, 0x00, 0x00, 0x00, 0x00, 0x01, 0x00, 0x00, 0x00, 0x00, 0x00, 0x00, 0x00, 0x00,
    0x08, 0x00, 0x01, 0x68, 0x80, 0x08, 0x00, 0x00, 0x00, 0x08, 0x00, 0x65, 0xb0, 0x00, 0x53, 0x00,
    0x00, 0x00, 0x08, 0x00, 0x00, 0x80, 0x00, 0xc8, 0xd8, 0xb0, 0x08, 0x8f, 0x83, 0x88, 0xf8, 0x86,
    0x60, 0x90, 0x80, 0x00, 0x0f, 0x00, 0x02, 0xf6, 0x05, 0x02, 0x60, 0x80, 0x00, 0x2f, 0x00, 0x09,
    0x83, 0x80, 0x09, 0x00, 0x80, 0x00, 0x6e, 0x40, 0x81, 0x80, 0x26, 0x44, 0x00, 0x80, 0x00, 0x88,
    0x92, 0x20, 0x80, 0x6c, 0x20, 0x69, 0x40, 0x01, 0x78, 0x36, 0x00, 0x28, 0x40, 0x75, 0x00, 0x00,
    0x06, 0x28, 0x01, 0x05, 0x82, 0x07, 0x02, 0x85, 0x00, 0x09, 0x08, 0x00, 0x73, 0x50, 0x08, 0x00,
    0x63, 0x81, 0x35, 0x08, 0x00, 0x00, 0x63, 0x08, 0x06, 0x40, 0x00, 0x00, 0x08, 0x00, 0x00, 0x05,
    0x2f, 0x85, 0x00, 0x00, 0x00, 0x08, 0x00, 0x00, 0x48, 0x58, 0x49, 0x30, 0x00, 0x00, 0x08, 0x00,
    0x58, 0x40, 0x08, 0x00, 0x68, 0x10, 0x00, 0x08, 0x00, 0x00, 0x05, 0x88, 0x00, 0x01, 0x20, 0x00,
    0x50, 0x00, 0x00, 0x50, 0x00, 0x32, 0x00, 0x00, 0x00, 0x29, 0x20, 0x00, 0x90, 0x00, 0x09, 0x00,
    0x00, 0x00, 0x00, 0x50, 0x04, 0x40, 0x00, 0x02, 0x70, 0x00, 0x00, 0x00, 0x00, 0x09, 0x00, 0x00,
    0x00, 0x81, 0x00, 0x00, 0x00, 0x00, 0x72, 0x00, 0x00, 0x00, 0x09, 0x00, 0x06, 0x00, 0x03, 0x70,
    0x00, 0x00, 0x00, 0x07, 0x20, 0x02, 0x86, 0x01, 0x02, 0x60, 0x00, 0x06, 0x20, 0x00, 0x00, 0x02,
    0x00, 0x00, 0x80, 0x00, 0x08, 0x00, 0x00, 0x00, 0x00, 0x00, 0x00, 0x54, 0x00, 0x35, 0x00, 0x00,
    0x00, 0x00, 0x00, 0x00, 0x09, 0x00, 0x80, 0x00, 0x00, 0x00, 0x06, 0x00, 0x00, 0x03, 0x65, 0x40,
    0x00, 0x00, 0x00, 0x07, 0x00, 0x00, 0x00, 0xaa, 0x00, 0x00, 0x00, 0x00, 0x44, 0x00, 0x00, 0x02,
    0x99, 0x20, 0x00, 0x00, 0x00, 0x80, 0x00, 0x00, 0x48, 0x00, 0x92, 0x00, 0x00, 0x03, 0x60, 0x00,
    0x08, 0x60, 0x00, 0x07, 0x70, 0x00, 0x05, 0x00, 0x07, 0x82, 0x00, 0x00, 0x00, 0x39, 0x70, 0x00,
    0x00, 0x02, 0x00, 0x00, 0x00, 0x00, 0x00, 0x10, 0x01, 0x81, 0x00, 0x00, 0x00, 0x70, 0x00, 0x00,
    0x00, 0x00, 0x87, 0x00, 0x00, 0x06, 0x20, 0x00, 0x00, 0x00, 0x00, 0x32, 0x78, 0x88, 0xbe, 0x88,
    0x88, 0x20, 0x00, 0x00, 0x00, 0x00, 0x36, 0x00, 0x00, 0x00, 0x00, 0x00, 0x00, 0x00, 0x19, 0x00,
    0x06, 0x00, 0x00, 0x82, 0x00, 0x00, 0x09, 0x10, 0x00, 0x45, 0x00, 0x00, 0x77, 0x00, 0x07, 0x30,
    0x23, 0x56, 0xf1, 0x00, 0x00, 0x21, 0x07, 0xd8, 0x76, 0x42, 0x10, 0x90, 0x00, 0x00, 0x00, 0x00,
    0x21, 0x00, 0x30, 0x02, 0x00, 0x00, 0x00, 0x00, 0x06, 0x20, 0x08, 0x00, 0x00, 0x00, 0x00, 0x80,
    0x00, 0x71, 0x00, 0x80, 0x00, 0x00, 0x00, 0x26, 0x00, 0x08, 0x00, 0x08, 0x00, 0x00, 0x00, 0x08,
    0x00, 0x00, 0x80, 0x00, 0x80, 0x00, 0x00, 0x03, 0x60, 0x00, 0x26, 0x00, 0x08, 0x00, 0x06, 0x00,
    0x90, 0x00, 0x09, 0x00, 0x00, 0x80, 0x00, 0x80, 0x63, 0x00, 0x49, 0x10, 0x00, 0x07, 0x88, 0x88,
    0x00, 0x00, 0x03, 0x00, 0x00, 0x00, 0x00, 0x00, 0x00, 0x00, 0x60, 0x00, 0x00, 0x00, 0x00, 0x62,
    0x00, 0x00, 0x00, 0x29, 0x30, 0x00, 0x00, 0x00, 0x71, 0x81, 0x00, 0x00, 0x00, 0x60, 0x00, 0x00,
    0x00, 0x70, 0x06, 0x00, 0x00, 0x00, 0x00, 0x19, 0x88, 0x88, 0xf8, 0x88, 0x50, 0x00, 0x00, 0x00,
    0x35, 0x00, 0x00, 0x70, 0x00, 0x00, 0x06, 0x00, 0x00, 0x35, 0x00, 0x00, 0x70, 0x00, 0x00, 0x02,
    0x86, 0x00, 0x35, 0x00, 0x00, 0x70, 0x08, 0x00, 0x00, 0x03, 0x00, 0x37, 0x60, 0x00, 0x52, 0x08,
    0x00, 0x00, 0x00, 0x00, 0x35, 0x28, 0x00, 0x34, 0x63, 0x00, 0x00, 0x00, 0x00, 0x34, 0x01, 0x80,
    0x17, 0x90, 0x00, 0x00, 0x01, 0x50, 0x53, 0x00, 0x00, 0x0f, 0x20, 0x00, 0x00, 0x07, 0x10, 0x61,
    0x00, 0x00, 0x3f, 0x00, 0x00, 0x00, 0x07, 0x00, 0x80, 0x00, 0x01, 0x96, 0x10, 0x21, 0x00, 0x71,
    0x00, 0x80, 0x00, 0x19, 0x01, 0x60, 0x61, 0x01, 0x70, 0x04, 0x50, 0x03, 0x91, 0x00, 0x80, 0x80,
    0x05, 0x10, 0x08, 0x00, 0x18, 0x00, 0x00, 0x29, 0x70, 0x00, 0x00, 0x00, 0x00, 0x00, 0x00, 0x00,
    0x00, 0x00, 0x00, 0x00, 0x00, 0x00, 0x00, 0x00, 0x00, 0x00, 0x06, 0x10, 0x00, 0x07, 0x10, 0x00,
    0x00, 0x00, 0x01, 0x93, 0x00, 0x2f, 0x88, 0x88, 0xa6, 0x00, 0x00, 0x07, 0x00, 0x90, 0x00, 0x00,
    0x81, 0x00, 0x00, 0x00, 0x09, 0x10, 0x00, 0x04, 0x50, 0x00, 0x00, 0x00, 0x23, 0x88, 0x88, 0x8c,
    0x88, 0x50, 0x64, 0x00, 0x00, 0x00, 0x00, 0x00, 0x01, 0x50, 0x05, 0x80, 0x00, 0x68, 0x88, 0x88,
    0x89, 0x70, 0x00, 0x22, 0x00, 0x00, 0x00, 0x00, 0x01, 0x50, 0x00, 0x00, 0x00, 0x00, 0x00, 0x00,
    0x01, 0x50, 0x00, 0x00, 0x04, 0x88, 0x88, 0x88, 0x89, 0x50, 0x00, 0x07, 0x00, 0x00, 0x02, 0x00,
    0x00, 0x00, 0x00, 0x52, 0x00, 0x02, 0x02, 0x80, 0x02, 0x00, 0x00, 0x80, 0x08, 0x08, 0x00, 0x36,
    0x01, 0x70, 0x04, 0x40, 0x53, 0x08, 0x00, 0x00, 0x03, 0x62, 0x09, 0x00, 0x80, 0x08, 0x00, 0x00,
    0x07, 0x08, 0x35, 0x02, 0x10, 0x0a, 0x88, 0x88, 0x93, 0x02, 0x00, 0x00, 0x00, 0x00, 0x00, 0x00,
    0x00, 0x00, 0x00, 0x60, 0x00, 0x00, 0x00, 0x00, 0x00, 0x00, 0x00, 0x00, 0x29, 0x10, 0xc8, 0x88,
    0x88, 0x88, 0x88, 0x50, 0x00, 0x00, 0x70, 0x82, 0x20, 0x05, 0x05, 0x00, 0x00, 0x00, 0x00, 0x00,
    0x80, 0x80, 0x07, 0x08, 0x00, 0x00, 0x00, 0x00, 0x00, 0x80, 0x70, 0x53, 0x08, 0x00, 0x00, 0x07,
    0x20, 0x00, 0x86, 0x8b, 0xe8, 0x2e, 0x88, 0x90, 0x00, 0x77, 0x00, 0x82, 0x08, 0x02, 0x07, 0x00,
    0x80, 0x00, 0x01, 0x00, 0x88, 0x08, 0x09, 0x44, 0x80, 0x80, 0x00, 0x00, 0x00, 0x88, 0x08, 0x09,
    0x80, 0xa1, 0x60, 0x00, 0x00, 0x10, 0x88, 0x08, 0x09, 0x00, 0xf0, 0x00, 0x00, 0x01, 0x80, 0x78,
    0x08, 0x09, 0x00, 0xf0, 0x00, 0x00, 0x07, 0x13, 0x66, 0x9f, 0x99, 0x01, 0xb3, 0x00, 0x00, 0x08,
    0x05, 0x20, 0x08, 0x00, 0x05, 0x47, 0x00, 0x00, 0x72, 0x08, 0x00, 0x17, 0x00, 0x09, 0x09, 0x00,
    0x01, 0x80, 0x08, 0x00, 0x71, 0x00, 0x45, 0x06, 0x30, 0x06, 0x10, 0x43, 0x06, 0x40, 0x02, 0x80,
    0x00, 0xa0, 0x00, 0x00, 0x00, 0x00, 0x00, 0x01, 0x00, 0x00, 0x00, 0x00, 0x07, 0x00, 0x00, 0x00,
    0x00, 0x00, 0x00, 0x00, 0x08, 0x00, 0x2b, 0x88, 0x8c, 0x88, 0x89, 0x00, 0x08, 0x00, 0x44, 0x00,
    0x08, 0x00, 0x08, 0x03, 0x08, 0x04, 0x44, 0x00, 0x08, 0x00, 0x08, 0x07, 0x08, 0x09, 0x44, 0x00,
    0x08, 0x00, 0x08, 0x35, 0x08, 0x35, 0x4c, 0x88, 0x8f, 0x88, 0x8d, 0x62, 0x07, 0x80, 0x44, 0x00,
    0x08, 0x00, 0x08, 0x80, 0x17, 0x00, 0x44, 0x00, 0x08, 0x00, 0x08, 0x00, 0x26, 0x00, 0x43, 0x00,
    0x08, 0x00, 0x08, 0x00, 0x35, 0x00, 0x53, 0x00, 0x08, 0x00, 0x08, 0x00, 0x6b, 0x00, 0x79, 0x88,
    0x8f, 0x88, 0x8d, 0x00, 0x82, 0x90, 0x80, 0x00, 0x08, 0x00, 0x08, 0x00, 0x90, 0x37, 0x80, 0x00,
    0x08, 0x00, 0x08, 0x06, 0x30, 0x02, 0x60, 0x00, 0x08, 0x00, 0x08, 0x19, 0x00, 0x08, 0x10, 0x00,
    0x08, 0x00, 0x08, 0x91, 0x00, 0x27, 0x00, 0x00, 0x08, 0x28, 0x88, 0x00, 0x00, 0x00, 0x00, 0x00,
    0x00, 0x00, 0x00, 0x00, 0x06, 0x00, 0x00, 0x06, 0x07, 0x00, 0x00, 0x00, 0x00, 0x08, 0x00, 0x00,
    0xba, 0x8f, 0x98, 0x85, 0x00, 0x00, 0x08, 0x00, 0x05, 0x40, 0x08, 0x00, 0x00, 0x00, 0x00, 0x18,
    0x05, 0x29, 0x66, 0x6c, 0x76, 0x66, 0x40, 0x00, 0x68, 0x08, 0x01, 0x11, 0x11, 0x11, 0x11, 0x10,
    0x02, 0x58, 0x53, 0x00, 0xa8, 0x88, 0x88, 0x87, 0x00, 0x06, 0x28, 0x70, 0x00, 0x80, 0x00, 0x00,
    0x08, 0x00, 0x09, 0x08, 0x00, 0x00, 0xc8, 0x88, 0x88, 0x89, 0x00, 0x01, 0x08, 0x00, 0x00, 0x00,
    0x30, 0x10, 0x00, 0x00, 0x00, 0x08, 0x00, 0x00, 0x00, 0x90, 0x63, 0x11, 0x00, 0x00, 0x0a, 0x00,
    0x07, 0x77, 0xc0, 0x69, 0x77, 0x40, 0x00, 0x1e, 0x20, 0x00, 0x00, 0x80, 0x62, 0x00, 0x00, 0x00,
    0x53, 0x90, 0x04, 0x88, 0xd0, 0x6a, 0x88, 0x00, 0x00, 0x90, 0x55, 0x00, 0x00, 0x90, 0x62, 0x00,
    0x00, 0x04, 0x50, 0x02, 0x37, 0x77, 0xd0, 0x6b, 0x88, 0x81, 0x08, 0x00, 0x00, 0x00, 0x00, 0x80,
    0x62, 0x00, 0x00, 0x00, 0x00, 0x00, 0x00, 0x00, 0x00, 0x00, 0x00, 0x00, 0x00, 0x06, 0x00, 0x01,
    0x22, 0x22, 0x22, 0x22, 0x00, 0x00, 0x80, 0x00, 0x25, 0x55, 0xd5, 0x55, 0x50, 0x00, 0x08, 0x00,
    0x07, 0x77, 0x7f, 0x77, 0x77, 0x70, 0x02, 0x80, 0x70, 0x80, 0x00, 0x90, 0x00, 0x08, 0x02, 0x58,
    0x17, 0x08, 0x78, 0x68, 0x18, 0x85, 0x80, 0x52, 0x86, 0x10, 0x00, 0x00, 0x80, 0x00, 0x00, 0x08,
    0x08, 0x60, 0x03, 0x88, 0x66, 0x18, 0x88, 0x10, 0x80, 0x80, 0x00, 0x03, 0x10, 0x41, 0x00, 0x00,
    0x00, 0x08, 0x00, 0x00, 0x80, 0x00, 0x80, 0x00, 0x00, 0x00, 0x80, 0x00, 0xac, 0x88, 0x8f, 0x88,
    0x85, 0x00, 0x0a, 0x00, 0x5b, 0x30, 0x00, 0x80, 0x00, 0x00, 0x03, 0xc2, 0x03, 0x6b, 0x88, 0x8f,
    0x88, 0x83, 0x00, 0x71, 0xa0, 0x05, 0x30, 0x00, 0x80, 0x00, 0x00, 0x08, 0x04, 0x60, 0x6b, 0x88,
    0x8f, 0x88, 0x84, 0x06, 0x30, 0x04, 0x05, 0x30, 0x00, 0x80, 0x00, 0x00, 0x70, 0x00, 0x00, 0x6b,
    0x88, 0x8b, 0x88, 0x87, 0x00, 0x00, 0x00, 0x00, 0x00, 0x00, 0x00, 0x00, 0x00, 0x31, 0x00, 0x50,
    0x00, 0x00, 0xc1, 0x00, 0x00, 0x01, 0x90, 0x45, 0x00, 0x00, 0x75, 0x80, 0x00, 0x00, 0x02, 0x98,
    0x00, 0x00, 0x83, 0x02, 0x80, 0x00, 0x00, 0x1f, 0x10, 0x04, 0x91, 0x00, 0x01, 0x85, 0x00, 0x1a,
    0x46, 0x07, 0x46, 0x88, 0x88, 0x85, 0x48, 0x19, 0x00, 0x90, 0x00, 0x00, 0x00, 0x00, 0x00, 0x00,
    0x00, 0x0b, 0x00, 0x22, 0x23, 0x00, 0x00, 0x50, 0x00, 0x02, 0xf0, 0x29, 0x66, 0xc0, 0x08, 0x09,
    0x00, 0x00, 0x99, 0x02, 0x60, 0x08, 0x00, 0x90, 0x90, 0x00, 0x73, 0x71, 0x2e, 0x88, 0xf0, 0x09,
    0x09, 0x00, 0x56, 0x08, 0x02, 0x60, 0x08, 0x00, 0x90, 0x90, 0x05, 0x00, 0x80, 0x26, 0x00, 0x80,
    0x09, 0x09, 0x00, 0x00, 0x09, 0x02, 0xd8, 0x8f, 0x00, 0x90, 0x90, 0x00, 0x00, 0x90, 0x26, 0x00,
    0x80, 0x04, 0x09, 0x00, 0x00, 0x09, 0x02, 0x60, 0x08, 0x00, 0x00, 0x90, 0x01, 0x89, 0x40, 0x26,
    0x17, 0xa0, 0x02, 0x6a, 0x00, 0x00, 0x00, 0x00, 0x00, 0x00, 0x00, 0x00, 0x00, 0x00, 0x00, 0x00,
    0x01, 0x11, 0x11, 0x11, 0x11, 0x10, 0x08, 0x8a, 0x88, 0x55, 0x66, 0x6c, 0x86, 0x66, 0x40, 0x00,
    0x08, 0x00, 0x00, 0x00, 0x07, 0x10, 0x00, 0x00, 0x00, 0x08, 0x00, 0x3a, 0x88, 0x8f, 0xa8, 0x88,
    0xb0, 0x00, 0x08, 0x00, 0x35, 0x68, 0x57, 0x18, 0x83, 0x80, 0x00, 0x08, 0x00, 0x12, 0x00, 0x07,
    0x10, 0x00, 0x30, 0x06, 0x8f, 0x88, 0x12, 0x77, 0x47, 0x17, 0x77, 0x00, 0x00, 0x08, 0x00, 0x00,
    0x00, 0x06, 0x10, 0x00, 0x00, 0x00, 0x08, 0x00, 0x03, 0x88, 0x88, 0x88, 0x88, 0x20, 0x00, 0x08,
    0x00, 0x00, 0x00, 0x00, 0x00, 0x00, 0x00, 0x00, 0x08, 0x00, 0x38, 0x8e, 0x98, 0x88, 0x88, 0x80,
    0x00, 0x08, 0x00, 0x00, 0x08, 0x00, 0x00, 0x00, 0x00, 0x00, 0x0c, 0x89, 0x40, 0x4b, 0x88, 0x88,
    0x8a, 0x00, 0x08, 0x85, 0x00, 0x00, 0x00, 0x00, 0x00, 0x08, 0x00, 0x00, 0x00, 0x00, 0x00, 0x00,
    0x00, 0x00, 0x44, 0x00, 0x00, 0x00, 0x00, 0x00, 0x00, 0x03, 0x77, 0x90, 0x00, 0x00, 0x00, 0x00,
    0x00, 0x00, 0x00, 0x00, 0x00, 0x00, 0x00, 0x60, 0x00, 0x00, 0x00, 0xc0, 0x00, 0x00, 0x00, 0x00,
    0x29, 0x50, 0x00, 0x08, 0x59, 0x10, 0x00, 0x00, 0x00, 0x00, 0x30, 0x01, 0x92, 0x00, 0x86, 0x00,
    0x00, 0x07, 0x40, 0x00, 0x58, 0x68, 0x88, 0x73, 0x95, 0x00, 0x00, 0x59, 0x08, 0x40, 0x00, 0x00,
    0x00, 0x04, 0x80, 0x00, 0x00, 0x10, 0x58, 0x88, 0x88, 0x88, 0x50, 0x00, 0x00, 0x05, 0x80, 0x80,
    0x00, 0x00, 0x00, 0x80, 0x00, 0x00, 0x86, 0x00, 0x80, 0x00, 0x00, 0x00, 0x80, 0x00, 0x07, 0x30,
    0x00, 0x48, 0x88, 0x88, 0x89, 0x40, 0x00, 0x00, 0x00, 0x80, 0x00, 0x00, 0x00, 0x26, 0x00, 0x00,
    0x08, 0x88, 0xf8, 0x88, 0x88, 0x88, 0xbf, 0x88, 0x80, 0x00, 0x00, 0x80, 0x00, 0x00, 0x00, 0x26,
    0x00, 0x00, 0x00, 0x00, 0xb8, 0x88, 0x88, 0x88, 0xb9, 0x00, 0x00, 0x00, 0x00, 0x80, 0x00, 0x00,
    0x00, 0x26, 0x00, 0x00, 0x00, 0x00, 0xc8, 0x88, 0x88, 0x88, 0xb9, 0x00, 0x00, 0x00, 0x00, 0x80,
    0x00, 0x00, 0x00, 0x26, 0x00, 0x00, 0x00, 0x43, 0x00, 0x00, 0x00, 0x70, 0x00, 0x00, 0x00, 0x70,
    0x00, 0x06, 0x00, 0x70, 0x00, 0x70, 0x00, 0x70, 0x00, 0x07, 0x00, 0x70, 0x02, 0x50, 0xa8, 0xa8,
    0xa3, 0x02, 0x60, 0x70, 0x07, 0x00, 0x70, 0x00, 0x53, 0x00, 0x80, 0x70, 0x07, 0x00, 0x70, 0x00,
    0x53, 0x00, 0x70, 0x70, 0x51, 0x00, 0x70, 0x00, 0x53, 0x00, 0x00, 0x70, 0x00, 0x00, 0xa8, 0x88,
    0xd3, 0x67, 0x7b, 0x99, 0x97, 0x77, 0x70, 0x00, 0x53, 0x00, 0x17, 0x03, 0x40, 0x00, 0x70, 0x00,
    0x53, 0x00, 0x25, 0x03, 0x40, 0x00, 0x70, 0x00, 0x53, 0x00, 0x52, 0x03, 0x40, 0x00, 0x70, 0x00,
    0x53, 0x00, 0x70, 0x03, 0x40, 0x00, 0xa8, 0x88, 0xa3, 0x00, 0x80, 0x03, 0x40, 0x01, 0x70, 0x00,
    0x00, 0x05, 0x40, 0x03, 0x40, 0x07, 0x40, 0x00, 0x00, 0x28, 0x00, 0x03, 0x40, 0x07, 0x00, 0x00,
    0x05, 0x80, 0x00, 0x01, 0xa8, 0x88, 0x00, 0x00, 0x01, 0x00, 0x00, 0x00, 0x00, 0x00, 0x00, 0x00,
    0x00, 0x20, 0x00, 0x70, 0x02, 0x20, 0x3b, 0x88, 0x80, 0x54, 0x00, 0x80, 0x08, 0x00, 0x44, 0x00,
    0x90, 0x09, 0x00, 0x80, 0x44, 0x00, 0x44, 0x00, 0x90, 0x24, 0x32, 0xa2, 0x62, 0x22, 0x44, 0x00,
    0x91, 0x55, 0x5d, 0xf9, 0x55, 0x54, 0x4d, 0x88, 0xd0, 0x00, 0x83, 0x87, 0x40, 0x00, 0x44, 0x00,
    0x90, 0x29, 0x10, 0x80, 0x58, 0x00, 0x44, 0x00, 0x98, 0x70, 0x00, 0x80, 0x01, 0x95, 0x48, 0x44,
    0xb1, 0x00, 0x05, 0x10, 0x00, 0x00, 0x49, 0x44, 0xb0, 0x00, 0x72, 0x00, 0x00, 0x00, 0x44, 0x00,
    0x97, 0x8b, 0xe8, 0x88, 0xf8, 0x86, 0x44, 0x00, 0x90, 0x08, 0x00, 0x01, 0x80, 0x00, 0x4c, 0x88,
    0xa0, 0x59, 0x50, 0x09, 0x10, 0x00, 0x44, 0x00, 0x00, 0x00, 0x39, 0xf4, 0x00, 0x00, 0x23, 0x00,
    0x00, 0x01, 0x78, 0x38, 0x81, 0x00, 0x00, 0x00, 0x28, 0x86, 0x10, 0x00, 0x18, 0x80, 0x00, 0x00,
    0x00, 0x00, 0x00, 0x00, 0x00, 0x00, 0x00, 0x00, 0x33, 0x00, 0x00, 0x00, 0x00, 0x00, 0x00, 0x48,
    0x8c, 0xc8, 0x83, 0x88, 0xba, 0x88, 0xb1, 0x00, 0x00, 0x44, 0x00, 0x00, 0x06, 0x20, 0x07, 0x00,
    0x18, 0x8c, 0xc8, 0x70, 0x00, 0x80, 0x00, 0x80, 0x00, 0x00, 0x44, 0x00, 0x00, 0x09, 0x00, 0x08,
    0x00, 0x00, 0x05, 0x50, 0x00, 0x03, 0x60, 0x00, 0x80, 0x05, 0x88, 0xcc, 0x88, 0x41, 0x90, 0x00,
    0x08, 0x00, 0x00, 0x04, 0x40, 0x02, 0x91, 0x04, 0x88, 0x50, 0x00, 0x00, 0x11, 0x00, 0x00, 0x00,
    0x00, 0x00, 0x00, 0x78, 0x88, 0xae, 0x88, 0x88, 0x88, 0x88, 0x85, 0x00, 0x00, 0x0a, 0x10, 0x00,
    0x00, 0x00, 0x00, 0x00, 0x00, 0x09, 0xc8, 0x88, 0x88, 0x88, 0x87, 0x00, 0x00, 0x06, 0xa2, 0x00,
    0x00, 0x00, 0x00, 0x80, 0x00, 0x08, 0x45, 0x20, 0x00, 0x00, 0x00, 0x08, 0x00, 0x09, 0x20, 0x52,
    0x00, 0x00, 0x00, 0x00, 0x80, 0x00, 0x00, 0x05, 0xa8, 0x88, 0x88, 0x88, 0x8d, 0x00, 0x00, 0x00,
    0x00, 0x00, 0x13, 0x00, 0x00, 0x51, 0x00, 0x08, 0x8d, 0x88, 0x60, 0x08, 0x00, 0x00, 0x80, 0x00,
    0x00, 0x08, 0x00, 0x00, 0x01, 0x70, 0x07, 0x10, 0x00, 0x00, 0x07, 0x00, 0x00, 0x22, 0x42, 0x48,
    0x22, 0x10, 0x00, 0x25, 0x00, 0x01, 0xa6, 0x66, 0xd6, 0x66, 0x80, 0x00, 0x60, 0x00, 0x01, 0x70,
    0x00, 0x70, 0x00, 0x80, 0x00, 0xf8, 0x88, 0x11, 0xb8, 0x88, 0xf8, 0x88, 0x80, 0x03, 0xd0, 0x05,
    0x21, 0x80, 0x01, 0x80, 0x00, 0x80, 0x09, 0x80, 0x05, 0x21, 0x70, 0x00, 0x70, 0x00, 0x80, 0x14,
    0x80, 0x05, 0x21, 0xc8, 0x89, 0xf8, 0x88, 0x80, 0x00, 0x80, 0x05, 0x20, 0x00, 0x00, 0x70, 0x00,
    0x00, 0x00, 0x80, 0x05, 0x20, 0x00, 0x01, 0x80, 0x00, 0x00, 0x00, 0x80, 0x05, 0x38, 0x88, 0x89,
    0xf8, 0x88, 0x82, 0x00, 0xc8, 0x8a, 0x20, 0x00, 0x00, 0x70, 0x00, 0x00, 0x00, 0x80, 0x00, 0x00,
    0x00, 0x00, 0x70, 0x00, 0x00, 0x00, 0x30, 0x00, 0x00, 0x00, 0x00, 0x70, 0x00, 0x00, 0x00, 0x00,
    0x00, 0x00, 0x00, 0x23, 0x00, 0x00, 0x00, 0x78, 0xc8, 0x80, 0x00, 0x08, 0x10, 0x00, 0x00, 0x00,
    0x09, 0x00, 0x18, 0x8d, 0xe8, 0xe8, 0x88, 0x40, 0x00, 0x80, 0x00, 0x06, 0x60, 0x31, 0x82, 0x00,
    0x00, 0x35, 0x00, 0x48, 0x30, 0x91, 0x00, 0x58, 0x30, 0x07, 0x10, 0x04, 0x01, 0x99, 0x88, 0xd0,
    0x03, 0x00, 0xf8, 0x85, 0x17, 0x71, 0x00, 0x63, 0x00, 0x00, 0x4d, 0x00, 0x81, 0x10, 0x72, 0x55,
    0x40, 0x00, 0x0a, 0x80, 0x08, 0x00, 0x00, 0xd5, 0x63, 0x00, 0x04, 0x48, 0x00, 0x80, 0x05, 0x81,
    0x5a, 0x88, 0xe1, 0x00, 0x80, 0x08, 0x48, 0x30, 0x75, 0x00, 0x08, 0x00, 0x08, 0x00, 0x80, 0x03,
    0x82, 0x20, 0x08, 0x10, 0x00, 0x80, 0x08, 0x04, 0x40, 0x05, 0x78, 0x20, 0x00, 0x0b, 0x88, 0x80,
    0x00, 0x00, 0x3c, 0x10, 0x00, 0x00, 0x80, 0x00, 0x00, 0x15, 0x84, 0x00, 0x00, 0x00, 0x03, 0x00,
    0x00, 0x77, 0x20, 0x00, 0x00, 0x00, 0x00, 0x00, 0x16, 0x40, 0x00, 0x35, 0x00, 0x00, 0x00, 0x04,
    0x88, 0xd2, 0x00, 0x01, 0x90, 0x02, 0x50, 0x00, 0x00, 0x00, 0x80, 0x00, 0x19, 0x00, 0x02, 0x96,
    0x00, 0x00, 0x00, 0x80, 0x02, 0xf9, 0x88, 0x86, 0x49, 0x30, 0x00, 0x00, 0x80, 0x00, 0x00, 0x08,
    0x00, 0x00, 0x00, 0x07, 0x89, 0xf8, 0x57, 0x88, 0xbe, 0xa8, 0x88, 0x60, 0x00, 0x06, 0xe0, 0x00,
    0x01, 0x80, 0x29, 0x00, 0x00, 0x00, 0x08, 0xd4, 0x00, 0x28, 0x00, 0x02, 0x92, 0x00, 0x00, 0x35,
    0x89, 0x17, 0x60, 0x05, 0x60, 0x07, 0x80, 0x00, 0x80, 0x82, 0x21, 0x02, 0x84, 0x01, 0x20, 0x10,
    0x03, 0x60, 0x80, 0x00, 0x86, 0x00, 0x38, 0x00, 0x00, 0x09, 0x00, 0x80, 0x00, 0x00, 0x28, 0x50,
    0x06, 0x10, 0x02, 0x00, 0x80, 0x00, 0x59, 0x60, 0x01, 0x84, 0x00, 0x00, 0x00, 0x80, 0x00, 0x10,
    0x00, 0x68, 0x10, 0x00, 0x00, 0x00, 0x80, 0x00, 0x03, 0x88, 0x20, 0x00, 0x00, 0x00, 0x00, 0x80,
    0x02, 0x85, 0x00, 0x00, 0x00, 0x00, 0x00, 0x03, 0x40, 0x00, 0x00, 0x00, 0x00, 0x00, 0x00, 0x00,
    0x80, 0x00, 0x68, 0x88, 0x88, 0x88, 0xc2, 0x00, 0x18, 0x00, 0x08, 0x00, 0x00, 0x00, 0x04, 0x30,
    0x07, 0x10, 0x00, 0x80, 0x00, 0x00, 0x00, 0x43, 0x01, 0x80, 0x07, 0x28, 0x00, 0x00, 0x00, 0x04,
    0x30, 0x81, 0x01, 0x80, 0x80, 0x2b, 0x88, 0x90, 0x43, 0x4f, 0x88, 0xf0, 0x08, 0x03, 0x50, 0x08,
    0x04, 0x31, 0x00, 0x54, 0x00, 0x80, 0x35, 0x00, 0x80, 0x43, 0x00, 0x27, 0x00, 0x08, 0x03, 0x50,
    0x08, 0x04, 0x30, 0x09, 0x00, 0x12, 0x80, 0x35, 0x00, 0x80, 0x43, 0x1e, 0x98, 0x86, 0x28, 0x03,
    0x50, 0x08, 0x04, 0x32, 0x61, 0x00, 0x00, 0x80, 0x3d, 0x88, 0x80, 0x43, 0x00, 0x00, 0x00, 0x08,
    0x01, 0x20, 0x00, 0x04, 0x30, 0x02, 0x67, 0x75, 0x80, 0x00, 0x00, 0x00, 0x43, 0x28, 0x51, 0x00,
    0x08, 0x00, 0x00, 0x00, 0x04, 0x30, 0x00, 0x00, 0x00, 0x80, 0x00, 0x00, 0x49, 0xa1, 0x00, 0x00,
    0x00, 0x00, 0x00, 0x00, 0x00, 0x00, 0x00, 0x00, 0x00, 0x00, 0x00, 0x00, 0x00, 0x00, 0x00, 0x00,
    0x00, 0x80, 0x00, 0x00, 0x00, 0x00, 0x00, 0x00, 0x00, 0x80, 0x00, 0x38, 0x89, 0x58, 0x89, 0x06,
    0x88, 0xf8, 0x87, 0x00, 0x08, 0x00, 0x08, 0x08, 0x00, 0x80, 0x08, 0x00, 0x08, 0x10, 0x08, 0x08,
    0x00, 0x80, 0x08, 0x62, 0x08, 0x62, 0x08, 0x08, 0x00, 0x80, 0x08, 0x08, 0x08, 0x08, 0x08, 0x0d,
    0x88, 0xf8, 0x8c, 0x09, 0x08, 0x08, 0x08, 0x08, 0x00, 0x80, 0x08, 0x03, 0x08, 0x01, 0x08, 0x08,
    0x00, 0x80, 0x08, 0x00, 0x08, 0x00, 0x0a, 0x08, 0x00, 0x80, 0x08, 0x00, 0x5b, 0x00, 0x99, 0x7f,
    0x88, 0xd8, 0x8f, 0x66, 0x58, 0x08, 0x18, 0x08, 0x00, 0x00, 0x08, 0x54, 0x08, 0x72, 0x08, 0x08,
    0x00, 0x00, 0x08, 0x00, 0x08, 0x00, 0x08, 0x08, 0x00, 0x00, 0x08, 0x00, 0x08, 0x00, 0x08, 0x08,
    0x00, 0x00, 0x08, 0x00, 0x08, 0x00, 0x08, 0x08, 0x00, 0x18, 0x86, 0x06, 0x87, 0x06, 0x86, 0x00,
    0x00, 0x00, 0x00, 0x00, 0x00, 0x00, 0x00, 0x04, 0x10, 0x01, 0x50, 0x00, 0x00, 0x00, 0x00, 0x00,
    0x70, 0x09, 0x00, 0x78, 0xd3, 0x88, 0xd3, 0x48, 0xa9, 0xdb, 0x85, 0x00, 0x43, 0x00, 0x43, 0x80,
    0x08, 0x00, 0x07, 0x20, 0x43, 0x10, 0x43, 0x81, 0x58, 0x07, 0x27, 0x71, 0x43, 0x80, 0x43, 0x80,
    0x68, 0x08, 0x07, 0x17, 0x43, 0x26, 0x43, 0x80, 0x38, 0x22, 0x07, 0x09, 0x43, 0x09, 0x43, 0x88,
    0x8f, 0x88, 0x89, 0x02, 0x43, 0x02, 0x53, 0x00, 0x00, 0x00, 0x00, 0x00, 0x43, 0x00, 0x94, 0x07,
    0x88, 0x88, 0xa0, 0x00, 0xd3, 0x03, 0xb3, 0x07, 0x00, 0x00, 0x80, 0x09, 0x63, 0x28, 0x43, 0x07,
    0x00, 0x00, 0x80, 0x91, 0x45, 0x90, 0x43, 0x0b, 0x88, 0x88, 0xf0, 0x10, 0x43, 0x00, 0x43, 0x07,
    0x00, 0x00, 0x80, 0x00, 0x43, 0x00, 0x43, 0x0b, 0x88, 0x88, 0xe0, 0x00, 0x43, 0x00, 0x43, 0x07,
    0x00, 0x00, 0x80, 0x49, 0xa1, 0x48, 0xa2, 0x00, 0x00, 0x00, 0x00, 0x00, 0x00, 0x01, 0x00, 0x00,
    0x00, 0x00, 0x00, 0x00, 0x06, 0x00, 0x00, 0x00, 0x00, 0xc7, 0x7b, 0x40, 0x00, 0x09, 0x00, 0x00,
    0x00, 0x00, 0x80, 0x04, 0x43, 0x88, 0xaf, 0x88, 0x88, 0x70, 0x00, 0x80, 0x04, 0x40, 0x00, 0x53,
    0x00, 0x00, 0x00, 0x00, 0x80, 0x04, 0x40, 0x00, 0x80, 0x00, 0x00, 0x00, 0x00, 0xd9, 0x9d, 0x40,
    0x00, 0x90, 0x00, 0x00, 0x00, 0x00, 0x80, 0x04, 0x48, 0x8c, 0xd8, 0x88, 0x88, 0x82, 0x00, 0x80,
    0x04, 0x40, 0x08, 0x00, 0x00, 0x00, 0x00, 0x00, 0x80, 0x04, 0x40, 0x09, 0x00, 0x00, 0x00, 0x00,
    0x00, 0xd8, 0x8c, 0x40, 0x1a, 0x77, 0x77, 0x7e, 0x10, 0x00, 0x80, 0x04, 0x40, 0x00, 0x00, 0x00,
    0x46, 0x00, 0x01, 0x60, 0x04, 0x40, 0x03, 0x30, 0x01, 0x80, 0x00, 0x04, 0x40, 0x04, 0x40, 0x00,
    0x76, 0x09, 0x00, 0x00, 0x07, 0x10, 0x04, 0x40, 0x00, 0x04, 0xf2, 0x00, 0x00, 0x08, 0x00, 0x04,
    0x40, 0x00, 0x00, 0x39, 0x00, 0x00, 0x26, 0x04, 0x89, 0x20, 0x00, 0x00, 0x01, 0xa0, 0x00, 0x00,
    0x00, 0x00, 0x00, 0x00, 0x00, 0x00, 0x00, 0x00, 0x00, 0x55, 0x56, 0x00, 0x00, 0x00, 0x00, 0x00,
    0x00, 0x00, 0xa3, 0x3a, 0x00, 0x78, 0x88, 0x88, 0x88, 0x00, 0x00, 0x80, 0x08, 0x00, 0x00, 0x00,
    0x00, 0x00, 0x00, 0x00, 0x80, 0x08, 0x00, 0x00, 0x00, 0x00, 0x00, 0x00, 0x00, 0x80, 0x08, 0x00,
    0x00, 0x00, 0x00, 0x00, 0x00, 0x00, 0xd8, 0x8d, 0x07, 0x88, 0x89, 0x98, 0x88, 0x80, 0x00, 0x80,
    0x08, 0x00, 0x00, 0x03, 0x40, 0x00, 0x00, 0x00, 0x80, 0x08, 0x00, 0x00, 0x03, 0x40, 0x00, 0x00,
    0x00, 0x80, 0x08, 0x00, 0x08, 0x03, 0x40, 0x80, 0x00, 0x00, 0xd8, 0x8e, 0x00, 0x17, 0x03, 0x40,
    0x62, 0x00, 0x00, 0x70, 0x08, 0x00, 0x63, 0x03, 0x40, 0x08, 0x00, 0x01, 0x60, 0x08, 0x00, 0x80,
    0x03, 0x40, 0x08, 0x00, 0x04, 0x30, 0x08, 0x02, 0x70, 0x03, 0x40, 0x03, 0x40, 0x07, 0x00, 0x08,
    0x08, 0x00, 0x03, 0x40, 0x00, 0x80, 0x08, 0x00, 0x08, 0x05, 0x00, 0x03, 0x40, 0x00, 0x40, 0x26,
    0x07, 0x79, 0x00, 0x04, 0x79, 0x20, 0x00, 0x00, 0x00, 0x00, 0x00, 0x00, 0x00, 0x00, 0x00, 0x00,
    0x00, 0x00, 0x00, 0x00, 0x00, 0x31, 0x00, 0x00, 0x50, 0x00, 0x0d, 0x77, 0xe1, 0x00, 0x80, 0x00,
    0x17, 0x00, 0x00, 0x80, 0x07, 0x10, 0x06, 0x20, 0x08, 0x10, 0x00, 0x08, 0x00, 0x71, 0x78, 0x88,
    0xf8, 0x88, 0xc0, 0x00, 0x80, 0x07, 0x10, 0x00, 0x08, 0x00, 0x07, 0x00, 0x0e, 0x88, 0xe1, 0x00,
    0x00, 0x80, 0x00, 0x70, 0x00, 0x80, 0x07, 0x12, 0x98, 0x8f, 0x88, 0x8b, 0x00, 0x08, 0x00, 0x71,
    0x61, 0x00, 0x80, 0x00, 0x00, 0x00, 0x80, 0x07, 0x17, 0x00, 0x08, 0x00, 0x00, 0x00, 0x0e, 0x77,
    0xe1, 0xa8, 0x88, 0xf8, 0x88, 0x8a, 0x00, 0x80, 0x07, 0x10, 0x00, 0x2e, 0x00, 0x00, 0xb0, 0x16,
    0x00, 0x71, 0x00, 0x08, 0x80, 0x00, 0x0b, 0x04, 0x30, 0x07, 0x10, 0x07, 0x28, 0x00, 0x00, 0xa0,
    0x70, 0x00, 0x71, 0x05, 0x50, 0x80, 0x00, 0x46, 0x08, 0x00, 0x07, 0x16, 0x60, 0x08, 0x02, 0x77,
    0x02, 0x50, 0x67, 0xa0, 0x30, 0x00, 0x80, 0x00, 0x00, 0x00, 0x44, 0x45, 0x10, 0x00, 0x00, 0x00,
    0x00, 0x00, 0x0a, 0x44, 0x84, 0x88, 0x88, 0x88, 0x88, 0xb2, 0x00, 0x80, 0x04, 0x48, 0x00, 0x00,
    0x01, 0x66, 0x20, 0x08, 0x00, 0x44, 0x80, 0x47, 0x8b, 0x72, 0x62, 0x00, 0x80, 0x04, 0x48, 0x02,
    0x00, 0x70, 0x06, 0x20, 0x0d, 0x88, 0xc4, 0x80, 0x00, 0x07, 0x00, 0x62, 0x00, 0x80, 0x04, 0x48,
    0x48, 0x8b, 0xf8, 0x8c, 0x20, 0x08, 0x00, 0x44, 0x80, 0x00, 0x9d, 0x00, 0x62, 0x00, 0x80, 0x04,
    0x48, 0x00, 0x18, 0xc4, 0x06, 0x20, 0x0d, 0x88, 0xc4, 0x80, 0x08, 0x17, 0x81, 0x62, 0x00, 0x70,
    0x04, 0x48, 0x03, 0x60, 0x70, 0x86, 0x20, 0x16, 0x00, 0x44, 0x82, 0x90, 0x07, 0x06, 0x92, 0x04,
    0x30, 0x04, 0x48, 0x30, 0x00, 0x70, 0x06, 0x20, 0x70, 0x00, 0x44, 0x80, 0x00, 0x06, 0x00, 0x62,
    0x08, 0x00, 0x04, 0x4b, 0x77, 0x77, 0x77, 0x7e, 0x22, 0x50, 0x48, 0x92, 0x80, 0x00, 0x00, 0x00,
    0x72, 0x00, 0x00, 0x05, 0x00, 0x00, 0x06, 0x00, 0x00, 0x00, 0x00, 0x00, 0x80, 0x00, 0x00, 0x80,
    0x00, 0x00, 0x08, 0x88, 0x8f, 0x88, 0x88, 0x8f, 0x88, 0x88, 0x50, 0x00, 0x00, 0x80, 0x32, 0x00,
    0x80, 0x00, 0x00, 0x00, 0x00, 0x00, 0x00, 0x83, 0x00, 0x00, 0x00, 0x00, 0x89, 0x99, 0x99, 0x99,
    0xb9, 0x99, 0x99, 0xd0, 0x08, 0x00, 0x00, 0x40, 0x00, 0x61, 0x00, 0x08, 0x00, 0x80, 0x02, 0x85,
    0x00, 0x01, 0x78, 0x10, 0x80, 0x00, 0x59, 0x70, 0x00, 0x50, 0x00, 0x18, 0x50, 0x00, 0x00, 0x00,
    0x00, 0x08, 0x00, 0x00, 0x00, 0x00, 0x00, 0x28, 0x88, 0x8b, 0xf8, 0x88, 0x88, 0x80, 0x00, 0x00,
    0x00, 0x00, 0x80, 0x00, 0x00, 0x16, 0x00, 0x00, 0x00, 0x00, 0x18, 0x00, 0x00, 0x03, 0x50, 0x00,
    0x00, 0x00, 0x1a, 0x00, 0x00, 0x00, 0x52, 0x00, 0x00, 0x00, 0x49, 0x10, 0x00, 0x00, 0x08, 0x00,
    0x00, 0x17, 0x95, 0x00, 0x00, 0x07, 0x77, 0x70, 0x00, 0x01, 0x10, 0x00, 0x00, 0x00, 0x00, 0x00,
    0x00, 0x00, 0x00, 0x00, 0x05, 0x10, 0x00, 0x00, 0x60, 0x00, 0x00, 0x00, 0x00, 0x06, 0x10, 0x00,
    0x00, 0x80, 0x00, 0x00, 0x06, 0x88, 0x8e, 0xa8, 0x88, 0x88, 0xf8, 0x88, 0x80, 0x00, 0x00, 0x06,
    0x10, 0x00, 0x00, 0x80, 0x00, 0x00, 0x00, 0x1a, 0x89, 0x88, 0x88, 0x88, 0x98, 0x83, 0x00, 0x00,
    0x26, 0x00, 0x00, 0x00, 0x00, 0x00, 0x36, 0x00, 0x00, 0x26, 0x00, 0x00, 0x00, 0x00, 0x00, 0x36,
    0x00, 0x00, 0x2e, 0x88, 0x88, 0x88, 0x88, 0x88, 0xa6, 0x00, 0x00, 0x26, 0x01, 0x00, 0x07, 0x00,
    0x00, 0x20, 0x00, 0x00, 0x25, 0x25, 0x00, 0x08, 0x00, 0x00, 0x80, 0x00, 0x00, 0x34, 0x25, 0x00,
    0x08, 0x00, 0x00, 0x80, 0x00, 0x00, 0x62, 0x18, 0x88, 0x8f, 0x88, 0x88, 0x80, 0x00, 0x00, 0x80,
    0x50, 0x00, 0x08, 0x00, 0x00, 0x06, 0x00, 0x00, 0x80, 0x80, 0x00, 0x08, 0x00, 0x00, 0x09, 0x00,
    0x07, 0x30, 0x84, 0x44, 0x4d, 0x44, 0x44, 0x5b, 0x00, 0x07, 0x00, 0x13, 0x33, 0x33, 0x33, 0x33,
    0x3b, 0x00, 0x00, 0x00, 0x06, 0x00, 0x00, 0x06, 0x00, 0x00, 0x00, 0x00, 0x00, 0x80, 0x00, 0x00,
    0x80, 0x00, 0x00, 0x18, 0x88, 0x8f, 0x88, 0x88, 0x8f, 0x88, 0x88, 0x50, 0x00, 0x00, 0x80, 0x00,
    0x00, 0x80, 0x00, 0x00, 0x04, 0x88, 0x8a, 0x88, 0x88, 0x8a, 0x88, 0x88, 0x00, 0x80, 0x00, 0x10,
    0x00, 0x00, 0x00, 0x00, 0x80, 0x08, 0x00, 0x71, 0x00, 0x00, 0x00, 0x00, 0x08, 0x00, 0x20, 0x2f,
    0x88, 0x8b, 0x88, 0x88, 0x85, 0x20, 0x00, 0x09, 0x00, 0x00, 0x90, 0x00, 0x00, 0x00, 0x00, 0x05,
    0x10, 0x00, 0x09, 0x00, 0x00, 0x00, 0x00, 0x08, 0x88, 0x88, 0x88, 0xf8, 0x88, 0x88, 0x88, 0x40,
    0x00, 0x00, 0x00, 0x09, 0x00, 0x00, 0x00, 0x00, 0x00, 0x08, 0x00, 0x00, 0x90, 0x00, 0x00, 0x70,
    0x00, 0x00, 0x80, 0x00, 0x09, 0x00, 0x00, 0x08, 0x00, 0x00, 0x0a, 0x55, 0x55, 0xd5, 0x55, 0x55,
    0xa0, 0x00, 0x00, 0x33, 0x33, 0x33, 0x33, 0x33, 0x39, 0x00, 0x00, 0x00, 0x00, 0x00, 0x00, 0x00,
    0x00, 0x00, 0x00, 0x00, 0x53, 0x00, 0x00, 0x44, 0x00, 0x00, 0x78, 0x88, 0xeb, 0x88, 0x88, 0xcc,
    0x88, 0x87, 0x00, 0x00, 0x53, 0x00, 0x10, 0x44, 0x00, 0x00, 0x00, 0x00, 0x21, 0x03, 0x40, 0x11,
    0x00, 0x00, 0x07, 0x88, 0x88, 0x8f, 0x98, 0x88, 0x88, 0x80, 0x00, 0x00, 0x00, 0x1b, 0x10, 0x00,
    0x00, 0x00, 0x00, 0x00, 0x02, 0x93, 0x68, 0x72, 0x00, 0x00, 0x00, 0x26, 0x86, 0x00, 0x00, 0x15,
    0x87, 0x10, 0x29, 0x74, 0x33, 0x33, 0x33, 0x33, 0x34, 0x52, 0x45, 0x55, 0x55, 0x55, 0x55, 0x55,
    0x98, 0x54, 0x00, 0x00, 0x00, 0x00, 0x00, 0x00, 0x43, 0x00, 0x00, 0xa9, 0x88, 0x88, 0xc0, 0x00,
    0x43, 0x00, 0x00, 0x71, 0x00, 0x00, 0x80, 0x00, 0x43, 0x00, 0x00, 0x71, 0x00, 0x00, 0x80, 0x00,
    0x43, 0x00, 0x00, 0xa9, 0x88, 0x88, 0x80, 0x00, 0x43, 0x00, 0x00, 0x40, 0x00, 0x00, 0x02, 0x77,
    0x91, 0x00, 0x00, 0x00, 0x01, 0x00, 0x00, 0x00, 0x10, 0x00, 0x00, 0x00, 0x00, 0x08, 0x00, 0x00,
    0x00, 0x80, 0x00, 0x00, 0x08, 0x88, 0x8f, 0x88, 0x88, 0x88, 0xf8, 0x88, 0x81, 0x00, 0x00, 0x08,
    0x00, 0x00, 0x00, 0x80, 0x00, 0x00, 0x00, 0x00, 0x03, 0x00, 0x26, 0x00, 0x30, 0x00, 0x00, 0x00,
    0x00, 0x00, 0x00, 0x2d, 0x88, 0x88, 0x86, 0x00, 0x00, 0x00, 0x00, 0x00, 0x26, 0x00, 0x00, 0x00,
    0x00, 0x00, 0x05, 0x55, 0x55, 0x8b, 0x55, 0x55, 0x50, 0x00, 0x00, 0x09, 0x33, 0x33, 0x33, 0x33,
    0x33, 0x90, 0x00, 0x00, 0x08, 0x00, 0x00, 0x00, 0x00, 0x00, 0x80, 0x00, 0x00, 0x0c, 0x88, 0x88,
    0x88, 0x88, 0x88, 0xc0, 0x00, 0x00, 0x08, 0x00, 0x00, 0x00, 0x00, 0x00, 0x80, 0x00, 0x00, 0x08,
    0x88, 0x88, 0x8c, 0x88, 0x88, 0x80, 0x00, 0x00, 0x00, 0x00, 0x00, 0x08, 0x00, 0x00, 0x00, 0x00,
    0x08, 0x88, 0x88, 0x88, 0x8f, 0x88, 0x88, 0x88, 0x80, 0x00, 0x00, 0x00, 0x00, 0x08, 0x00, 0x00,
    0x00, 0x00, 0x00, 0x00, 0x00, 0x00, 0x08, 0x00, 0x00, 0x00, 0x00, 0x00, 0x07, 0x00, 0x00, 0x14,
    0x07, 0x00, 0x50, 0x00, 0x00, 0x80, 0x00, 0x02, 0x60, 0x80, 0x08, 0x00, 0x00, 0x08, 0x00, 0x01,
    0x38, 0x1a, 0x11, 0xa1, 0x10, 0x78, 0xf8, 0x84, 0x58, 0xd6, 0xf6, 0x6f, 0x64, 0x08, 0x08, 0x00,
    0x70, 0x26, 0x08, 0x00, 0x80, 0x00, 0x80, 0x80, 0x07, 0x01, 0x50, 0x70, 0x07, 0x00, 0x08, 0x08,
    0x00, 0x70, 0x00, 0x00, 0x00, 0x00, 0x00, 0x80, 0x80, 0x07, 0xa8, 0x88, 0xd8, 0x88, 0x88, 0x08,
    0x08, 0x00, 0x78, 0x00, 0x08, 0x00, 0x00, 0x80, 0xa8, 0xf8, 0x85, 0x40, 0x00, 0x80, 0x00, 0x04,
    0x06, 0x08, 0x00, 0x00, 0x98, 0x8f, 0x98, 0xb5, 0x00, 0x00, 0x80, 0x71, 0x08, 0x00, 0x80, 0x03,
    0x50, 0x00, 0x08, 0x03, 0x50, 0x80, 0x08, 0x00, 0x35, 0x00, 0x00, 0x94, 0x8a, 0x08, 0x00, 0x80,
    0x03, 0x50, 0x08, 0x99, 0x40, 0x80, 0x80, 0x08, 0x00, 0x34, 0x00, 0x10, 0x00, 0x04, 0x04, 0x00,
    0x82, 0x76, 0x00, 0x00, 0x07, 0x00, 0x00, 0x70, 0x00, 0x70, 0x00, 0x00, 0x00, 0x80, 0x00, 0x08,
    0x00, 0x26, 0x00, 0x00, 0x00, 0x08, 0x00, 0x01, 0x60, 0x0b, 0x98, 0x8e, 0x00, 0x78, 0xf8, 0x80,
    0x61, 0x82, 0xd2, 0x01, 0x80, 0x08, 0x08, 0x08, 0x0c, 0x08, 0x60, 0x81, 0x90, 0x00, 0x80, 0x80,
    0x84, 0xd0, 0x80, 0x01, 0xf4, 0x00, 0x08, 0x08, 0x08, 0x98, 0x08, 0x04, 0x81, 0x77, 0x10, 0x80,
    0x80, 0x81, 0x80, 0x87, 0x62, 0x22, 0x56, 0x08, 0x08, 0x08, 0x08, 0x08, 0x0a, 0x55, 0x5c, 0x00,
    0xa8, 0xf8, 0x80, 0x80, 0x80, 0x80, 0x00, 0x80, 0x06, 0x08, 0x00, 0x08, 0x08, 0x0d, 0x88, 0x8e,
    0x00, 0x00, 0x80, 0x70, 0x80, 0x80, 0x80, 0x00, 0x80, 0x00, 0x08, 0x08, 0x08, 0x08, 0x0d, 0x88,
    0x8e, 0x00, 0x00, 0x82, 0xc1, 0x80, 0x60, 0x80, 0x00, 0x80, 0x07, 0x89, 0x54, 0x58, 0x00, 0x08,
    0x00, 0x08, 0x00, 0x10, 0x00, 0x04, 0x80, 0x00, 0x80, 0x07, 0xa0, 0x00, 0x00, 0x00, 0x00, 0x00,
    0x00, 0x00, 0x00, 0x00, 0x00, 0x00, 0x00, 0x00, 0x06, 0x10, 0x00, 0x00, 0x00, 0x00, 0x78, 0x88,
    0x88, 0x89, 0xe8, 0x88, 0x88, 0x50, 0x00, 0x80, 0x00, 0x06, 0x00, 0x00, 0x50, 0x00, 0x00, 0x00,
    0x82, 0x88, 0x8f, 0x88, 0x88, 0xf8, 0x88, 0x30, 0x00, 0x80, 0x00, 0x08, 0x00, 0x00, 0x80, 0x00,
    0x00, 0x00, 0x80, 0x00, 0x08, 0x00, 0x00, 0x80, 0x00, 0x00, 0x00, 0x80, 0x00, 0x08, 0x88, 0x88,
    0x80, 0x00, 0x00, 0x00, 0x80, 0x08, 0x01, 0x40, 0x25, 0x00, 0x80, 0x00, 0x00, 0x80, 0x52, 0x00,
    0x70, 0x06, 0x10, 0x09, 0x00, 0x00, 0x80, 0x30, 0x00, 0x20, 0x80, 0x10, 0x01, 0x00, 0x00, 0x80,
    0x68, 0x88, 0x88, 0xf8, 0x88, 0x88, 0x00, 0x00, 0x80, 0x80, 0x00, 0x00, 0x80, 0x00, 0x08, 0x00,
    0x00, 0x70, 0x88, 0x88, 0x88, 0xf8, 0x88, 0x8a, 0x00, 0x03, 0x40, 0x00, 0x00, 0x00, 0x80, 0x01,
    0x50, 0x00, 0x08, 0x00, 0x00, 0x00, 0x12, 0xb4, 0x56, 0xac, 0x00, 0x08, 0x05, 0x88, 0x87, 0x65,
    0x43, 0x22, 0x12, 0x80, 0x00, 0x00, 0x00, 0x00, 0x00, 0x00, 0x00, 0x00, 0x00, 0x00, 0x07, 0x00,
    0x00, 0x70, 0x00, 0x08, 0x00, 0x00, 0x00, 0x08, 0x00, 0x00, 0x90, 0x00, 0x27, 0x00, 0x00, 0x00,
    0x08, 0x00, 0x05, 0xcf, 0x88, 0x99, 0xe7, 0x71, 0x07, 0x8f, 0x89, 0x09, 0x07, 0x23, 0x60, 0x81,
    0x00, 0x08, 0x08, 0x07, 0x41, 0x00, 0x16, 0x00, 0x13, 0x00, 0x08, 0x08, 0x07, 0x08, 0x8b, 0x01,
    0x36, 0x88, 0x20, 0x08, 0x08, 0x07, 0x00, 0x09, 0x15, 0x38, 0x00, 0x00, 0x08, 0x08, 0x07, 0x00,
    0x62, 0x00, 0x08, 0x00, 0x00, 0x08, 0x09, 0x07, 0x02, 0x70, 0x01, 0x19, 0x11, 0x00, 0x0a, 0x8f,
    0x88, 0x0b, 0x9c, 0x27, 0x7f, 0x77, 0x40, 0x04, 0x08, 0x00, 0x01, 0x07, 0x00, 0x08, 0x00, 0x00,
    0x00, 0x08, 0x08, 0x08, 0x08, 0x00, 0x08, 0x00, 0x00, 0x00, 0x08, 0x06, 0x23, 0x68, 0x25, 0x5d,
    0x55, 0x50, 0x00, 0x09, 0x6b, 0x60, 0xf4, 0x13, 0x33, 0x33, 0x30, 0x06, 0x99, 0x20, 0x82, 0x89,
    0x40, 0x00, 0x00, 0x00, 0x02, 0x00, 0x00, 0x48, 0x00, 0x49, 0x88, 0x88, 0x82, 0x00, 0x00, 0x00,
    0x20, 0x00, 0x00, 0x00, 0x00, 0x00, 0x00, 0x30, 0x00, 0x00, 0x00, 0x00, 0x02, 0x78, 0x00, 0x00,
    0x19, 0x00, 0x00, 0x24, 0x77, 0x75, 0x10, 0x00, 0x00, 0x01, 0x90, 0x00, 0xa2, 0x00, 0x00, 0x00,
    0x00, 0x00, 0x00, 0x21, 0x00, 0x80, 0x00, 0x00, 0x00, 0x00, 0x00, 0x00, 0x00, 0x00, 0x80, 0x00,
    0x00, 0x00, 0x00, 0x03, 0x33, 0x20, 0x00, 0x80, 0x00, 0x00, 0x00, 0x00, 0x05, 0x55, 0xa0, 0x00,
    0xa8, 0x88, 0x8c, 0x88, 0x81, 0x00, 0x00, 0x80, 0x00, 0x80, 0x00, 0x08, 0x00, 0x00, 0x00, 0x00,
    0x80, 0x00, 0x80, 0x00, 0x08, 0x00, 0x00, 0x00, 0x00, 0x80, 0x00, 0x80, 0x00, 0x08, 0x00, 0x00,
    0x00, 0x00, 0x80, 0x00, 0x80, 0x00, 0x08, 0x00, 0x00, 0x00, 0x00, 0x80, 0x00, 0x80, 0x00, 0x08,
    0x00, 0x00, 0x00, 0x00, 0x82, 0x84, 0x50, 0x00, 0x08, 0x00, 0x00, 0x00, 0x01, 0xf6, 0x08, 0x00,
    0x00, 0x08, 0x00, 0x00, 0x00, 0x0b, 0x40, 0x46, 0x00, 0x00, 0x08, 0x00, 0x00, 0x00, 0x00, 0x00,
    0x60, 0x00, 0x00, 0x08, 0x00, 0x00, 0x00, 0x00, 0x01, 0x40, 0x00, 0x00, 0x00, 0x00, 0x00, 0x00,
    0x02, 0x88, 0x10, 0x0c, 0x99, 0x99, 0x99, 0x93, 0x06, 0x86, 0x50, 0x00, 0x08, 0x00, 0x00, 0x00,
    0x00, 0x00, 0x40, 0x17, 0x08, 0x08, 0x00, 0x00, 0x05, 0x10, 0x00, 0x72, 0x09, 0xa2, 0x08, 0x35,
    0x00, 0x08, 0x00, 0x00, 0x09, 0x7d, 0x00, 0x08, 0x06, 0x20, 0x35, 0x00, 0x00, 0x7a, 0x25, 0x30,
    0x08, 0x00, 0x80, 0x80, 0x00, 0x03, 0x20, 0x02, 0xc0, 0x08, 0x00, 0x1b, 0x50, 0x00, 0x00, 0x00,
    0x48, 0x71, 0x08, 0x00, 0x0d, 0x50, 0x00, 0x00, 0x18, 0x50, 0x44, 0x08, 0x00, 0x53, 0x90, 0x00,
    0x06, 0x91, 0x00, 0xb8, 0x08, 0x01, 0x70, 0x18, 0x00, 0x00, 0x00, 0x09, 0x37, 0x08, 0x07, 0x00,
    0x07, 0x30, 0x00, 0x02, 0x91, 0x08, 0x08, 0x71, 0x00, 0x00, 0x90, 0x00, 0x78, 0x00, 0x26, 0x08,
    0x20, 0x00, 0x00, 0x20, 0x08, 0x30, 0x00, 0x72, 0x08, 0x00, 0x00, 0x00, 0x00, 0x00, 0x01, 0x99,
    0x70, 0x08, 0x88, 0x88, 0x88, 0x84, 0x00, 0x00, 0x00, 0x00, 0x00, 0x00, 0x00, 0x00, 0x00, 0x00,
    0x08, 0x00, 0x00, 0x00, 0x00, 0x00, 0x00, 0x30, 0x08, 0x00, 0x03, 0x06, 0x88, 0x88, 0xc0, 0x80,
    0x08, 0x00, 0x08, 0x08, 0x00, 0x01, 0x80, 0x80, 0x08, 0x00, 0x08, 0x08, 0x00, 0x08, 0x10, 0x80,
    0x08, 0x00, 0x08, 0x08, 0x00, 0x18, 0x00, 0x80, 0x08, 0x00, 0x08, 0x08, 0x00, 0x71, 0x00, 0xa8,
    0x8f, 0x88, 0x88, 0x08, 0x01, 0x80, 0x00, 0x00, 0x08, 0x00, 0x00, 0x08, 0x00, 0x81, 0x00, 0x00,
    0x08, 0x00, 0x00, 0x08, 0x00, 0x09, 0x00, 0x80, 0x08, 0x00, 0x08, 0x08, 0x00, 0x02, 0x70, 0x80,
    0x08, 0x00, 0x08, 0x08, 0x00, 0x00, 0x90, 0x80, 0x08, 0x00, 0x08, 0x08, 0x00, 0x00, 0x80, 0x80,
    0x08, 0x00, 0x08, 0x08, 0x00, 0x00, 0x90, 0x80, 0x09, 0x12, 0x3a, 0x08, 0x04, 0x78, 0x40, 0xa8,
    0x87, 0x65, 0x4a, 0x08, 0x00, 0x00, 0x00, 0x00, 0x00, 0x00, 0x04, 0x08, 0x00, 0x00, 0x00, 0x00,
    0x05, 0x00, 0x05, 0x00, 0x00, 0x00, 0x00, 0x00, 0x00, 0x80, 0x00, 0x80, 0x00, 0xb8, 0x88, 0x99,
    0x00, 0x08, 0x00, 0x08, 0x00, 0x08, 0x00, 0x07, 0x20, 0x00, 0x80, 0x00, 0x80, 0x00, 0x80, 0x00,
    0x90, 0x06, 0x8f, 0x88, 0x8f, 0x88, 0x08, 0x00, 0x63, 0x00, 0x00, 0x80, 0x00, 0x80, 0x00, 0x80,
    0x09, 0x00, 0x00, 0x08, 0x00, 0x08, 0x00, 0x08, 0x03, 0x70, 0x00, 0x00, 0x80, 0x00, 0x80, 0x00,
    0x80, 0x07, 0x30, 0x00, 0x08, 0x00, 0x08, 0x00, 0x08, 0x00, 0x09, 0x00, 0x88, 0xd8, 0x88, 0xe8,
    0x83, 0x80, 0x00, 0x53, 0x00, 0x00, 0x00, 0x00, 0x00, 0x08, 0x00, 0x01, 0x60, 0x00, 0x50, 0x00,
    0x40, 0x00, 0x80, 0x00, 0x07, 0x00, 0x18, 0x00, 0x05, 0x40, 0x08, 0x00, 0x03, 0x50, 0x08, 0x10,
    0x00, 0x08, 0x20, 0x80, 0x58, 0x80, 0x06, 0x40, 0x00, 0x00, 0x09, 0x08, 0x00, 0x00, 0x00, 0x30,
    0x00, 0x00, 0x00, 0x20, 0x80, 0x00, 0x00, 0x02, 0x00, 0x70, 0x01, 0x10, 0x00, 0x00, 0x00, 0x00,
    0x71, 0x08, 0x00, 0x80, 0x08, 0x88, 0x88, 0xe0, 0x00, 0x70, 0x80, 0x35, 0x00, 0x80, 0x00, 0x37,
    0x07, 0x88, 0x8d, 0x8c, 0x89, 0x38, 0x00, 0x0a, 0x00, 0x80, 0x00, 0x00, 0x00, 0x35, 0x80, 0x03,
    0x70, 0x06, 0x38, 0x88, 0x88, 0x82, 0x48, 0x00, 0x90, 0x00, 0x06, 0x20, 0x00, 0x08, 0x00, 0x80,
    0x19, 0x00, 0x00, 0x62, 0x00, 0x00, 0x80, 0x08, 0x00, 0x56, 0x00, 0x06, 0x20, 0x00, 0x08, 0x00,
    0x80, 0x00, 0x82, 0x00, 0x39, 0x8d, 0x88, 0x90, 0x08, 0x00, 0x00, 0x80, 0x00, 0x00, 0x80, 0x00,
    0x00, 0x80, 0x00, 0x08, 0x00, 0x34, 0x4c, 0x44, 0x42, 0x08, 0x00, 0x00, 0x80, 0x04, 0x44, 0xc4,
    0x44, 0x20, 0x80, 0x00, 0x19, 0x00, 0x00, 0x08, 0x00, 0x00, 0x08, 0x06, 0x86, 0x10, 0x00, 0x23,
    0xd6, 0x88, 0x81, 0x80, 0x00, 0x00, 0x05, 0x75, 0x42, 0x10, 0x00, 0x08, 0x00, 0x00, 0x00, 0x00,
    0x07, 0x00, 0x00, 0x00, 0x04, 0x20, 0x00, 0x00, 0x00, 0x17, 0x00, 0x00, 0x05, 0x06, 0x10, 0x82,
    0x00, 0x00, 0xa9, 0x88, 0x83, 0x17, 0x08, 0x00, 0x08, 0x20, 0x02, 0x70, 0x00, 0x00, 0x52, 0x08,
    0x00, 0x00, 0x30, 0x09, 0x00, 0x00, 0x00, 0xd8, 0x8f, 0x88, 0x88, 0x81, 0x00, 0x88, 0xa8, 0x80,
    0x00, 0x07, 0x00, 0x00, 0x00, 0x00, 0x00, 0x80, 0x00, 0x00, 0x44, 0x00, 0x00, 0x00, 0x00, 0x00,
    0x80, 0x00, 0x00, 0x96, 0x66, 0x67, 0x10, 0x00, 0x00, 0x80, 0x00, 0x00, 0xf3, 0x22, 0x2a, 0x10,
    0x07, 0x88, 0xf8, 0x83, 0x03, 0x86, 0x00, 0x09, 0x00, 0x00, 0x00, 0x80, 0x00, 0x09, 0x09, 0x00,
    0x63, 0x00, 0x00, 0x00, 0x80, 0x00, 0x45, 0x03, 0x61, 0x90, 0x00, 0x00, 0x00, 0x80, 0x01, 0x90,
    0x00, 0x8c, 0x00, 0x00, 0x00, 0x00, 0x80, 0x45, 0x10, 0x01, 0xab, 0x10, 0x00, 0x00, 0x00, 0xe8,
    0x20, 0x00, 0x39, 0x10, 0x93, 0x00, 0x00, 0x0a, 0x70, 0x00, 0x29, 0x60, 0x00, 0x07, 0x80, 0x00,
    0x00, 0x00, 0x00, 0x10, 0x00, 0x00, 0x00, 0x10, 0x00, 0x61, 0x00, 0x00, 0x07, 0x00, 0x08, 0x00,
    0x00, 0x08, 0x00, 0x01, 0x33, 0xa3, 0x33, 0xb3, 0x31, 0x07, 0xb8, 0x88, 0x45, 0x5d, 0x55, 0x5d,
    0x55, 0x11, 0x80, 0x00, 0x00, 0x00, 0x66, 0x00, 0x60, 0x20, 0x90, 0x00, 0x00, 0x00, 0x11, 0xa1,
    0x11, 0x54, 0x00, 0x78, 0xa8, 0x60, 0x47, 0x7f, 0x77, 0x87, 0x00, 0x00, 0x08, 0x00, 0x00, 0x00,
    0x80, 0x18, 0x00, 0x00, 0x00, 0x80, 0x01, 0x77, 0x7e, 0x9f, 0x87, 0x72, 0x00, 0x08, 0x00, 0x00,
    0x00, 0x28, 0x10, 0x00, 0x05, 0x88, 0xf8, 0x80, 0x00, 0x47, 0x00, 0x00, 0x00, 0x00, 0x08, 0x00,
    0x00, 0xae, 0x88, 0x88, 0x80, 0x00, 0x00, 0x80, 0x04, 0x96, 0x40, 0x00, 0x07, 0x00, 0x00, 0x08,
    0x00, 0x00, 0x4c, 0x88, 0x88, 0xc0, 0x00, 0x00, 0x81, 0x80, 0x04, 0x40, 0x00, 0x07, 0x00, 0x00,
    0x2f, 0x60, 0x00, 0x44, 0x00, 0x00, 0x70, 0x00, 0x0a, 0x30, 0x00, 0x04, 0xc8, 0x88, 0x8c, 0x00,
    0x00, 0x00, 0x00, 0x00, 0x00, 0x00, 0x00, 0x00, 0x00, 0x00, 0x00, 0x00, 0x00, 0x00, 0x00, 0x00,
    0x00, 0x00, 0x00, 0x36, 0x00, 0x00, 0x02, 0x50, 0x11, 0x10, 0x00, 0x0c, 0x88, 0x40, 0x68, 0x60,
    0xa7, 0x7c, 0x30, 0x02, 0x70, 0x63, 0x18, 0x00, 0x08, 0x00, 0x53, 0x00, 0x80, 0x09, 0x01, 0x70,
    0x00, 0x80, 0x05, 0x30, 0x58, 0x38, 0x73, 0x17, 0x00, 0x08, 0x00, 0x53, 0x05, 0xa5, 0xd5, 0xa1,
    0x70, 0x00, 0x80, 0x05, 0x30, 0x08, 0x08, 0x08, 0x1e, 0x88, 0x78, 0x00, 0x53, 0x00, 0x80, 0x80,
    0x81, 0x70, 0x00, 0x80, 0x05, 0x30, 0x0c, 0x8f, 0x8c, 0x17, 0x00, 0x08, 0x00, 0x53, 0x00, 0x80,
    0x80, 0x81, 0x70, 0x00, 0x80, 0x05, 0x30, 0x08, 0x08, 0x08, 0x17, 0x00, 0x08, 0x00, 0x53, 0x00,
    0xb7, 0xe7, 0xb1, 0x70, 0x01, 0x80, 0x05, 0x20, 0x00, 0x00, 0x00, 0x2a, 0x78, 0x48, 0x08, 0x90,
    0x00, 0x02, 0x67, 0x63, 0x80, 0x00, 0x80, 0x00, 0x00, 0x78, 0x51, 0x00, 0x00, 0x00, 0x08, 0x00,
    0x00, 0x00, 0x00, 0x00, 0x00, 0x00, 0x00, 0x80, 0x00, 0x00, 0x00, 0x17, 0x00, 0x00, 0x00, 0x05,
    0x00, 0x00, 0x00, 0x08, 0x64, 0x20, 0x00, 0x01, 0x60, 0x00, 0x00, 0x00, 0xa4, 0xa4, 0x07, 0x88,
    0xcb, 0x88, 0x83, 0x00, 0x71, 0x09, 0x00, 0x00, 0x07, 0x00, 0x00, 0x00, 0x49, 0x3a, 0x63, 0x04,
    0x77, 0xf7, 0x77, 0x71, 0x05, 0xa5, 0xd5, 0xa0, 0x01, 0x18, 0x11, 0x11, 0x00, 0x08, 0x08, 0x08,
    0x00, 0x05, 0x20, 0x00, 0x00, 0x00, 0x80, 0x80, 0x83, 0x88, 0xf8, 0x8b, 0xc8, 0x80, 0x0c, 0x8f,
    0x8c, 0x00, 0x43, 0x00, 0x08, 0x00, 0x00, 0x80, 0x80, 0x80, 0x1f, 0x88, 0x88, 0xca, 0x00, 0x08,
    0x08, 0x08, 0x19, 0x80, 0x00, 0x05, 0x69, 0x00, 0xa4, 0xc4, 0xa4, 0x17, 0x00, 0x00, 0x52, 0x20,
    0x00, 0x00, 0x00, 0x00, 0xc8, 0x88, 0x8d, 0x20, 0x00, 0x00, 0x00, 0x10, 0x07, 0x00, 0x00, 0x52,
    0x00, 0x67, 0x77, 0x64, 0x10, 0xc8, 0x88, 0x8e, 0x20, 0x00, 0x00, 0x00, 0x00, 0x07, 0x00, 0x00,
    0x52, 0x00, 0x00, 0x00, 0x00, 0x00, 0x00, 0x00, 0x00, 0x00, 0x00, 0x00, 0x00, 0x00, 0x00, 0x00,
    0x04, 0x00, 0x00, 0x00, 0x00, 0xd7, 0x7a, 0x01, 0x80, 0x26, 0x01, 0x80, 0x00, 0x00, 0x80, 0x08,
    0x00, 0x33, 0x71, 0x05, 0x00, 0x00, 0x00, 0x80, 0x08, 0x18, 0x88, 0xf8, 0x88, 0x88, 0x20, 0x00,
    0x80, 0x08, 0x00, 0x06, 0x30, 0x00, 0x00, 0x00, 0x00, 0xe8, 0x8a, 0x58, 0xaf, 0x88, 0x8d, 0x88,
    0x80, 0x00, 0x80, 0x08, 0x00, 0x91, 0x70, 0x01, 0x80, 0x00, 0x00, 0x80, 0x08, 0x29, 0x1b, 0x98,
    0xc3, 0x28, 0x10, 0x00, 0x80, 0x08, 0x60, 0x82, 0x02, 0x90, 0x01, 0x81, 0x00, 0xd7, 0x7a, 0x1b,
    0xd8, 0x8f, 0x88, 0x96, 0x00, 0x01, 0x71, 0x18, 0x12, 0x60, 0x08, 0x00, 0x26, 0x00, 0x03, 0x50,
    0x08, 0x02, 0xb8, 0x8f, 0x88, 0x96, 0x00, 0x05, 0x20, 0x08, 0x02, 0x60, 0x08, 0x00, 0x26, 0x00,
    0x08, 0x00, 0x08, 0x01, 0x88, 0x8b, 0x88, 0x83, 0x00, 0x08, 0x00, 0x08, 0x78, 0x88, 0x88, 0x88,
    0x88, 0x60, 0x26, 0x07, 0x77, 0x00, 0x00, 0x00, 0x00, 0x00, 0x00, 0x00, 0x00, 0x00, 0x00, 0x00,
    0x00, 0x00, 0x00, 0x00, 0x00, 0x00, 0x00, 0x00, 0x00, 0x00, 0x00, 0x00, 0x00, 0x00, 0x00, 0x00,
    0x00, 0x09, 0x00, 0x00, 0x25, 0x55, 0x95, 0x54, 0x48, 0xbb, 0x88, 0x90, 0x00, 0x00, 0x90, 0x00,
    0x80, 0x00, 0x00, 0x80, 0x00, 0x00, 0x90, 0x00, 0x80, 0x42, 0x00, 0x80, 0x08, 0x88, 0xf8, 0xa1,
    0x80, 0x09, 0x30, 0x80, 0x08, 0x00, 0x90, 0x62, 0x80, 0x00, 0x60, 0x80, 0x08, 0x00, 0x90, 0x62,
    0x80, 0x00, 0x00, 0x80, 0x08, 0x00, 0x90, 0x62, 0x80, 0x02, 0x77, 0x10, 0x08, 0x00, 0x90, 0x62,
    0x80, 0x00, 0x00, 0x00, 0x08, 0x00, 0x90, 0x62, 0x48, 0x88, 0x88, 0x8a, 0x08, 0x00, 0x90, 0x62,
    0x00, 0x00, 0x00, 0x06, 0x08, 0x00, 0x90, 0x62, 0x11, 0x11, 0x11, 0x06, 0x08, 0x00, 0x90, 0x73,
    0x77, 0x77, 0x75, 0x06, 0x07, 0x00, 0x97, 0x70, 0x00, 0x00, 0x00, 0x06, 0x00, 0x00, 0x90, 0x00,
    0x00, 0x00, 0x00, 0x15, 0x00, 0x00, 0x90, 0x00, 0x00, 0x00, 0x77, 0x91, 0x00, 0x00, 0x00, 0x00,
    0x00, 0x00, 0x00, 0x00, 0x00, 0x00, 0x40, 0x00, 0x00, 0x03, 0x40, 0x00, 0x00, 0x00, 0x07, 0x10,
    0x00, 0x12, 0xa2, 0x22, 0x00, 0x00, 0x00, 0x17, 0x00, 0x0a, 0x67, 0x66, 0xb4, 0x00, 0x88, 0x88,
    0xa8, 0x85, 0x80, 0x20, 0x05, 0x30, 0x00, 0x05, 0x00, 0x50, 0x08, 0x06, 0x50, 0x62, 0x00, 0x07,
    0x20, 0x04, 0x50, 0x80, 0x05, 0x27, 0x10, 0x02, 0x80, 0x00, 0x07, 0x18, 0x00, 0x00, 0x90, 0x00,
    0xa0, 0x00, 0x02, 0x03, 0x80, 0x06, 0x74, 0x00, 0x00, 0x00, 0x00, 0x80, 0x08, 0x00, 0x00, 0x00,
    0x00, 0x06, 0x60, 0x62, 0x00, 0x88, 0x88, 0x88, 0xc7, 0x00, 0x04, 0x89, 0x00, 0x00, 0x00, 0x00,
    0x04, 0x60, 0x00, 0x08, 0xd0, 0x00, 0x00, 0x00, 0x00, 0x55, 0x00, 0x00, 0x92, 0x90, 0x78, 0x88,
    0x88, 0x06, 0x40, 0x00, 0x82, 0x04, 0x60, 0x00, 0x00, 0x00, 0x72, 0x00, 0x55, 0x00, 0x00, 0x00,
    0x00, 0x00, 0x09, 0x00, 0x57, 0x00, 0x00, 0x00, 0x00, 0x04, 0x77, 0x90, 0x05, 0x00, 0x00, 0x00,
    0x00, 0x00, 0x00, 0x00, 0x00, 0x27, 0x77, 0x87, 0x77, 0x72, 0x00, 0x00, 0x80, 0x02, 0x24, 0xa2,
    0x22, 0x20, 0x26, 0x00, 0x80, 0x00, 0x3f, 0x88, 0x8a, 0x30, 0x26, 0x00, 0x80, 0x18, 0x80, 0x00,
    0x09, 0x00, 0x26, 0x00, 0x80, 0x41, 0x29, 0x20, 0x82, 0x00, 0x26, 0x00, 0x80, 0x00, 0x00, 0xc9,
    0x10, 0x00, 0x14, 0x00, 0x80, 0x03, 0x78, 0x30, 0x08, 0x10, 0x00, 0x77, 0x70, 0x64, 0x1c, 0x88,
    0xbb, 0x88, 0x88, 0xa0, 0x00, 0x00, 0x17, 0x00, 0x50, 0x00, 0x00, 0x80, 0x00, 0x00, 0x17, 0x00,
    0x39, 0x20, 0x00, 0x80, 0x00, 0x00, 0x17, 0x00, 0x00, 0x60, 0x77, 0x30, 0x00, 0x00, 0x1b, 0x88,
    0x88, 0x88, 0x88, 0x88, 0xc0, 0x00, 0x00, 0x00, 0x00, 0x00, 0x00, 0x00, 0x80, 0x78, 0x88, 0x88,
    0x88, 0x88, 0x88, 0x00, 0x80, 0x00, 0x00, 0x00, 0x00, 0x00, 0x00, 0x00, 0x80, 0x00, 0x00, 0x00,
    0x00, 0x00, 0x18, 0x78, 0x50, 0x00, 0x00, 0x00, 0x00, 0x00, 0x00, 0x00, 0x00, 0x00, 0x00, 0x60,
    0x00, 0x00, 0x07, 0x00, 0x00, 0x00, 0x00, 0x80, 0x00, 0x02, 0x3a, 0x22, 0x20, 0x28, 0x88, 0xf8,
    0x87, 0x1a, 0x66, 0x66, 0xa0, 0x00, 0x00, 0x80, 0x00, 0x17, 0x13, 0x00, 0x80, 0x08, 0x88, 0xf8,
    0x85, 0x17, 0x06, 0x60, 0x80, 0x00, 0x00, 0x80, 0x00, 0x17, 0x00, 0x42, 0x70, 0x68, 0x88, 0xb8,
    0x88, 0x37, 0x01, 0x15, 0x40, 0x00, 0x00, 0x00, 0x00, 0x17, 0x03, 0x65, 0x00, 0x0b, 0x88, 0x88,
    0x8a, 0x17, 0x00, 0x00, 0x00, 0x08, 0x00, 0x00, 0x09, 0x09, 0x88, 0x88, 0xa7, 0x0d, 0x88, 0x88,
    0x8a, 0x00, 0x00, 0x00, 0x26, 0x08, 0x00, 0x00, 0x09, 0x23, 0x33, 0x33, 0x35, 0x0d, 0x88, 0x88,
    0x8a, 0x24, 0x44, 0x44, 0x44, 0x08, 0x00, 0x00, 0x09, 0x00, 0x00, 0x00, 0x52, 0x08, 0x00, 0x00,
    0x09, 0x00, 0x00, 0x00, 0x80, 0x08, 0x00, 0x37, 0x76, 0x00, 0x00, 0x77, 0x80, 0x00, 0x00, 0x00,
    0x00, 0x00, 0x00, 0x00, 0x00, 0x00, 0x00, 0x00, 0x00, 0x00, 0x00, 0x10, 0x00, 0x00, 0x02, 0x22,
    0x22, 0x20, 0x00, 0x08, 0x00, 0x00, 0x02, 0xa6, 0x66, 0x6a, 0x10, 0x88, 0xe8, 0x87, 0x00, 0x26,
    0x00, 0x00, 0x71, 0x08, 0x00, 0x00, 0x80, 0x02, 0xb8, 0x88, 0x8b, 0x10, 0x81, 0x40, 0x08, 0x00,
    0x26, 0x00, 0x00, 0x71, 0x08, 0x05, 0x70, 0x80, 0x02, 0xb8, 0x88, 0x8b, 0x10, 0x80, 0x04, 0x26,
    0x00, 0x26, 0x00, 0x00, 0x71, 0x08, 0x00, 0x04, 0x40, 0x02, 0x83, 0x33, 0x38, 0x10, 0x80, 0x37,
    0x60, 0x00, 0x04, 0x47, 0x45, 0x40, 0x08, 0x00, 0x00, 0x00, 0x00, 0x00, 0x70, 0x80, 0x00, 0x98,
    0x88, 0x8a, 0x70, 0x22, 0x2a, 0x24, 0x92, 0x00, 0x00, 0x00, 0x26, 0x07, 0x77, 0xff, 0x77, 0x60,
    0x00, 0x00, 0x03, 0x50, 0x00, 0x17, 0x36, 0x01, 0x88, 0x88, 0x88, 0x44, 0x00, 0x09, 0x10, 0x81,
    0x00, 0x00, 0x00, 0x06, 0x20, 0x07, 0x40, 0x00, 0x90, 0x00, 0x00, 0x00, 0x80, 0x09, 0x40, 0x00,
    0x05, 0x00, 0x00, 0x08, 0x88, 0x00, 0x10, 0x00, 0x00, 0x00, 0x00, 0x00, 0x00, 0x00, 0x00, 0x00,
    0x00, 0x00, 0x11, 0x00, 0x02, 0x00, 0x00, 0x02, 0x36, 0x77, 0x86, 0x10, 0x00, 0x80, 0x00, 0x0b,
    0x53, 0x10, 0x50, 0x00, 0x28, 0xca, 0x89, 0x00, 0x80, 0x00, 0x0c, 0x88, 0x65, 0x30, 0x00, 0x80,
    0x08, 0x00, 0x00, 0x70, 0x00, 0x53, 0x70, 0x08, 0x00, 0x80, 0x44, 0x4b, 0x44, 0x46, 0x31, 0x90,
    0x80, 0x08, 0x0a, 0x44, 0x74, 0x48, 0x73, 0x01, 0x38, 0x00, 0x80, 0x70, 0x07, 0x00, 0x75, 0x30,
    0x01, 0x80, 0x08, 0x07, 0x67, 0xf7, 0x60, 0x53, 0x17, 0x71, 0x00, 0x80, 0x70, 0x07, 0x00, 0x55,
    0x30, 0x00, 0x00, 0x08, 0x07, 0x00, 0xa9, 0x96, 0x38, 0x88, 0x88, 0xb0, 0x80, 0x70, 0x56, 0x71,
    0x00, 0x00, 0x00, 0x08, 0x08, 0x08, 0x08, 0x37, 0x40, 0x00, 0x00, 0x00, 0x80, 0x71, 0x50, 0x70,
    0x44, 0x08, 0x88, 0x88, 0x18, 0x26, 0x52, 0x17, 0x04, 0x42, 0x10, 0x00, 0x01, 0x76, 0x18, 0x08,
    0x10, 0x4b, 0x60, 0x00, 0x00, 0x35, 0x20, 0x55, 0x30, 0x07, 0x40, 0x00, 0x05, 0x89, 0x10, 0x00,
    0x00, 0x00, 0x00, 0x00, 0x00, 0x00, 0x00, 0x00, 0x00, 0x00, 0x00, 0x00, 0x00, 0x00, 0x00, 0x00,
    0x00, 0x00, 0x00, 0x03, 0x20, 0x00, 0x07, 0x10, 0x00, 0x01, 0xd8, 0x87, 0x00, 0x80, 0x04, 0x5d,
    0x56, 0x10, 0x02, 0x60, 0x08, 0x78, 0xd8, 0x59, 0x33, 0x35, 0x40, 0x02, 0x60, 0x08, 0x21, 0x05,
    0x08, 0x42, 0x03, 0x30, 0x02, 0x60, 0x08, 0x16, 0x08, 0x08, 0x08, 0x44, 0x20, 0x02, 0xd8, 0x88,
    0x07, 0x08, 0x08, 0x00, 0x55, 0x10, 0x02, 0x60, 0x00, 0x06, 0x24, 0x08, 0x01, 0x18, 0x00, 0x02,
    0x50, 0x00, 0x88, 0xd8, 0x68, 0x03, 0x52, 0x00, 0x03, 0x83, 0x32, 0x00, 0x80, 0x08, 0x00, 0x00,
    0x00, 0x04, 0xd5, 0x49, 0x00, 0x80, 0x06, 0x88, 0x88, 0xd0, 0x05, 0xb0, 0x08, 0x01, 0x91, 0x00,
    0x00, 0x00, 0x80, 0x07, 0x80, 0x08, 0x78, 0xf8, 0x50, 0x00, 0x00, 0x80, 0x08, 0x80, 0x08, 0x00,
    0x80, 0x08, 0x88, 0x86, 0x80, 0x08, 0x80, 0x08, 0x00, 0x80, 0x00, 0x00, 0x00, 0x80, 0x26, 0xa8,
    0x86, 0x00, 0x80, 0x00, 0x00, 0x00, 0x80, 0x01, 0x80, 0x00, 0x00, 0x80, 0x00, 0x04, 0x78, 0x50,
    0x00, 0x00, 0x00, 0x00, 0x00, 0x00, 0x00, 0x00, 0x00, 0x00, 0x00, 0x00, 0x07, 0x00, 0x28, 0x40,
    0x00, 0x00, 0x00, 0x00, 0x00, 0x35, 0x00, 0x00, 0x49, 0x30, 0x00, 0x07, 0x88, 0x88, 0xfa, 0x8b,
    0xa8, 0x88, 0x88, 0x70, 0x00, 0x00, 0x00, 0x80, 0x04, 0x30, 0x00, 0x70, 0x00, 0x00, 0x00, 0x08,
    0x10, 0x04, 0x31, 0x69, 0x30, 0x00, 0x00, 0x00, 0x73, 0x00, 0x2b, 0xc7, 0x20, 0x00, 0x10, 0x00,
    0x29, 0x31, 0x78, 0x55, 0x50, 0x00, 0x00, 0x90, 0x06, 0x60, 0x00, 0x00, 0x00, 0x68, 0x88, 0x88,
    0x30, 0x00, 0x00, 0x00, 0x00, 0x00, 0x00, 0x00, 0x00, 0x00, 0x00, 0x58, 0x88, 0x88, 0xcb, 0x88,
    0x88, 0x87, 0x00, 0x00, 0x00, 0x00, 0x00, 0x82, 0x00, 0x00, 0x00, 0x00, 0x00, 0x00, 0x00, 0x00,
    0xa0, 0x00, 0x00, 0x00, 0x00, 0x08, 0x88, 0x88, 0x8d, 0xef, 0x98, 0x88, 0x88, 0x80, 0x00, 0x00,
    0x00, 0x38, 0x01, 0x82, 0x00, 0x00, 0x00, 0x00, 0x00, 0x28, 0x60, 0x00, 0x06, 0x82, 0x00, 0x00,
    0x06, 0x88, 0x50, 0x00, 0x00, 0x00, 0x06, 0x87, 0x20, 0x01, 0x00, 0x00, 0x00, 0x00, 0x00, 0x00,
    0x01, 0x40, 0x00, 0x1f, 0x30, 0x00, 0x00, 0x00, 0x00, 0x00, 0x00, 0x1f, 0x30, 0x00, 0x00, 0x00,
    0x00, 0x00, 0x00, 0x1f, 0x30, 0x00, 0x00, 0x00, 0x00, 0x00, 0x00, 0x1f, 0x30, 0x00, 0x00, 0x00,
    0x00, 0x00, 0x00, 0x1f, 0x63, 0x33, 0x33, 0x33, 0x32, 0x00, 0x00, 0x1e, 0xee, 0xee, 0xee, 0xee,
    0xe8, 0x00, 0x00, 0x00, 0x00, 0x00, 0x00, 0x00, 0x00, 0x00, 0x11, 0x11, 0x11, 0x11, 0x11, 0x11,
    0x11, 0x10, 0xef, 0xff, 0xff, 0xff, 0xff, 0xff, 0xff, 0xfc, 0x11, 0x11, 0x11, 0x1a, 0xb1, 0x11,
    0x11, 0x11, 0x00, 0x00, 0x00, 0x0a, 0xb0, 0x00, 0x00, 0x00, 0x00, 0x4f, 0x10, 0x0a, 0xb0, 0x00,
    0x00, 0x00, 0x00, 0x4f, 0x10, 0x0a, 0xb0, 0x00, 0x00, 0x00, 0x00, 0x4f, 0x10, 0x03, 0x30, 0x00,
    0x00, 0x00, 0x00, 0x4f, 0x32, 0x22, 0x22, 0x22, 0x21, 0x00, 0x00, 0x4f, 0xff, 0xff, 0xff, 0xff,
    0xf8, 0x00, 0x04, 0x40, 0x3f, 0xf2, 0x3f, 0xf2, 0x01, 0x10, 0x00, 0x00, 0x00, 0x00, 0x00, 0x00,
    0x15, 0x50, 0x3f, 0xf2, 0x2f, 0xf1, 0x04, 0x40, 0x3f, 0xf2, 0x3f, 0xf2, 0x01, 0x10, 0x00, 0x00,
    0x00, 0x00, 0x00, 0x00, 0x15, 0x50, 0x3f, 0xf2, 0x2f, 0xf1,
};

static const lv_font_fmt_txt_glyph_dsc_t glyph_dsc[] = {
    {0}, /* Reserved missing glyph. */
    {.bitmap_index = 0, .adv_w = 288, .box_w = 5, .box_h = 6, .ofs_x = 2, .ofs_y = 9}, /* U+00B0 */
    {.bitmap_index = 15, .adv_w = 288, .box_w = 13, .box_h = 15, .ofs_x = 2, .ofs_y = 0}, /* U+00B1 */
    {.bitmap_index = 113, .adv_w = 80, .box_w = 4, .box_h = 3, .ofs_x = 1, .ofs_y = 10}, /* U+00B4 */
    {.bitmap_index = 119, .adv_w = 288, .box_w = 4, .box_h = 3, .ofs_x = 7, .ofs_y = 6}, /* U+00B7 */
    {.bitmap_index = 125, .adv_w = 288, .box_w = 12, .box_h = 14, .ofs_x = 3, .ofs_y = 0}, /* U+00D7 */
    {.bitmap_index = 209, .adv_w = 288, .box_w = 13, .box_h = 13, .ofs_x = 2, .ofs_y = 0}, /* U+00F7 */
    {.bitmap_index = 294, .adv_w = 80, .box_w = 5, .box_h = 4, .ofs_x = 0, .ofs_y = 10}, /* U+02DA */
    {.bitmap_index = 304, .adv_w = 224, .box_w = 13, .box_h = 12, .ofs_x = 0, .ofs_y = 0}, /* U+03A9 */
    {.bitmap_index = 382, .adv_w = 160, .box_w = 11, .box_h = 9, .ofs_x = 0, .ofs_y = 0}, /* U+03C3 */
    {.bitmap_index = 432, .adv_w = 240, .box_w = 13, .box_h = 9, .ofs_x = 1, .ofs_y = 0}, /* U+03C9 */
    {.bitmap_index = 491, .adv_w = 128, .box_w = 8, .box_h = 9, .ofs_x = 0, .ofs_y = -1}, /* U+0648 */
    {.bitmap_index = 527, .adv_w = 144, .box_w = 7, .box_h = 11, .ofs_x = 1, .ofs_y = 2}, /* U+0669 */
    {.bitmap_index = 566, .adv_w = 160, .box_w = 10, .box_h = 10, .ofs_x = 0, .ofs_y = 0}, /* U+0E05 */
    {.bitmap_index = 616, .adv_w = 112, .box_w = 6, .box_h = 9, .ofs_x = 0, .ofs_y = 0}, /* U+0E07 */
    {.bitmap_index = 643, .adv_w = 176, .box_w = 11, .box_h = 7, .ofs_x = 0, .ofs_y = 0}, /* U+0E51 */
    {.bitmap_index = 682, .adv_w = 0, .box_w = 8, .box_h = 3, .ofs_x = -4, .ofs_y = 11}, /* U+0EB6 */
    {.bitmap_index = 694, .adv_w = 32, .box_w = 3, .box_h = 14, .ofs_x = 0, .ofs_y = -3}, /* U+0F0D */
    {.bitmap_index = 715, .adv_w = 80, .box_w = 5, .box_h = 14, .ofs_x = 0, .ofs_y = -3}, /* U+0F0E */
    {.bitmap_index = 750, .adv_w = 272, .box_w = 17, .box_h = 12, .ofs_x = 0, .ofs_y = -3}, /* U+10DA */
    {.bitmap_index = 852, .adv_w = 288, .box_w = 12, .box_h = 6, .ofs_x = 3, .ofs_y = 9}, /* U+1107 */
    {.bitmap_index = 888, .adv_w = 288, .box_w = 15, .box_h = 6, .ofs_x = 1, .ofs_y = 9}, /* U+1109 */
    {.bitmap_index = 933, .adv_w = 288, .box_w = 15, .box_h = 6, .ofs_x = 1, .ofs_y = -1}, /* U+11BA */
    {.bitmap_index = 978, .adv_w = 288, .box_w = 16, .box_h = 7, .ofs_x = 1, .ofs_y = -2}, /* U+11BD */
    {.bitmap_index = 1034, .adv_w = 224, .box_w = 14, .box_h = 18, .ofs_x = 0, .ofs_y = -1}, /* U+141B */
    {.bitmap_index = 1160, .adv_w = 96, .box_w = 6, .box_h = 6, .ofs_x = 0, .ofs_y = 7}, /* U+141F */
    {.bitmap_index = 1178, .adv_w = 96, .box_w = 6, .box_h = 6, .ofs_x = 0, .ofs_y = 7}, /* U+1420 */
    {.bitmap_index = 1196, .adv_w = 224, .box_w = 14, .box_h = 17, .ofs_x = 0, .ofs_y = 0}, /* U+1452 */
    {.bitmap_index = 1315, .adv_w = 160, .box_w = 9, .box_h = 13, .ofs_x = 0, .ofs_y = 0}, /* U+146D */
    {.bitmap_index = 1374, .adv_w = 192, .box_w = 12, .box_h = 13, .ofs_x = 0, .ofs_y = 0}, /* U+1555 */
    {.bitmap_index = 1452, .adv_w = 224, .box_w = 14, .box_h = 13, .ofs_x = 0, .ofs_y = -1}, /* U+1559 */
    {.bitmap_index = 1543, .adv_w = 224, .box_w = 13, .box_h = 14, .ofs_x = 1, .ofs_y = 0}, /* U+15D2 */
    {.bitmap_index = 1634, .adv_w = 224, .box_w = 13, .box_h = 14, .ofs_x = 0, .ofs_y = 0}, /* U+15D5 */
    {.bitmap_index = 1725, .adv_w = 240, .box_w = 13, .box_h = 13, .ofs_x = 1, .ofs_y = 0}, /* U+15DC */
    {.bitmap_index = 1810, .adv_w = 240, .box_w = 13, .box_h = 14, .ofs_x = 1, .ofs_y = -1}, /* U+15E3 */
    {.bitmap_index = 1901, .adv_w = 240, .box_w = 13, .box_h = 13, .ofs_x = 1, .ofs_y = 0}, /* U+15E8 */
    {.bitmap_index = 1986, .adv_w = 160, .box_w = 10, .box_h = 5, .ofs_x = 0, .ofs_y = 0}, /* U+1D17 */
    {.bitmap_index = 2011, .adv_w = 176, .box_w = 11, .box_h = 10, .ofs_x = 0, .ofs_y = 0}, /* U+1D25 */
    {.bitmap_index = 2066, .adv_w = 112, .box_w = 7, .box_h = 4, .ofs_x = 0, .ofs_y = 7}, /* U+1D54 */
    {.bitmap_index = 2080, .adv_w = 112, .box_w = 7, .box_h = 4, .ofs_x = 0, .ofs_y = 4}, /* U+1D55 */
    {.bitmap_index = 2094, .adv_w = 112, .box_w = 5, .box_h = 5, .ofs_x = 1, .ofs_y = 4}, /* U+2022 */
    {.bitmap_index = 2107, .adv_w = 224, .box_w = 15, .box_h = 5, .ofs_x = 0, .ofs_y = -3}, /* U+203F */
    {.bitmap_index = 2145, .adv_w = 288, .box_w = 16, .box_h = 16, .ofs_x = 1, .ofs_y = -1}, /* U+2103 */
    {.bitmap_index = 2273, .adv_w = 240, .box_w = 12, .box_h = 13, .ofs_x = 2, .ofs_y = 0}, /* U+2200 */
    {.bitmap_index = 2351, .adv_w = 240, .box_w = 11, .box_h = 14, .ofs_x = 2, .ofs_y = -1}, /* U+2207 */
    {.bitmap_index = 2428, .adv_w = 256, .box_w = 14, .box_h = 14, .ofs_x = 1, .ofs_y = -1}, /* U+25D5 */
    {.bitmap_index = 2526, .adv_w = 240, .box_w = 13, .box_h = 13, .ofs_x = 1, .ofs_y = 0}, /* U+2727 */
    {.bitmap_index = 2611, .adv_w = 288, .box_w = 14, .box_h = 14, .ofs_x = 2, .ofs_y = -1}, /* U+3063 */
    {.bitmap_index = 2709, .adv_w = 288, .box_w = 13, .box_h = 14, .ofs_x = 3, .ofs_y = 0}, /* U+30B7 */
    {.bitmap_index = 2800, .adv_w = 288, .box_w = 16, .box_h = 16, .ofs_x = 2, .ofs_y = -1}, /* U+30C3 */
    {.bitmap_index = 2928, .adv_w = 288, .box_w = 16, .box_h = 9, .ofs_x = 1, .ofs_y = 2}, /* U+30CE */
    {.bitmap_index = 3000, .adv_w = 288, .box_w = 12, .box_h = 15, .ofs_x = 3, .ofs_y = -1}, /* U+30FD */
    {.bitmap_index = 3090, .adv_w = 288, .box_w = 16, .box_h = 16, .ofs_x = 1, .ofs_y = -1}, /* U+3447 */
    {.bitmap_index = 3218, .adv_w = 288, .box_w = 18, .box_h = 17, .ofs_x = 0, .ofs_y = -2}, /* U+344A */
    {.bitmap_index = 3371, .adv_w = 288, .box_w = 17, .box_h = 17, .ofs_x = 1, .ofs_y = -2}, /* U+356E */
    {.bitmap_index = 3516, .adv_w = 288, .box_w = 16, .box_h = 17, .ofs_x = 1, .ofs_y = -2}, /* U+360E */
    {.bitmap_index = 3652, .adv_w = 288, .box_w = 18, .box_h = 17, .ofs_x = 0, .ofs_y = -2}, /* U+364D */
    {.bitmap_index = 3805, .adv_w = 288, .box_w = 17, .box_h = 17, .ofs_x = 0, .ofs_y = -2}, /* U+3658 */
    {.bitmap_index = 3950, .adv_w = 288, .box_w = 17, .box_h = 16, .ofs_x = 1, .ofs_y = -1}, /* U+3666 */
    {.bitmap_index = 4086, .adv_w = 288, .box_w = 18, .box_h = 17, .ofs_x = 0, .ofs_y = -2}, /* U+36C3 */
    {.bitmap_index = 4239, .adv_w = 288, .box_w = 17, .box_h = 16, .ofs_x = 0, .ofs_y = -1}, /* U+36DA */
    {.bitmap_index = 4375, .adv_w = 288, .box_w = 18, .box_h = 17, .ofs_x = 0, .ofs_y = -2}, /* U+36F9 */
    {.bitmap_index = 4528, .adv_w = 288, .box_w = 16, .box_h = 16, .ofs_x = 1, .ofs_y = -1}, /* U+37C3 */
    {.bitmap_index = 4656, .adv_w = 288, .box_w = 18, .box_h = 17, .ofs_x = 0, .ofs_y = -2}, /* U+3807 */
    {.bitmap_index = 4809, .adv_w = 288, .box_w = 17, .box_h = 17, .ofs_x = 1, .ofs_y = -2}, /* U+3813 */
    {.bitmap_index = 4954, .adv_w = 288, .box_w = 17, .box_h = 17, .ofs_x = 0, .ofs_y = -1}, /* U+3918 */
    {.bitmap_index = 5099, .adv_w = 288, .box_w = 18, .box_h = 18, .ofs_x = 0, .ofs_y = -2}, /* U+3944 */
    {.bitmap_index = 5261, .adv_w = 288, .box_w = 18, .box_h = 17, .ofs_x = 0, .ofs_y = -2}, /* U+39D0 */
    {.bitmap_index = 5414, .adv_w = 288, .box_w = 17, .box_h = 17, .ofs_x = 0, .ofs_y = -2}, /* U+39D1 */
    {.bitmap_index = 5559, .adv_w = 288, .box_w = 18, .box_h = 17, .ofs_x = 0, .ofs_y = -2}, /* U+39DF */
    {.bitmap_index = 5712, .adv_w = 288, .box_w = 16, .box_h = 17, .ofs_x = 1, .ofs_y = -2}, /* U+3AF0 */
    {.bitmap_index = 5848, .adv_w = 288, .box_w = 17, .box_h = 17, .ofs_x = 0, .ofs_y = -2}, /* U+3B0A */
    {.bitmap_index = 5993, .adv_w = 288, .box_w = 16, .box_h = 16, .ofs_x = 1, .ofs_y = -2}, /* U+3B0E */
    {.bitmap_index = 6121, .adv_w = 288, .box_w = 17, .box_h = 17, .ofs_x = 1, .ofs_y = -2}, /* U+3B1A */
    {.bitmap_index = 6266, .adv_w = 288, .box_w = 17, .box_h = 17, .ofs_x = 0, .ofs_y = -2}, /* U+3B4E */
    {.bitmap_index = 6411, .adv_w = 288, .box_w = 17, .box_h = 18, .ofs_x = 1, .ofs_y = -2}, /* U+3B55 */
    {.bitmap_index = 6564, .adv_w = 288, .box_w = 18, .box_h = 18, .ofs_x = 0, .ofs_y = -2}, /* U+3BBE */
    {.bitmap_index = 6726, .adv_w = 288, .box_w = 18, .box_h = 17, .ofs_x = 0, .ofs_y = -1}, /* U+3C00 */
    {.bitmap_index = 6879, .adv_w = 288, .box_w = 18, .box_h = 17, .ofs_x = 0, .ofs_y = -2}, /* U+3CC7 */
    {.bitmap_index = 7032, .adv_w = 288, .box_w = 17, .box_h = 17, .ofs_x = 0, .ofs_y = -2}, /* U+3CD8 */
    {.bitmap_index = 7177, .adv_w = 288, .box_w = 18, .box_h = 17, .ofs_x = 0, .ofs_y = -2}, /* U+3CDA */
    {.bitmap_index = 7330, .adv_w = 288, .box_w = 16, .box_h = 18, .ofs_x = 1, .ofs_y = -2}, /* U+3D14 */
    {.bitmap_index = 7474, .adv_w = 288, .box_w = 18, .box_h = 17, .ofs_x = 0, .ofs_y = -2}, /* U+3D50 */
    {.bitmap_index = 7627, .adv_w = 288, .box_w = 16, .box_h = 17, .ofs_x = 1, .ofs_y = -2}, /* U+3DB2 */
    {.bitmap_index = 7763, .adv_w = 288, .box_w = 18, .box_h = 17, .ofs_x = 0, .ofs_y = -2}, /* U+3E06 */
    {.bitmap_index = 7916, .adv_w = 288, .box_w = 17, .box_h = 16, .ofs_x = 0, .ofs_y = -1}, /* U+3E0C */
    {.bitmap_index = 8052, .adv_w = 288, .box_w = 17, .box_h = 18, .ofs_x = 0, .ofs_y = -2}, /* U+3E84 */
    {.bitmap_index = 8205, .adv_w = 288, .box_w = 18, .box_h = 17, .ofs_x = 0, .ofs_y = -2}, /* U+3EEC */
    {.bitmap_index = 8358, .adv_w = 288, .box_w = 18, .box_h = 16, .ofs_x = 0, .ofs_y = -1}, /* U+3F4F */
    {.bitmap_index = 8502, .adv_w = 288, .box_w = 16, .box_h = 17, .ofs_x = 1, .ofs_y = -2}, /* U+3FE0 */
    {.bitmap_index = 8638, .adv_w = 288, .box_w = 16, .box_h = 17, .ofs_x = 1, .ofs_y = -2}, /* U+4056 */
    {.bitmap_index = 8774, .adv_w = 288, .box_w = 17, .box_h = 16, .ofs_x = 0, .ofs_y = -1}, /* U+40AE */
    {.bitmap_index = 8910, .adv_w = 288, .box_w = 18, .box_h = 16, .ofs_x = 0, .ofs_y = -1}, /* U+40C5 */
    {.bitmap_index = 9054, .adv_w = 288, .box_w = 17, .box_h = 16, .ofs_x = 0, .ofs_y = -1}, /* U+40CE */
    {.bitmap_index = 9190, .adv_w = 288, .box_w = 18, .box_h = 16, .ofs_x = 0, .ofs_y = -1}, /* U+415F */
    {.bitmap_index = 9334, .adv_w = 288, .box_w = 17, .box_h = 17, .ofs_x = 0, .ofs_y = -2}, /* U+4339 */
    {.bitmap_index = 9479, .adv_w = 288, .box_w = 16, .box_h = 18, .ofs_x = 1, .ofs_y = -2}, /* U+4383 */
    {.bitmap_index = 9623, .adv_w = 288, .box_w = 16, .box_h = 17, .ofs_x = 1, .ofs_y = -2}, /* U+4396 */
    {.bitmap_index = 9759, .adv_w = 288, .box_w = 18, .box_h = 17, .ofs_x = 0, .ofs_y = -2}, /* U+43DD */
    {.bitmap_index = 9912, .adv_w = 288, .box_w = 18, .box_h = 17, .ofs_x = 0, .ofs_y = -2}, /* U+43E1 */
    {.bitmap_index = 10065, .adv_w = 288, .box_w = 17, .box_h = 16, .ofs_x = 0, .ofs_y = -1}, /* U+43F2 */
    {.bitmap_index = 10201, .adv_w = 288, .box_w = 17, .box_h = 16, .ofs_x = 0, .ofs_y = -1}, /* U+4403 */
    {.bitmap_index = 10337, .adv_w = 288, .box_w = 17, .box_h = 17, .ofs_x = 0, .ofs_y = -2}, /* U+44D6 */
    {.bitmap_index = 10482, .adv_w = 288, .box_w = 18, .box_h = 16, .ofs_x = 0, .ofs_y = -1}, /* U+44DB */
    {.bitmap_index = 10626, .adv_w = 288, .box_w = 17, .box_h = 16, .ofs_x = 0, .ofs_y = -1}, /* U+44E8 */
    {.bitmap_index = 10762, .adv_w = 288, .box_w = 16, .box_h = 17, .ofs_x = 1, .ofs_y = -1}, /* U+44EB */
    {.bitmap_index = 10898, .adv_w = 288, .box_w = 18, .box_h = 17, .ofs_x = 0, .ofs_y = -1}, /* U+44EC */
    {.bitmap_index = 11051, .adv_w = 288, .box_w = 17, .box_h = 16, .ofs_x = 0, .ofs_y = -1}, /* U+45D6 */
    {.bitmap_index = 11187, .adv_w = 288, .box_w = 17, .box_h = 17, .ofs_x = 0, .ofs_y = -2}, /* U+45DB */
    {.bitmap_index = 11332, .adv_w = 288, .box_w = 18, .box_h = 17, .ofs_x = 0, .ofs_y = -2}, /* U+45EA */
    {.bitmap_index = 11485, .adv_w = 288, .box_w = 18, .box_h = 17, .ofs_x = 0, .ofs_y = -2}, /* U+45F4 */
    {.bitmap_index = 11638, .adv_w = 288, .box_w = 18, .box_h = 16, .ofs_x = 0, .ofs_y = -1}, /* U+4723 */
    {.bitmap_index = 11782, .adv_w = 288, .box_w = 18, .box_h = 17, .ofs_x = 0, .ofs_y = -2}, /* U+4759 */
    {.bitmap_index = 11935, .adv_w = 288, .box_w = 16, .box_h = 16, .ofs_x = 2, .ofs_y = -1}, /* U+48BA */
    {.bitmap_index = 12063, .adv_w = 288, .box_w = 17, .box_h = 16, .ofs_x = 0, .ofs_y = -1}, /* U+48BC */
    {.bitmap_index = 12199, .adv_w = 288, .box_w = 17, .box_h = 16, .ofs_x = 1, .ofs_y = -1}, /* U+48D8 */
    {.bitmap_index = 12335, .adv_w = 288, .box_w = 18, .box_h = 17, .ofs_x = 0, .ofs_y = -2}, /* U+497D */
    {.bitmap_index = 12488, .adv_w = 288, .box_w = 17, .box_h = 17, .ofs_x = 1, .ofs_y = -2}, /* U+4983 */
    {.bitmap_index = 12633, .adv_w = 288, .box_w = 17, .box_h = 17, .ofs_x = 0, .ofs_y = -1}, /* U+4C9F */
    {.bitmap_index = 12778, .adv_w = 288, .box_w = 17, .box_h = 17, .ofs_x = 1, .ofs_y = -2}, /* U+4CA0 */
    {.bitmap_index = 12923, .adv_w = 288, .box_w = 18, .box_h = 17, .ofs_x = 0, .ofs_y = -2}, /* U+4CA2 */
    {.bitmap_index = 13076, .adv_w = 288, .box_w = 16, .box_h = 18, .ofs_x = 1, .ofs_y = -2}, /* U+4D13 */
    {.bitmap_index = 13220, .adv_w = 288, .box_w = 17, .box_h = 17, .ofs_x = 0, .ofs_y = -2}, /* U+4D14 */
    {.bitmap_index = 13365, .adv_w = 288, .box_w = 16, .box_h = 17, .ofs_x = 1, .ofs_y = -2}, /* U+4D15 */
    {.bitmap_index = 13501, .adv_w = 288, .box_w = 16, .box_h = 17, .ofs_x = 1, .ofs_y = -2}, /* U+4D16 */
    {.bitmap_index = 13637, .adv_w = 288, .box_w = 17, .box_h = 18, .ofs_x = 0, .ofs_y = -2}, /* U+4D17 */
    {.bitmap_index = 13790, .adv_w = 288, .box_w = 17, .box_h = 18, .ofs_x = 0, .ofs_y = -2}, /* U+4D18 */
    {.bitmap_index = 13943, .adv_w = 288, .box_w = 18, .box_h = 18, .ofs_x = 0, .ofs_y = -2}, /* U+4D19 */
    {.bitmap_index = 14105, .adv_w = 288, .box_w = 18, .box_h = 17, .ofs_x = 0, .ofs_y = -2}, /* U+4DAE */
    {.bitmap_index = 14258, .adv_w = 288, .box_w = 16, .box_h = 16, .ofs_x = 1, .ofs_y = -1}, /* U+B208 */
    {.bitmap_index = 14386, .adv_w = 288, .box_w = 4, .box_h = 10, .ofs_x = 7, .ofs_y = 2}, /* U+FE3F */
    {.bitmap_index = 14406, .adv_w = 288, .box_w = 4, .box_h = 10, .ofs_x = 7, .ofs_y = 2}, /* U+FE4F */
};

static const uint16_t unicode_list[] = {
    0, 1, 4, 7, 39, 71, 554, 761, 787, 793, 1432, 1465,
    3413, 3415, 3489, 3590, 3677, 3678, 4138, 4183, 4185, 4362, 4365, 4971,
    4975, 4976, 5026, 5053, 5285, 5289, 5410, 5413, 5420, 5427, 5432, 7271,
    7285, 7332, 7333, 8050, 8079, 8275, 8528, 8535, 9509, 9847, 12211, 12295,
    12307, 12318, 12365, 13207, 13210, 13502, 13662, 13725, 13736, 13750, 13843, 13866,
    13897, 14099, 14167, 14179, 14440, 14484, 14624, 14625, 14639, 14912, 14938, 14942,
    14954, 15006, 15013, 15118, 15184, 15383, 15400, 15402, 15460, 15520, 15618, 15702,
    15708, 15828, 15932, 16031, 16176, 16294, 16382, 16405, 16414, 16559, 17033, 17107,
    17126, 17197, 17201, 17218, 17235, 17446, 17451, 17464, 17467, 17468, 17702, 17707,
    17722, 17732, 18035, 18089, 18442, 18444, 18472, 18637, 18643, 19439, 19440, 19442,
    19555, 19556, 19557, 19558, 19559, 19560, 19561, 19710, 45400, 64911, 64927,
};

static const lv_font_fmt_txt_cmap_t cmaps[] = {
    {.range_start = 176, .range_length = 64928, .glyph_id_start = 1,
     .unicode_list = unicode_list, .list_length = 131,
     .type = LV_FONT_FMT_TXT_CMAP_SPARSE_TINY},
};

static const lv_font_fmt_txt_dsc_t font_dsc = {
    .glyph_bitmap = glyph_bitmap, .glyph_dsc = glyph_dsc, .cmaps = cmaps,
    .cmap_num = 1, .bpp = 4, .bitmap_format = LV_FONT_FMT_TXT_PLAIN,
};

const lv_font_t ui_font_cn_18_supplement = {
    .get_glyph_dsc = lv_font_get_glyph_dsc_fmt_txt,
    .get_glyph_bitmap = lv_font_get_bitmap_fmt_txt,
    .line_height = 20, .base_line = 3, .dsc = &font_dsc,
};
